fips,county_name,avg_annual_om_beneficiaries,avg_age,female_pct,male_pct,inpatient_stays_per_1000,outpatient_visits_per_1000,er_visits_per_1000,median_household_income,poverty_rate,bachelors_or_higher_pct
39003,OH-Allen,11454.0,72.18437227169548,0.5378718788196264,0.46212812118037366,302.3747093155229,6584.7564209970315,686.7120510441767,64038,13.3,20.1
39007,OH-Ashtabula,12356.4,71.94762228480788,0.5178023259201708,0.48219767407982905,275.7113717393416,8065.60160528471,667.686351192904,57728,17.6,16.1
39015,OH-Brown,4102.6,70.51552673914104,0.5161569102520353,0.4838430897479647,285.67250723931164,4466.972140345147,691.85393600156,71270,19.6,15.7
39019,OH-Carroll,2407.6,71.35030736002658,0.5209248546270144,0.47907514537298557,206.59578412526997,6186.326644509056,573.9325127512876,64835,12.9,16.1
39035,OH-Cuyahoga,100285.6,73.18147570538542,0.5540135973659229,0.4459864026340771,256.09061563016024,8942.833286298332,604.4137993560392,64468,16.1,36.5
39039,OH-Defiance,4982.6,71.75290009232128,0.533047633765504,0.4669523662344961,225.26392040300246,9309.958638381568,700.4776569983543,73064,10.5,19.0
39055,OH-Geauga,10516.8,74.0,0.5286614901871292,0.4713385098128708,205.02434364445458,8332.819877008214,460.34916294690396,107860,5.6,40.9
39097,OH-Madison,3347.0,72.0,0.5365039916342994,0.46349600836570065,233.46279836271287,6209.50104543173,642.187033707798,87045,8.5,24.2
39099,OH-Mahoning,19946.0,72.36805374511181,0.5390303359069487,0.46096966409305123,250.2656979715231,4666.349155587085,559.530732517798,56942,18.9,27.0
40003,OK-Alfalfa,925.4,74.0,0.5167455802896045,0.4832544197103955,208.99071076291332,5120.380390814783,557.8128515452777,64615,16.5,20.1
40013,OK-Bryan,6678.0,72.14117999401019,0.5589192153339323,0.44108078466606765,353.96827603773585,3807.726859074573,710.9014749266247,57225,16.6,26.5
40031,OK-Comanche,14276.8,71.57091224924353,0.5424264597108596,0.45757354028914043,266.8385110388883,5477.263808284771,702.3982671004707,60761,18.1,24.3
40049,OK-Garvin,3933.6,72.35941631075859,0.5487805470815538,0.4512194529184462,227.52694814927798,4201.494803625177,619.9410199816962,58556,17.0,18.3
40061,OK-Haskell,1997.2,71.56128580012017,0.5279442118966553,0.47205578810334464,237.83296450030042,4227.017821880633,602.042891277789,49806,20.8,15.5
40069,OK-Johnston,1709.4,71.72060372060372,0.5366870012870013,0.4633129987129987,296.71227345267346,4243.828229952031,846.6128546156547,52688,22.9,20.5
40077,OK-Latimer,1779.2,71.93334082733813,0.5438382868705035,0.4561617131294964,232.6888497864209,5047.437067816996,476.2814666591727,41405,20.7,10.6
40091,OK-McIntosh,3387.2,72.3610651865848,0.5350254310344827,0.46497456896551725,290.50543384506375,3623.582926381672,566.6036766237601,46281,21.1,15.9
40101,OK-Muskogee,9338.0,71.7320625401585,0.5514746626686656,0.4485253373313344,310.08781884343546,4060.890999931463,611.4585623516814,53619,19.1,18.8
41019,OR-Douglas,17638.6,72.1774517251936,0.5194626773099905,0.48053732269000937,140.23789409363553,5146.190756123502,518.4765218112549,61310,16.3,19.3
42013,PA-Blair,11360.4,71.74055491003838,0.5408847452554487,0.4591152547445513,229.00604032428433,5140.065503147776,497.0951687634239,62382,12.0,24.4
42023,PA-Cameron,703.8,72.94288150042625,0.5351073884626314,0.46489261153736855,210.85536311452117,9780.051163398693,624.6092433930095,50573,13.5,12.6
42107,PA-Schuylkill,19863.4,72.18003967095261,0.5481500448060251,0.4518499551939748,263.9528159378556,5743.608875070732,634.2318076643475,68313,12.8,19.9
42115,PA-Susquehanna,6271.0,72.56915962366449,0.5258220794131717,0.4741779205868283,207.90941163769733,6795.853915075745,510.6043512932546,68487,11.4,19.5
42119,PA-Union,4152.0,73.5684971098266,0.564813824662813,0.4351861753371869,198.21773495183044,8227.60114764451,511.2716896724471,76404,9.0,26.5
42127,PA-Wayne,9151.6,72.96831155207832,0.5282948861401285,0.47170511385987146,209.18744916080252,5574.959555343328,541.7194942785961,62381,12.1,23.4
44009,RI-Washington,14584.0,74.38369445968185,0.5515210682940208,0.44847893170597913,214.92045702413606,6017.594617873012,537.4657191044981,106638,8.2,52.4
45051,SC-Horry,67422.4,72.5927525570137,0.53488201131968,0.4651179886803199,200.8204867652294,4151.412577958958,561.1369459378486,66880,13.2,27.1
46053,SD-Gregory,899.4,73.39226150767178,0.5399115410273516,0.46008845897264844,255.05895090060042,9383.58904376251,422.72626586613296,62917,9.5,22.2
46067,SD-Hutchinson,1167.2,74.0,0.5324042152159013,0.46759578478409874,202.70730669979437,9366.004099982865,403.35848157984924,73977,12.2,28.8
46069,SD-Hyde,266.8,75.0,0.5524771364317841,0.4475228635682159,203.14841814092952,8349.32535922039,376.311857946027,73472,5.7,20.3
46083,SD-Lincoln,5971.2,72.39579983922829,0.5519034565916399,0.44809654340836014,185.49036016211147,11148.077439231643,428.3561329916934,99166,5.6,44.4
46125,SD-Turner,1089.4,73.17367358178814,0.5272553515696713,0.47274464843032865,189.8292621259409,9380.025683311915,436.0198160088122,75771,9.3,27.3
47011,TN-Bradley,10163.4,72.56853021626621,0.5557395910817247,0.4442604089182754,210.38235349194167,2232.953536127674,503.02065839187674,66552,12.7,24.4
47019,TN-Carter,4753.4,72.12029284301762,0.5400340261707408,0.4599659738292591,257.4157438002272,2613.287333277233,535.6586799848529,50135,17.1,20.6
47105,TN-Loudon,9043.0,73.59827490876921,0.5309136304323786,0.46908636956762134,176.26894280437907,3629.1496226761033,457.52514603781935,84185,12.6,29.4
47119,TN-Maury,10896.6,72.59963658388855,0.5600816309674577,0.4399183690325422,201.75099437806287,4257.786829482591,515.5185955967917,76130,9.8,28.0
47147,TN-Robertson,5726.4,71.96989382509081,0.5564912789885442,0.4435087210114558,247.13604532341435,3208.542912265996,607.7116514878459,83047,10.4,22.4
47163,TN-Sullivan,13342.0,71.96258432019188,0.5496402038674861,0.4503597961325139,215.35004203567678,2943.8764912921597,472.4179297241793,58807,15.4,26.8
48003,TX-Andrews,1103.8,72.0,0.5345111252038414,0.46548887479615875,220.5109670773691,5501.902519333213,790.5417740713899,72242,15.6,17.7
48025,TX-Bee,1886.4,72.11429177268872,0.5280815733672605,0.47191842663273953,234.4147441051739,2703.244288528414,793.5750837998303,57673,17.6,14.0
48065,TX-Carson,710.2,74.0,0.5460353139960574,0.4539646860039425,210.92650073218812,2627.1472597859756,464.3762376795269,85231,7.4,26.4
48077,TX-Clay,1763.0,73.18445830969938,0.5271846851956892,0.4728153148043109,242.5411068406126,4565.399893545094,662.5070681565513,80114,8.4,22.4
48105,TX-Crockett,441.0,73.79229024943311,0.5138277097505669,0.4861722902494331,232.19954045351474,3541.950101451247,450.3401501587302,81022,9.3,10.7
48137,TX-Edwards,325.4,72.5679164105716,0.4499137062077443,0.5500862937922557,190.53469963122308,3363.8598576521204,473.87831745543946,40313,31.9,26.1
48209,TX-Hays,17475.6,72.60103229645907,0.5377677332967109,0.4622322667032891,173.28162082904163,2392.787651656023,455.46934052393055,89097,12.1,43.2
48231,TX-Hunt,10507.0,72.56828780812792,0.5369060968877891,0.4630939031122109,264.0335049966689,4942.609681083088,707.6615542933282,71938,11.8,22.6
48249,TX-Jim Wells,2671.0,70.92399850243355,0.5191300486709098,0.4808699513290902,260.7263397828529,1971.171845001872,814.3766435492325,51896,24.7,16.3
48263,TX-Kent,116.6,74.98113207547169,0.5711967409948542,0.4288032590051458,226.41508130360205,6938.250442538594,547.1698204116639,72889,9.9,26.3
48313,TX-Madison,1210.2,73.0,0.5217352503718393,0.4782647496281606,281.11056032060816,4515.78252900347,726.3262306560898,74596,10.9,18.4
48323,TX-Maverick,3243.6,72.28813663830311,0.515151603156986,0.48484839684301395,243.98816641386114,2191.9472291342954,633.0620137748181,49568,22.8,14.3
48375,TX-Potter,9560.8,72.35660195799515,0.5426043950297047,0.45739560497029536,248.36835292025773,2665.2372293176304,589.9506080181575,53249,20.8,18.6
48413,TX-Schleicher,397.8,73.18652589240824,0.5007559074912016,0.49924409250879836,232.27753177476117,7001.50831357466,635.4952481649069,86694,9.9,18.4
48421,TX-Sherman,270.2,74.40488527017024,0.5388501850481124,0.4611498149518875,193.93042168763878,3283.493723982235,521.8356932642488,61250,10.4,30.2
48483,TX-Wheeler,810.2,73.38681806961245,0.537640187607998,0.46235981239200197,230.313514366823,5096.272537768452,628.4868008146137,60167,15.4,17.0
48485,TX-Wichita,16475.6,71.96594964675035,0.5437494246036564,0.45625057539634367,247.72391771832284,3068.027894158635,662.1549342749277,63524,16.5,25.1
49011,UT-Davis,19471.2,73.18193023542463,0.5492635132914253,0.45073648670857475,157.90499535313694,4523.675995614036,470.8903417971157,110884,6.4,39.3
49033,UT-Rich,292.8,73.18989071038251,0.5068223360655738,0.49317766393442625,114.07105450819672,3048.497293442623,366.80327137978145,79009,3.8,24.4
51029,VA-Buckingham,2288.8,72.10660608178958,0.539580260398462,0.4604197396015379,214.1733693376442,3783.6420530321566,603.4603481649773,60828,12.5,14.5
51036,VA-Charles City,1110.6,73.12443724113092,0.5303185305240411,0.46968146947595896,235.90853376553216,4487.304154691158,665.7662304700162,75417,9.4,17.3
51540,VA-Charlottesville City,4369.0,73.35802243076219,0.571563886472877,0.42843611352712285,168.41380944838633,5970.5195751705205,552.0714268299382,74824,19.6,62.5
51041,VA-Chesterfield,39544.8,72.98920717768202,0.5585134136473063,0.4414865863526936,225.61248029981184,3649.6075449009727,531.6653599664179,101931,7.1,43.8
51630,VA-Fredericksburg City,2662.8,73.16238545891542,0.5740767237494366,0.42592327625056337,277.6776385083371,3106.3542146387267,687.9975902508637,86071,13.2,46.1
51109,VA-Louisa,5770.4,72.5823859697768,0.5236039823929017,0.47639601760709827,186.7808293393872,4258.768874161236,490.0873359177873,86689,10.0,29.7
51133,VA-Northumberland,3338.8,74.5731999520786,0.5204955373187972,0.47950446268120284,186.11478943332935,4119.983256020127,547.8016019707679,66480,11.5,33.6
51735,VA-Poquoson City,1994.8,74.58502105474233,0.546615279727291,0.453384720272709,179.76738916182072,5993.9843603769805,496.79167401243234,120972,4.5,36.3
51145,VA-Powhatan,4435.8,73.39451733621894,0.5281259028811038,0.4718740971188962,202.2634147346589,3295.6850983497907,479.6429166463773,110537,4.6,35.0
50019,VT-Orleans,5375.2,71.36259115939872,0.5237285124274446,0.4762714875725555,166.840308524334,6457.359736579104,681.0537272436374,70103,11.7,30.5
53071,WA-Walla Walla,9727.2,74.18340324039806,0.5481913130191627,0.45180868698083726,167.77695357965294,3367.7522942388355,569.7425867875648,74202,12.1,29.8
55011,WI-Buffalo,2216.4,73.0,0.5231816910304998,0.4768183089695001,168.20068082476087,10341.003444071468,513.3549752301029,70479,8.4,22.1
55041,WI-Forest,1332.6,71.56896292961129,0.5036549602281255,0.4963450397718746,173.94568670268646,5978.538194762119,510.2806329731352,61071,15.2,16.1
55043,WI-Grant,5244.2,71.19793295450212,0.5595280118988596,0.4404719881011403,158.1175399488959,7364.555125086763,666.1454820601808,66858,13.0,25.6
55083,WI-Oconto,2789.2,71.16986949662986,0.5017082317510397,0.49829176824896027,160.11761152301736,4966.80050876954,549.6199393015918,75049,8.2,18.9
54023,WV-Grant,1989.8,72.36496130264348,0.5058588501356921,0.49414114986430796,242.6374563272691,6877.575621921801,801.0855780781988,62361,13.3,14.0
54085,WV-Ritchie,1311.0,71.12723112128147,0.5043586117467581,0.49564138825324183,255.682686071701,5615.865761830664,589.4736796186118,50582,21.6,14.4
54109,WV-Wyoming,2479.4,67.67629265144794,0.46405766717754293,0.535942332822457,293.9420879083649,2723.3201719044937,632.8143755102041,48440,22.6,13.1
56013,WY-Fremont,7534.2,72.19078336120623,0.5176752329378036,0.48232476706219646,176.95308994451963,2500.0663553927425,568.7664525258157,64904,12.8,26.5
56035,WY-Sublette,1679.8,72.41135849505893,0.4904238123586141,0.5095761876413858,157.63782582450293,2316.5853164781524,227.76520313132517,83597,6.9,32.3
56039,WY-Teton,3452.8,73.40998609823912,0.5000651876737721,0.49993481232622794,144.52039848239113,4882.819758178869,367.5278014017608,124172,5.7,61.1
12086,FL-Miami-Dade,97677.8,73.56898496894893,0.5628042218395581,0.43719577816044175,299.2614555452723,3727.321870698562,648.6386801062268,71753,14.7,34.4
12087,FL-Monroe,13072.0,73.39325275397796,0.4861646006731946,0.5138353993268053,194.84394753518973,3613.6168867120564,605.4008516095472,87738,10.6,38.6
12119,FL-Sumter,37950.6,75.387635505104,0.5475843269935127,0.45241567300648733,204.26554099803428,1694.3974321718233,545.0295975304739,76508,9.7,35.3
13117,GA-Forsyth,16440.6,74.18866708027687,0.5626220855686532,0.4373779144313468,208.6420272654283,3696.689899430678,480.980031855285,143784,4.3,57.1
13129,GA-Gordon,5664.0,71.74223163841808,0.5408241278248587,0.4591758721751413,228.56639800141244,4508.721746500706,659.0395398799435,63650,12.0,18.8
13131,GA-Grady,2331.6,72.70037742322869,0.5390228769943387,0.4609771230056613,212.47212045805455,4930.176716297821,653.2853012695145,58980,20.3,16.4
13143,GA-Haralson,2595.2,71.54045930949445,0.5481463856350185,0.45185361436498156,265.1818724722565,3072.364348296856,733.1997364056718,72127,15.4,17.0
13151,GA-Henry,13292.0,70.56588925669575,0.5442152437556425,0.45578475624435755,206.65059634817936,2411.4956364068616,456.93651740294916,83146,9.2,29.5
13167,GA-Johnson,777.0,71.54028314028314,0.5212539510939511,0.4787460489060488,276.1904857915058,2575.2895828571422,654.8262513770915,51028,24.2,8.4
13185,GA-Lowndes,10338.4,71.14363924785266,0.5488226766230752,0.45117732337692484,226.9016378530527,4719.995342331502,590.0719732318347,58541,19.2,27.9
13193,GA-Macon,901.0,70.34051054384018,0.5181073251942288,0.48189267480577125,236.8479374028857,2887.680366126526,582.2419551609323,41031,25.1,11.0
13209,GA-Montgomery,729.0,71.6315500685871,0.5261978875171468,0.47380211248285325,257.33881744855967,3489.7119514677643,699.862818600823,51941,20.6,19.9
13281,GA-Towns,2879.4,74.0,0.5464193234701673,0.4535806765298327,169.82704312704035,4897.687018677502,548.1697708828228,59135,13.3,31.0
13293,GA-Upson,2520.4,71.10672909062053,0.5365830344389779,0.46341696556102213,216.31486157752735,3091.8108373512146,636.248203229646,55429,19.3,15.5
13321,GA-Worth,1837.4,72.2949820398389,0.5353220311309459,0.4646779688690541,234.57057767497554,4617.829518482638,608.3596329705017,58694,24.0,11.7
19017,IA-Bremer,3710.2,74.39140747129535,0.5510919465257937,0.4489080534742062,164.3577067597434,9774.45961671069,496.30745896717156,86784,7.3,36.2
19061,IA-Dubuque,8417.0,69.56856362124272,0.5408687133182845,0.45913128668171554,212.7598786123322,3299.5366573220863,630.913627232981,77630,9.7,33.4
19063,IA-Emmet,1990.8,74.1871609403255,0.5411151396423548,0.4588848603576452,193.99236719911593,10284.910582620054,579.0637091119147,63730,9.9,17.1
19093,IA-Ida,1350.4,74.20142180094787,0.5552413507109005,0.4447586492890995,189.86967191943128,8992.29856072275,532.8791235485781,63073,11.3,21.6
19131,IA-Mitchell,2177.2,75.0,0.5358360830424398,0.46416391695756015,172.33144971523058,8603.343774049237,439.5553995406944,71365,9.5,24.9
16065,ID-Madison,2144.6,72.56793807703068,0.5380164599459107,0.46198354005408937,134.94356932761355,5264.105205940502,450.99321563928004,60160,24.5,41.8
17051,IL-Fayette,3155.2,72.76470588235294,0.5289053308823529,0.4710946691176471,252.85242643255577,7132.606490346096,725.8493939274848,60944,15.5,17.2
17141,IL-Ogle,6331.6,72.77200075810222,0.5328551171899678,0.4671448828100322,212.23703970560362,7496.367416296038,580.1377254880283,82132,8.4,24.3
17161,IL-Rock Island,13591.2,73.1104391076579,0.5403316631349697,0.4596683368650303,213.34391917269997,4832.450402791512,605.4800277782683,67159,15.5,24.7
17171,IL-Scott,737.0,73.76824966078698,0.5397551424694708,0.4602448575305292,231.2075833649932,5189.959326675712,715.8751513432836,66705,11.5,21.5
18029,IN-Dearborn,6113.2,72.18402800497284,0.5351519204344697,0.4648480795655303,254.72744979716023,5463.783283046522,607.3414738729308,84735,7.6,25.3
18031,IN-Decatur,3272.4,72.78150592837062,0.5580043393228211,0.4419956606771788,211.6489351424031,9419.080793747708,688.6688826549321,69783,10.2,20.0
18053,IN-Grant,8168.8,71.55349622955636,0.5548727622172166,0.4451272377827832,239.961811570855,6578.2979183233765,669.7189546934678,53522,19.8,20.3
18143,IN-Scott,2945.6,71.11087724063009,0.5429780010863661,0.45702199891363393,249.66049526751763,4542.775685171103,661.8685463131451,56352,16.6,12.7
18165,IN-Vermillion,2317.8,72.35248942963155,0.5502627232720684,0.4497372767279316,256.5363884459401,5674.173772508413,650.7032256277504,60200,15.3,17.6
20019,KS-Chautauqua,763.4,72.3785695572439,0.5145404506156668,0.4854595493843332,192.03565064186535,6384.857194524496,640.0314295782027,56438,14.9,18.6
20063,KS-Gove,604.0,75.20529801324503,0.5278163245033114,0.47218367549668866,317.8807917880795,13236.09272384106,481.4569655298013,66029,5.1,24.2
20083,KS-Hodgeman,378.2,74.193019566367,0.5303924907456372,0.4696075092543628,338.4452636171337,9399.259640983606,503.9661567424643,59955,6.3,30.2
20089,KS-Jewell,787.0,74.0,0.50700625158831,0.49299374841168997,258.9580813468869,7878.271931689963,532.6556585768742,52634,10.6,18.2
20163,KS-Rooks,1155.8,74.0,0.5459389859837341,0.45406101401626586,247.27461472573106,10539.366697612044,490.39624457518596,62500,5.5,23.2
20185,KS-Stafford,862.0,74.38422273781903,0.5331924361948956,0.4668075638051044,214.15313580046404,6566.125285777262,576.5661138051044,64226,10.5,27.1
20205,KS-Wilson,1772.8,72.73837996389892,0.5412999097472925,0.4587000902527076,217.73466485785198,8987.36463196074,620.2617112364621,60677,15.5,19.9
21007,KY-Ballard,1211.0,72.3588769611891,0.5303095623451693,0.4696904376548307,255.16102148637492,4206.936415986787,549.2980932452518,66164,15.0,18.4
21011,KY-Bath,1092.2,70.85863394982604,0.5198751510712324,0.4801248489287676,251.41914607214795,4834.09631770738,695.6601374839773,56541,25.3,12.3
21013,KY-Bell,3018.8,68.82483105869882,0.5090600503511329,0.49093994964886706,229.5613929243408,4440.439905081489,628.1303690804293,31354,28.8,15.8
21019,KY-Boyd,5264.4,70.5376111237748,0.5435011321328167,0.45649886786718336,272.4337129473444,9376.833079142923,668.6042064926677,61118,16.9,20.0
21071,KY-Floyd,4036.6,66.92176584254075,0.4797612148838131,0.5202387851161869,257.1470991180697,6915.522960169449,791.6563244314523,41279,28.0,15.3
21103,KY-Henry,1521.6,71.76104100946372,0.5091785751840169,0.4908214248159831,219.37435830704518,4103.969520491588,627.4973535226078,63347,16.4,15.5
21141,KY-Logan,3409.8,72.1339081471054,0.5315269810546074,0.4684730189453928,239.1342404833128,3822.3942786145813,652.413637714822,60382,16.8,16.1
21165,KY-Menifee,620.2,69.98484359883908,0.5072655917445985,0.4927344082554015,253.1441379877459,5036.7623574330855,694.9371218961626,45096,26.9,14.9
21217,KY-Taylor,3313.8,71.94640593880138,0.5318454945983464,0.4681545054016537,221.07549847908746,6967.409004055767,714.2253955036514,60456,17.5,23.0
21227,KY-Warren,10994.0,71.75321084227761,0.5412642514098599,0.4587357485901401,228.61560897034747,2601.7100278115336,562.8160727615062,65794,17.0,32.3
22013,LA-Bienville,1805.0,72.10980609418283,0.5414963878116343,0.45850361218836566,292.40998513019395,4227.811620720221,734.2936289418284,35011,29.2,13.2
22091,LA-St. Helena,1022.6,70.2918052024252,0.534337316643849,0.465662683356151,260.707998102875,6846.860943829454,839.8200618032466,41934,32.4,11.4
25011,MA-Franklin,12719.0,71.17732526141992,0.5390425788190897,0.4609574211809105,217.28123118484154,5558.251447914145,600.3459380265743,74907,12.1,40.6
24041,MD-Talbot,9903.2,74.79398578237337,0.5621773891267469,0.4378226108732531,146.55869021124485,1769.3068933072136,467.84879621132563,84811,9.3,42.0
23007,ME-Franklin,2843.0,71.1099542736546,0.500026472036581,0.49997352796341893,167.71015513893775,6990.503009300035,625.3957101723531,58675,12.2,32.0
23029,ME-Washington,5620.2,71.54741824134372,0.5253520195010855,0.47464798049891466,159.4249560264759,7011.707774235793,697.5552602967866,56024,17.1,24.7
26151,MI-Sanilac,5367.6,71.71786273194724,0.527234648632536,0.472765351367464,225.35211305238843,6293.427210589463,701.7661753036739,58863,15.3,16.5
27027,MN-Clay,5480.4,71.79085468214,0.5563563863951536,0.4436436136048464,224.65512819502231,12227.42867063353,583.169116907525,81172,13.3,39.3
27053,MN-Hennepin,71757.4,71.7772689645946,0.5488343142310061,0.45116568576899385,232.93764842873347,3522.2708588215296,616.9509960673046,97653,10.0,54.1
27101,MN-Murray,1550.2,74.38575667655786,0.5349071861695265,0.4650928138304735,180.3638150948265,9971.487544974842,506.25726975874073,74033,9.3,23.5
27143,MN-Sibley,913.4,71.17319903656667,0.522446091526166,0.477553908473834,229.9102167943946,7567.330840004379,766.5864027808188,77634,9.0,19.4
27167,MN-Wilkin,739.2,72.18208874458874,0.5438188311688311,0.4561811688311688,210.49784228896104,6423.160173917749,581.1688383928571,71410,14.1,23.0
29009,MO-Barry,3712.0,72.13582974137931,0.5181258243534482,0.4818741756465517,195.31251762392242,4920.312502904094,624.0840557812501,58346,15.2,14.6
29013,MO-Bates,1977.8,72.7634745677015,0.5460612599858428,0.45393874001415707,256.34544120740213,9579.229442046719,864.5970160177976,60733,15.9,14.8
29025,MO-Caldwell,1288.2,73.3741655022512,0.5387582828753299,0.4612417171246701,246.70082024530353,6482.999548874399,525.694766961652,64806,10.3,19.9
29079,MO-Grundy,1913.8,74.18225519908036,0.5450664855261782,0.4549335144738217,239.3144519385516,9255.19906131257,700.0731611558157,51975,17.6,16.7
29089,MO-Howard,1234.2,72.7791281801977,0.5448321179711554,0.45516788202884456,211.7971206287474,6428.779761270459,454.3834081672338,65938,12.0,28.2
29091,MO-Howell,5614.6,71.5525593987105,0.5316141096427173,0.46838589035728284,204.39565688027642,5423.253652021515,591.3867611014142,50993,20.3,17.8
29099,MO-Jefferson,15514.0,70.56315585922393,0.5353316552791028,0.46466834472089735,276.0990320368699,4453.048844514632,617.4809860886942,82851,9.0,24.7
29151,MO-Osage,1482.8,73.0,0.521976665767467,0.478023334232533,215.26843355813327,4851.362283328838,533.1804787429188,76681,8.6,24.7
29155,MO-Pemiscot,1972.6,69.34188380817196,0.5300466186758592,0.4699533813241407,280.44205360438,4176.619705191119,628.6119902362365,40089,29.6,12.6
29163,MO-Pike,2375.2,72.57704614348265,0.5362056753115527,0.4637943246884473,234.8433517177501,5880.094300008421,628.073421640283,54989,16.0,16.6
29173,MO-Ralls,1840.4,72.36644207780917,0.5187051075853075,0.4812948924146925,211.80179124103455,3821.5605239513147,509.78047865681367,65388,11.4,17.0
29185,MO-St. Clair,1378.0,72.54426705370102,0.5264288824383164,0.4735711175616836,246.15383921625542,8856.458647576197,614.2235006240929,53043,14.7,14.7
29223,MO-Wayne,1724.8,70.93378942486085,0.5114937152133581,0.48850628478664193,201.53060378014845,3665.816308719852,506.95733949443405,47226,25.7,12.7
28003,MS-Alcorn,7187.0,70.75130096006679,0.5635528175873105,0.4364471824126896,253.5967653596772,4077.556687224155,641.5750486072073,51260,15.8,18.6
28037,MS-Franklin,1414.0,71.94398868458275,0.5387610749646393,0.4612389250353606,219.66054123055162,5473.9745347100425,745.6859945544554,52939,25.4,19.0
28055,MS-Issaquena,153.6,72.61328125,0.5286532552083333,0.4713467447916666,157.65071112828437,3539.062516015625,427.08330390625,31429,16.2,8.6
28109,MS-Pearl River,6789.2,71.90543804866553,0.5393814705709068,0.4606185294290932,235.90408352088613,5748.099927617392,728.2154151858834,58135,16.5,17.0
30001,MT-Beaverhead,1913.2,73.18816642274723,0.4995836399749111,0.5004163600250887,162.97303966130045,9194.125034497178,555.9272564603806,61268,11.4,37.7
30015,MT-Chouteau,1018.8,73.0,0.5062876717707107,0.4937123282292893,157.4401182764036,7711.032577640362,460.5418112485277,58218,11.2,23.0
30023,MT-Deer Lodge,2145.6,70.38674496644295,0.4824040734526473,0.5175959265473526,181.6741284955257,8637.86350936801,652.8709988161819,57527,16.3,24.1
30057,MT-Madison,2130.0,73.19352112676056,0.4882422723004694,0.5117577276995305,129.201878028169,6640.751160816902,431.3614956995305,75250,6.2,32.6
30055,MT-McCone,428.6,74.19738684087727,0.5268152589827344,0.4731847410172655,176.85487293513765,7683.621101773216,494.6337113392441,69375,5.0,23.3
37013,NC-Beaufort,7679.4,72.70448212099903,0.5270749042893976,0.47292509571060243,211.03211519389535,3083.1054697606587,557.4654241945985,58357,17.8,21.2
37017,NC-Bladen,3446.8,71.05982360450272,0.5131104212602994,0.4868895787397006,242.25369283393292,4349.773694156899,729.4301850237902,42422,22.0,19.5
37133,NC-Onslow,19012.2,70.37188752485247,0.5276060413839536,0.47239395861604655,174.45641764656378,2382.6490498132775,496.9651083072974,68148,11.6,26.0
37165,NC-Scotland,3493.4,70.65208679223679,0.5359091601305319,0.46409083986946814,268.3918361023645,4897.120278135913,809.583782177821,45730,25.8,16.6
38027,ND-Eddy,476.2,74.0,0.528332633347333,0.47166736665266695,182.69634141117177,6325.07351600168,415.7916708945822,50850,14.2,30.5
38087,ND-Slope,126.8,73.4384858044164,0.49366719242902213,0.5063328075709779,160.88327917981073,7132.492131230283,509.46371072555206,71250,5.0,29.3
31051,NE-Dixon,808.2,74.0,0.5172106904231626,0.4827893095768374,177.18386953724328,6488.2454927245735,411.7792469685722,72454,7.3,23.4
31059,NE-Fillmore,1165.4,75.0,0.540080676162691,0.4599193238373091,195.64098330187062,9087.008749013215,422.34424225158745,76295,8.8,22.9
31099,NE-Kearney,1094.8,74.0,0.5392638290098648,0.46073617099013514,220.86225153452685,8306.174628407014,473.87651368286447,78631,7.2,34.5
31113,NE-Logan,143.2,74.8072625698324,0.5502692737430167,0.44973072625698324,209.49721033519555,6857.541912430169,446.92739315642456,74271,5.6,24.1
31155,NE-Saunders,3031.0,74.0,0.5384852721873968,0.4615147278126031,181.5902206664467,5128.8023812603105,456.1530907885186,94066,6.3,32.6
31169,NE-Thayer,1154.2,75.0,0.5250366141050078,0.4749633858949922,197.19287128747183,10301.334267128748,395.598691925143,66213,9.0,23.8
34035,NJ-Somerset,33652.2,74.19522646364874,0.5687701636148603,0.4312298363851398,221.61997869559795,3070.913641130149,436.67874878551777,140374,5.4,57.8
35017,NM-Grant,4942.0,73.37579927154998,0.5143064346418453,0.48569356535815467,136.86765157426143,3624.2007176527713,526.7503004775396,44958,19.5,30.7
35045,NM-San Juan,14388.8,71.57079117091071,0.5324769028688979,0.467523097131102,205.84065542227287,4415.4898555584905,539.2388403827978,55872,23.1,18.3
32009,NV-Esmeralda,220.6,73.38803263825929,0.45784415231187675,0.5421558476881233,172.25749256572985,2319.1296292837715,379.8730902085222,41715,12.4,21.1
36011,NY-Cayuga,8190.2,73.37249395619155,0.5366284535176186,0.4633715464823814,250.81197722644137,3919.977523628239,590.535022629484,67904,13.5,24.6
02105,AK-Hoonah-Angoon,481.0,72.41746361746361,0.44242498960498955,0.5575750103950103,137.62992232848234,7274.0124846985445,201.66321014553017,61406,14.2,24.6
01019,AL-Cherokee,3332.6,71.05371181659966,0.5237381443917661,0.4762618556082338,263.75801902418533,2575.3465712896837,616.6356556382405,53863,14.8,16.5
01029,AL-Cleburne,1896.4,72.1046192786332,0.5255236342543768,0.47447636574562324,218.41383967517402,2743.5140234233286,500.73823850453493,55345,13.7,17.0
01045,AL-Dale,5290.8,71.7114992061692,0.5387500302411734,0.46124996975882665,230.32434119981852,3777.2737544567935,709.6847122438951,54963,18.7,20.4
01059,AL-Franklin,3611.6,72.08572377893455,0.5579343061247093,0.44206569387529077,285.30291154612917,3125.3184285635175,651.179538337579,53338,19.1,15.8
01079,AL-Lawrence,3601.6,71.87722123500666,0.5380852287872058,0.46191477121279434,244.5024337127943,3245.0022143658375,597.6788059751223,66071,13.3,15.2
01087,AL-Macon,1438.8,70.50111203780929,0.5487908534890187,0.4512091465109814,221.2955455796497,3194.4676107867667,558.9379937864887,43707,24.3,21.1
05019,AR-Clark,2616.6,72.77000687915616,0.5543884430176566,0.44561155698234345,202.47647482993196,4008.0256825804486,600.0917287090117,52034,21.6,26.2
05053,AR-Grant,2508.0,72.177990430622,0.5334195374800638,0.4665804625199362,231.4194479266348,3826.315803046252,547.3684206539075,71549,13.1,21.5
05071,AR-Johnson,2958.0,71.11913455037187,0.5297367951318458,0.4702632048681542,200.60852464503043,3582.352923617309,613.8607176808654,45995,19.8,17.8
05117,AR-Prairie,1352.2,73.71379973376719,0.5306999704185771,0.46930002958142286,246.2653334122171,4597.101030054726,565.596813429966,51646,11.8,18.2
05143,AR-Washington,19908.6,72.37540560360848,0.562704283575942,0.4372957164240579,186.04021082245862,1840.601561795405,537.255262905478,70639,14.6,35.2
04011,AZ-Greenlee,673.0,73.15423476968796,0.523325676077266,0.476674323922734,161.6641838038633,2333.729557087667,487.3699809509659,71164,8.2,20.9
06009,CA-Calaveras,11292.6,72.79584860882348,0.5244168552857623,0.4755831447142376,162.23012855852505,5829.463541159697,584.3649991091512,78647,13.0,23.9
06093,CA-Siskiyou,12508.0,72.19213303485769,0.5207304764950432,0.47926952350495683,137.30412221138474,5273.105203819955,591.9571429804926,59095,16.4,23.3
08001,CO-Adams,18847.2,69.96553334182266,0.5218002504350778,0.47819974956492217,201.82306187444286,3797.020256951696,608.7694858419288,94571,9.8,29.0
08007,CO-Archuleta,2998.8,72.39015606242496,0.5013259170334801,0.4986740829665199,106.7760345471522,4779.511791523276,419.3010406162465,83065,8.2,40.9
08015,CO-Chaffee,3667.0,73.1873466048541,0.5163883937823834,0.48361160621761656,117.86200817016636,8386.855714458685,406.8175510335424,84132,8.3,47.0
08033,CO-Dolores,398.8,72.55115346038114,0.4894848044132397,0.5105151955867603,151.9558420762287,3993.4804370611832,487.46237948846533,64907,21.6,28.1
08043,CO-Fremont,5624.8,71.77414308064287,0.5111037512444887,0.48889624875551124,153.4987874306642,2051.2018249999996,278.9076721163419,62664,13.3,22.0
08059,CO-Jefferson,34044.2,72.1991998637066,0.5368385281487008,0.4631614718512992,174.0972078744691,3063.0885900969915,488.887985788475,110656,6.7,52.0
08065,CO-Lake,723.2,71.36615044247787,0.4759354258849558,0.5240645741150443,157.35618122234516,5515.486719745576,491.4269884126106,96575,7.9,49.5
08085,CO-Montrose,7306.2,73.16216364183843,0.524936867318168,0.4750631326818319,123.9768870110317,4912.074673515644,482.90493847691005,72120,11.5,28.7
12001,FL-Alachua,26725.6,73.38700721405694,0.5616366188224025,0.4383633811775975,258.2318119705451,3107.5822375505136,616.487550700452,61949,21.2,48.8
12015,FL-Charlotte,37921.4,74.18793609940562,0.5290460447135391,0.47095395528646095,240.766421542981,2011.2021011608217,521.2623987036343,69952,9.0,27.0
39005,OH-Ashland,5537.6,72.78084368679572,0.5389647934123085,0.4610352065876914,234.21698082201678,6167.364958393528,646.8145025570644,69860,13.3,22.6
39045,OH-Fairfield,11911.6,70.57785687900869,0.5302046341381511,0.4697953658618489,244.0478456613721,5305.903477658752,662.983959955002,90966,8.0,32.3
39061,OH-Hamilton,59622.8,72.56501875121597,0.5489356588419195,0.4510643411580805,239.1299855390891,5153.26017392407,536.4625409064988,72470,15.0,41.8
39095,OH-Lucas,34672.0,71.3748557914167,0.5362169923857868,0.4637830076142132,243.86248429914627,5369.75657516382,606.0740785636824,62224,17.7,29.4
39153,OH-Summit,39119.0,72.0,0.5390079444771082,0.46099205552289174,235.9365036555127,7197.101151705308,581.4054504869756,71622,12.8,35.8
40027,OK-Cleveland,28497.2,72.37960922476594,0.5621660991255282,0.4378339008744718,208.5959307777606,5518.163163941019,614.5024617695774,77068,12.9,36.2
40047,OK-Garfield,8906.0,72.77657758814283,0.5553721064450932,0.4446278935549068,220.70513551987426,5597.3950222905905,667.1457531102627,66182,12.5,23.3
40097,OK-Mayes,5346.0,72.35398428731762,0.5332604713804714,0.4667395286195286,264.08532900486347,4835.428357179199,633.520388664422,60305,16.2,18.0
40115,OK-Ottawa,4294.6,71.72840311088343,0.5382138499511013,0.46178615004889867,237.08843039165467,5367.251899306106,702.4635556838822,49947,20.9,15.0
40141,OK-Tillman,1186.4,72.5332097100472,0.5476958192852326,0.45230418071476736,262.1375674140256,4499.831448752529,629.1301624747134,48939,21.0,16.8
40145,OK-Wagoner,7753.8,71.75864737290102,0.5404460290438237,0.4595539709561763,243.75146350950502,3647.450274327427,524.3364634450205,81207,9.2,27.7
40151,OK-Woods,1467.2,75.0,0.5331121864776445,0.4668878135223555,223.55506474918212,6558.751363685931,637.2682574972737,53275,19.9,32.5
41001,OR-Baker,4598.4,72.38635177453027,0.513112891440501,0.48688710855949896,137.9610277661795,5540.013934946938,505.4366671668406,60936,14.9,26.1
41035,OR-Klamath,11118.4,71.36949561087927,0.5054150219456037,0.4945849780543963,160.85047890703697,6851.777220997626,518.2580318463089,58830,18.3,22.7
41037,OR-Lake,2009.8,72.0,0.4963326699174046,0.5036673300825953,160.7125041397154,5142.5017327296255,505.5229385112947,62787,14.9,21.1
42011,PA-Berks,45077.0,73.1910064999889,0.549919968054662,0.45008003194533797,255.91765955942054,6271.553122332454,501.39538381835524,79777,12.2,27.7
42049,PA-Erie,22451.4,71.36551840865158,0.53158804083487,0.46841195916513,232.43093909154885,3651.157606121667,559.1544223059586,63354,15.0,30.3
42061,PA-Huntingdon,4602.8,72.35456678543495,0.5350514817067872,0.4649485182932128,217.82392674893543,6724.385155340228,584.4268515903364,65557,10.6,19.2
42093,PA-Montour,1663.0,71.18749248346361,0.5374611545399879,0.46253884546001206,224.41371527360192,11781.719793277209,511.48524392062546,76976,8.8,38.7
42105,PA-Potter,2427.8,72.56166076283054,0.5264811598978499,0.47351884010215006,209.6548206771563,7390.724103847105,624.3512666529368,59020,13.0,18.2
45001,SC-Abbeville,3211.2,72.36889636273044,0.5436466741405082,0.4563533258594918,174.3896293659691,6005.169395142003,571.1260575548082,52935,15.7,20.4
45047,SC-Greenwood,9014.4,73.37943734469293,0.5547439363684772,0.44525606363152287,200.3239316249556,5986.909829437344,541.3117048655484,52830,15.1,24.7
46047,SD-Fall River,1795.2,72.58745543672015,0.5056997883244206,0.49430021167557936,169.67467704991088,7266.265583299911,497.9946496546346,67917,16.6,29.4
46075,SD-Jones,191.4,73.4085684430512,0.47023322884012536,0.5297667711598746,154.64993887147335,5681.295699059561,362.5914293625914,65119,18.3,27.4
46093,SD-Meade,3480.8,71.38841645598713,0.5155292174212825,0.4844707825787176,170.99517484486324,7513.560085681453,392.8407424672489,74790,7.1,27.8
46129,SD-Walworth,1208.0,74.3728476821192,0.5255103476821191,0.4744896523178807,211.4238209933775,8721.35763370861,500.6622652152318,65026,14.9,29.6
47029,TN-Cocke,3732.0,71.13965702036441,0.527544914255091,0.47245508574490896,198.17790052518757,2585.9056782207927,557.0739329581993,48016,21.9,11.0
47091,TN-Johnson,2032.8,72.36432506887053,0.5285274006296734,0.4714725993703266,203.7583712514758,4269.382119303424,630.0669042896498,53129,21.4,17.5
47093,TN-Knox,40501.6,72.97712189148083,0.5594819686135857,0.4405180313864144,203.71045228731703,2623.9951103907006,442.0911697671203,74222,12.2,41.0
47109,TN-McNairy,4167.8,72.56581409856518,0.5475386054993041,0.45246139450069583,221.79566717212916,2870.0033776812706,536.3501063342771,53473,16.5,13.0
47151,TN-Scott,1974.2,70.71704994428123,0.5222361361564178,0.4777638638435822,244.65608076182758,2287.204946509979,600.6483924019857,44711,23.1,12.9
47155,TN-Sevier,9974.2,72.3708367588378,0.5400064025184977,0.4599935974815023,186.8420582823685,3473.240969276734,472.2383611537768,62581,13.5,21.8
48013,TX-Atascosa,3237.6,71.1767976278725,0.5169411230541141,0.4830588769458859,233.19741605510256,2331.2330257165804,604.7071834198173,70770,15.8,15.7
48019,TX-Bandera,3877.8,72.78848831811852,0.5195287431017587,0.4804712568982413,176.18235865181285,1876.9405199700861,429.47033800092834,75813,13.5,27.2
48131,TX-Duval,891.2,72.0475763016158,0.49775291741472166,0.5022470825852783,283.8868822037702,2047.800738509874,883.3034232719926,49038,33.3,6.8
48191,TX-Hall,473.4,73.36586396282213,0.5348451204055766,0.4651548795944233,242.9235408534009,3384.452905787917,682.7207349809886,48459,16.3,21.4
48203,TX-Harrison,6711.6,72.36596340663925,0.5345994397759104,0.46540056022408965,234.99612836879433,4796.44198168246,667.2030492609811,66103,15.6,22.7
48205,TX-Hartley,430.4,76.0,0.5525343866171004,0.44746561338289964,203.066905901487,7743.029745864312,660.3159891728625,75841,9.4,20.7
48217,TX-Hill,4108.8,72.76679322429906,0.5184366968457944,0.48156330315420554,233.2067833089953,2937.986769718653,562.0619034852025,64591,14.7,18.0
48243,TX-Jeff Davis,432.0,74.0,0.4772947685185185,0.5227052314814815,144.44446722222222,2562.4999789814815,421.75927189814814,59286,23.9,35.9
48307,TX-McCulloch,1353.8,72.95272566110208,0.5191049785788151,0.48089502142118484,216.7232917860836,5645.294724021273,761.7077614861871,54043,15.3,23.9
48325,TX-Medina,4588.4,71.97018568564205,0.5079272426118037,0.49207275738819634,202.07477335890508,2529.4656047946996,486.83637771772294,78074,9.6,23.1
48337,TX-Montague,3538.2,73.38742863602963,0.5393244418065684,0.46067555819343164,250.2967667684133,4146.176029970042,646.1477496919338,64545,14.2,18.9
48373,TX-Polk,9761.4,72.56455016698425,0.4858640686786731,0.5141359313213268,185.2193137972012,3037.3307098121168,506.7715992111787,62259,17.5,16.2
48397,TX-Rockwall,9370.8,73.0,0.5534951508942673,0.44650484910573274,202.99228300678703,3056.0891112263625,539.3989713300892,127981,4.0,44.5
48403,TX-Sabine,2215.0,73.0,0.49787748081264105,0.502122519187359,220.58692989616253,4261.399541995485,636.5688459413093,66585,11.0,14.3
48411,TX-San Saba,916.4,74.0,0.5168068310781317,0.48319316892186814,188.12745905718026,5219.9912814055,475.99304009166303,55819,10.7,24.0
49001,UT-Beaver,1131.2,72.4009900990099,0.5190862093352193,0.4809137906647808,145.33241048444128,5084.688831895332,461.1032508132957,79360,6.6,23.5
49023,UT-Juab,1159.8,73.13933436799448,0.51784069667184,0.48215930332816004,209.173994274875,6114.157627556475,583.8937617175376,101786,6.9,20.0
49027,UT-Millard,1871.0,73.1830037413148,0.5042600534473544,0.4957399465526456,153.82148436130413,3666.0609193372525,434.6338913308391,73639,7.7,24.3
49057,UT-Weber,16951.6,72.36493310365984,0.5474258193916799,0.4525741806083201,162.8636946412138,3672.384903071097,529.5783179027349,90005,8.1,28.5
51015,VA-Augusta,13394.8,73.96374712575029,0.539928511063995,0.460071488936005,175.48602537402576,6548.959299484875,564.2786617463493,82049,6.6,25.1
51019,VA-Bedford,13662.6,73.37660474580241,0.5366097741279113,0.4633902258720888,185.0306739288276,3950.536509118323,450.60237900692397,78937,8.1,33.7
51035,VA-Carroll,5691.2,72.94324571267923,0.5362451012088839,0.4637548987911161,197.95474842915377,5087.890079582514,600.7520336132978,54484,15.3,16.9
51053,VA-Dinwiddie,3544.4,72.7212504232028,0.5486060094797427,0.45139399052025736,255.50163378286877,2863.1080087010496,656.8671586446226,83704,11.7,19.4
51077,VA-Grayson,2972.6,73.36156899683779,0.5267385319249143,0.47326146807508573,176.47849496064052,4483.549756832403,579.5599731211734,47730,16.5,15.5
51770,VA-Roanoke City,10314.4,72.32143411153339,0.5761166349957342,0.42388336500426593,240.96409795819434,4322.539362997362,625.8822742282633,55378,18.3,30.0
51167,VA-Russell,3354.4,70.91169806820892,0.527077671118531,0.4729223288814691,241.5335084366802,3565.1085286608636,730.860983865967,50012,16.7,13.1
51179,VA-Stafford,13232.2,72.59036290261635,0.5519133205362676,0.4480866794637323,227.09754624627806,3075.7092488354165,555.3120391650671,137807,4.7,43.8
51185,VA-Tazewell,5833.6,71.11296626439935,0.5370578990674713,0.4629421009325288,205.29347515770706,3708.104784935546,683.7630097366979,47313,18.5,16.6
51191,VA-Washington,7443.6,72.95870277822559,0.5434744021709925,0.45652559782900753,237.78817070772206,3961.120951966791,573.4859528239025,64552,11.1,26.7
50017,VT-Orange,5575.6,72.0,0.5282535117296793,0.4717464882703207,176.66262678814834,8107.001943410574,566.1094588492718,82232,9.3,38.4
53031,WA-Jefferson,12008.2,73.78231541779783,0.5285776569344282,0.4714223430655718,119.23521079928716,7896.720575973086,457.40411854399497,74048,11.1,43.9
55029,WI-Door,5838.0,73.7891058581706,0.5385558513189448,0.46144414868105516,139.43131605344297,8153.956840342584,484.30969007879406,74795,7.7,37.4
55035,WI-Eau Claire,11476.4,70.37295667630964,0.548265909170123,0.451734090829877,205.7265242584783,8272.280503372136,698.0760621919767,74546,11.8,36.8
55061,WI-Kewaunee,1657.2,72.0,0.5120568790731354,0.4879431209268646,170.52858735216026,4550.567212080618,496.1380630823075,82725,7.6,21.9
55065,WI-Lafayette,1908.4,71.0,0.5061961328861874,0.4938038671138126,171.76692208132468,9056.487115080696,581.0102742402013,76462,11.9,22.6
55079,WI-Milwaukee,51490.4,71.16892080853907,0.5507740258378261,0.4492259741621739,281.04270395413516,5452.363943874975,742.2315666174666,64435,17.2,34.7
55107,WI-Rusk,2061.2,70.3537745002911,0.5163932660586067,0.4836067339413934,176.40211630118378,7658.936542227827,675.819942732389,59944,13.1,16.9
55119,WI-Taylor,1889.2,71.0,0.5123862904933305,0.4876137095066695,169.1721198920178,8259.263180933729,571.776442377726,69350,9.6,17.0
55125,WI-Vilas,5158.8,73.0,0.5062935101186322,0.4937064898813677,182.3292242188106,6553.306958156936,625.649389633248,68431,11.1,30.9
54043,WV-Lincoln,2064.2,68.66311403933727,0.4751672415463617,0.5248327584536383,270.22574805735877,5855.827906743532,633.1750904466621,46205,23.2,8.1
54061,WV-Monongalia,6550.0,72.3652213740458,0.5371984977099237,0.46280150229007627,255.26717046717556,7829.160288247328,607.7862742198473,65346,19.7,48.9
54079,WV-Putnam,5685.6,71.35229351343746,0.534960873082876,0.46503912691712396,223.01954017869704,6032.151392992824,587.3786361685662,79527,10.6,29.1
54103,WV-Wetzel,1813.8,71.94585952144669,0.5131770316462676,0.4868459036277429,263.3145837137502,7724.556181298929,809.460795677583,56836,16.0,17.1
56001,WY-Albany,4591.2,72.38748039728176,0.5247771258058895,0.47522287419411047,156.6039428166928,5662.615420308416,523.087653824708,61917,20.9,55.0
12103,FL-Pinellas,94858.6,73.78380030909163,0.5566941470778611,0.44330585292213887,273.0000206032979,2350.62715849127,618.9085694321864,72646,11.5,36.8
12111,FL-St. Lucie,38840.4,73.38453260007621,0.5390627037826593,0.46091778457482413,278.9466611950443,3208.0720121280933,674.8643408131738,71457,12.3,26.7
13039,GA-Camden,5610.4,71.595822044774,0.5300080279480964,0.4699919720519036,209.36118879224298,3695.9218672964494,618.8863509838872,74378,12.9,24.6
13059,GA-Clarke,8295.0,72.94324291742014,0.5674006172393007,0.43259938276069926,210.84989587944543,4049.282699156118,554.1169211549127,53625,26.0,47.4
13083,GA-Dade,1843.2,71.94270833333333,0.5316763888888888,0.46832361111111115,187.17447495659724,2180.7725645833334,471.1371459201389,64568,8.2,18.4
13085,GA-Dawson,3015.2,72.59651101087822,0.5327088153356329,0.46729118466436714,214.31413150703102,3580.061017610772,505.70443563942683,92991,8.5,36.4
13091,GA-Dodge,1990.6,71.54566462373154,0.5343183160856022,0.4656816839143977,230.08136884356475,4268.361283160856,718.9791787099366,51587,21.5,17.2
13107,GA-Emanuel,1845.0,71.08390243902438,0.5180522601626016,0.48194773983739836,276.0975685745258,3373.333352086721,764.8780605853659,52772,25.7,13.5
13267,GA-Tattnall,1677.4,71.53988315249791,0.527243662811494,0.47275633718850607,251.579800500775,2782.16286657923,557.8872094670323,50747,23.4,15.4
13287,GA-Turner,634.0,71.33943217665615,0.5340771608832808,0.46592283911671917,211.04102996845424,5044.794955425868,493.37538435331226,36799,20.3,9.8
13307,GA-Webster,205.0,73.20585365853658,0.4819370731707317,0.5180629268292682,231.21952975609756,3253.658524780488,483.90243717073173,46792,22.3,8.9
15009,HI-Maui,11078.0,72.59135222964434,0.5071079671420834,0.49289203285791655,120.96046579707527,1985.9902435764582,426.2502154973822,97161,9.2,31.0
19003,IA-Adams,937.6,72.58191126279864,0.5281464377133106,0.47185356228668945,195.17916348122867,11536.689416574232,649.9573379692832,71875,9.1,27.0
19089,IA-Howard,1985.8,74.0,0.5447863329640447,0.4552136670359553,186.22216082183505,10222.882467781246,592.6075189948635,67446,8.9,19.5
19115,IA-Louisa,1581.2,73.1868201366051,0.5278604477611941,0.472139552238806,177.33363967872504,6799.392846724007,561.8517476726537,77354,9.8,16.8
19137,IA-Montgomery,2049.4,73.37191373084805,0.5505120620669465,0.4494879379330536,235.38597593441983,9874.011889226116,646.4331217234313,63666,15.3,20.4
19143,IA-Osceola,1220.4,74.80875122910521,0.5514507046869879,0.4485492953130121,154.53950637495902,9560.472000606358,429.36740902982626,69239,16.0,16.7
19171,IA-Tama,2497.6,74.0,0.5451568946188341,0.45484310538116596,192.9852642696989,6237.508011971494,541.8802100256246,70781,14.8,20.5
19181,IA-Warren,5932.0,73.3841874578557,0.5545324072825354,0.4454675927174646,186.41268677680375,2718.8469275118005,384.1537244639245,94588,5.1,33.3
16029,ID-Caribou,1316.4,72.58523245214221,0.5075797022181707,0.4924202977818292,174.415072698268,6822.394400592526,534.3360738529323,68782,9.2,16.8
16039,ID-Elmore,2805.8,71.56818019816095,0.5090802765699621,0.4909197234300378,163.2332960795495,5781.666548328463,596.8351194525626,65359,10.5,22.4
16073,ID-Owyhee,990.4,71.14398222940225,0.4797945274636511,0.520205472536349,157.51211896203554,4923.263311147011,470.92085034329557,64406,12.2,12.4
17015,IL-Carroll,2593.8,73.5824658801758,0.5270395481532886,0.47296045184671137,191.61079346904157,6572.210652532963,510.0624693422778,60758,14.2,17.8
17043,IL-DuPage,92847.6,74.0,0.5615796373842727,0.4384203626157273,227.78618572908724,4406.4165466148825,494.2486318524119,112096,6.6,51.8
17053,IL-Ford,1964.0,73.58564154786151,0.5404390427698574,0.4595609572301425,251.52748917515277,9598.574340152749,617.820777107943,62439,12.4,18.9
17059,IL-Gallatin,972.2,72.94198724542275,0.5309507714462046,0.4690492285537955,275.8691647397655,6695.947350216006,651.5120599465131,59219,13.6,13.6
17067,IL-Hancock,3502.4,73.78009365006852,0.5278597590223847,0.4721402409776153,204.31704522042028,5901.952919569439,593.764288208086,65865,12.3,25.1
17085,IL-Jo Daviess,2715.0,72.78187845303867,0.5254504604051566,0.4745495395948434,166.99816411049724,5910.055259447514,473.4438459226519,73993,7.8,28.9
17117,IL-Macoupin,7177.8,72.76516481373123,0.5286248822759063,0.47137511772409374,232.6339599487308,6145.55991979158,641.477881261668,70805,13.1,20.3
17123,IL-Marshall,2044.0,73.78287671232877,0.5352984050880627,0.4647015949119374,215.3620400880626,4673.8747601565565,505.47945150684933,71585,11.4,18.0
17167,IL-Sangamon,18920.0,71.55580338266385,0.5447640591966173,0.45523594080338275,257.780144153277,3784.5137491765327,692.4101446458774,75357,13.1,36.6
18003,IN-Allen,24902.4,70.56607395271139,0.5470836987599589,0.4529163012400411,246.15300186166795,4752.208648041153,632.918919052782,70737,12.5,31.6
18011,IN-Boone,6643.4,73.79061926122166,0.556836728181353,0.4431632718186471,218.56278003733027,5994.069318580847,584.1587335189812,111250,4.5,51.7
18107,IN-Montgomery,4427.6,71.59282681362363,0.5523300388472311,0.44766996115276897,229.10832641611705,4808.383796657332,653.8530990062337,71479,10.5,20.4
18135,IN-Randolph,3749.0,73.36361696452387,0.545490658842358,0.4545093411576421,249.34648997065884,5094.371826364363,611.4697155401441,60791,15.8,15.1
18151,IN-Steuben,3318.2,71.7749382195166,0.5247903742993189,0.47520962570068104,184.61817322644808,6279.187511283226,594.4789501115062,74911,9.3,25.6
18173,IN-Warrick,7711.4,72.57968721632908,0.5492876909510594,0.4507123090489405,242.23879029488808,6909.821814191976,528.3346747776021,89844,7.0,35.2
20101,KS-Lane,404.8,74.18972332015811,0.5459404150197629,0.45405958498023713,229.2489971837945,8985.671943428853,489.13044570158104,54526,7.0,24.4
20105,KS-Lincoln,738.4,73.0,0.5219603196099675,0.47803968039003253,232.3943647887324,7289.815838976165,564.1928504062838,57500,11.3,25.9
20149,KS-Pottawatomie,3394.0,73.0,0.5331289157336476,0.4668710842663524,194.40188742486743,6090.689434348851,483.8538666352387,92325,6.7,38.2
20167,KS-Russell,1620.0,73.38148148148149,0.5347021358024692,0.46529786419753083,257.1605014074074,10195.061718049383,653.8271657283951,62392,14.7,19.7
21111,KY-Jefferson,70750.6,72.96350560984642,0.5563108114984184,0.44368918850158157,232.10262060957785,3927.1892954929,562.7853269606195,69866,14.3,37.0
21117,KY-Kenton,12312.2,71.96038076054646,0.5388247266938484,0.46117527330615155,287.5359576014035,5655.025111166161,610.890011910138,80548,11.8,37.4
21125,KY-Laurel,6056.2,69.85254780225223,0.5094857864667613,0.4905142135332387,232.02670266833988,4160.959038258315,660.4141192761138,57771,20.5,17.5
21127,KY-Lawrence,1773.2,68.83397247913376,0.49007426122264824,0.5099257387773516,242.1610569140537,5711.143710049629,795.2853653507783,46772,21.8,14.6
22031,LA-DeSoto,3416.0,72.7255269320843,0.5351711943793911,0.4648288056206089,268.20844512880564,5030.854779660422,630.3278502517564,48578,21.5,16.0
22075,LA-Plaquemines,1080.0,69.90018518518518,0.5179619629629629,0.482038037037037,214.2592408148148,6600.740727333333,579.4444237962964,86315,12.9,21.5
24029,MD-Kent,4966.0,74.0,0.5558978977043899,0.4441021022956101,155.17518095851793,3558.2762777406365,600.8054779339508,80147,9.7,39.6
23023,ME-Sagadahoc,4249.4,72.96300654210006,0.5334430696098273,0.46655693039017265,168.40026638113616,8087.353490577494,540.3586354544171,87806,10.0,44.2
26043,MI-Dickinson,3724.6,72.55936207914944,0.5277152123717983,0.4722847876282017,155.77515088331631,6061.751603791011,530.4193873328679,65156,10.5,25.3
26047,MI-Emmet,4903.6,72.57027490007341,0.5311614283383637,0.46883857166163634,180.47962724121058,5224.365769969002,519.2103985480055,78112,8.5,41.6
26069,MI-Iosco,4308.0,71.54883936861653,0.5128073166202414,0.4871926833797585,194.84678878830084,5516.295244749304,636.3045440343548,50066,17.7,19.3
26077,MI-Kalamazoo,17704.4,71.54801066401572,0.5539562267007072,0.44604377329929285,201.88201695171819,8424.933914772599,574.8062583097986,72532,12.7,41.3
26099,MI-Macomb,75682.8,72.36298339913428,0.5740134384562939,0.4259865615437062,292.4099061324369,4492.666780160089,619.2952654759073,77837,10.4,27.7
27007,MN-Beltrami,5008.4,71.18009743630701,0.5337740276335756,0.46622597236642443,239.23805863748902,13226.739068261322,703.2585357798897,68975,16.1,31.8
27017,MN-Carlton,2666.4,69.3966396639664,0.49782689768976895,0.502173102310231,219.39693762376237,9210.696052280227,689.2439461296129,80573,11.9,26.5
27109,MN-Olmsted,16298.2,73.18940741922421,0.5681597464750708,0.43184025352492916,211.79026995005586,4617.8719028138075,567.2282914456811,95406,7.5,49.4
27137,MN-St. Louis,14771.8,69.17358751133918,0.4995736484382404,0.5004263515617596,207.70660321694038,8989.737202112132,707.2529919278626,70069,13.2,33.6
29003,MO-Andrew,2880.6,73.18523918628064,0.5413608900923419,0.4586391099076581,213.77491578837743,9205.026734263694,479.2057215441228,75625,6.2,28.8
29005,MO-Atchison,1217.0,73.37945768282663,0.5308202793755136,0.46917972062448643,228.9235590468365,8776.499585834019,648.9728759737059,58750,11.6,22.2
29071,MO-Franklin,6873.8,71.17661264511624,0.5315066688003725,0.4684933311996276,258.9833890104455,5180.482414708022,670.458838912974,73165,8.2,23.7
29125,MO-Maries,1101.0,72.9229791099001,0.5329584559491372,0.4670415440508629,233.96910999091736,5430.881021380564,582.1979928065396,59455,13.5,16.3
29133,MO-Mississippi,1903.6,71.54055473839041,0.5495805946627442,0.45041940533725566,231.24608400924564,6696.574935763817,539.3990461756672,48160,19.0,14.7
29139,MO-Montgomery,1604.0,72.35399002493766,0.5348108728179551,0.46518912718204486,207.7306922693267,4865.835406571072,482.5436517082294,65500,13.9,17.7
29145,MO-Newton,6990.8,72.56768896263661,0.5389309435257768,0.46106905647422325,221.31943112376266,7340.390230817647,543.6001517909252,66301,13.5,23.5
29149,MO-Oregon,1482.4,71.69387479762547,0.5264731786292499,0.47352682137075014,224.90557025094444,6026.713420264436,549.1095321505667,43069,23.6,12.6
29209,MO-Stone,4610.4,72.56151310081555,0.5137214731910463,0.4862785268089538,169.39962536873156,5212.259238925039,452.0649088712476,63520,13.9,24.8
29219,MO-Warren,2701.8,70.9405581464209,0.5227138278184914,0.47728617218150865,252.64637928047966,6076.911676504552,572.3591789991857,81209,8.0,20.2
28009,MS-Benton,1208.8,70.71872931833224,0.5276161978821973,0.4723838021178028,264.55988590337523,3158.8351923891464,680.8404959629385,46016,21.5,12.8
28013,MS-Calhoun,2599.8,71.6509731517809,0.5472621278559889,0.4527378721440111,240.7877493037926,6469.266843926456,650.5885071159319,43125,20.4,12.1
28019,MS-Choctaw,1618.0,71.51532756489493,0.540545587144623,0.45945441285537697,206.55131529048208,5533.992586229914,753.0284330284302,50919,18.4,20.1
28043,MS-Grenada,3674.0,70.8943385955362,0.5602759662493194,0.4397240337506804,230.91998111050623,5577.245518230811,685.846514953729,48804,24.6,21.8
28063,MS-Jefferson,936.4,69.67663391712944,0.5495513669372063,0.4504486330627936,262.06748329773603,3829.1328524562155,793.4643494873985,38305,32.5,13.4
28119,MS-Quitman,826.6,70.3094604403581,0.5364343092184853,0.46356569078151466,271.7154510041132,3021.5339887248974,766.755368134527,32412,29.6,17.1
28163,MS-Yazoo,2866.6,71.70536524105212,0.5559539733482174,0.4440460266517826,253.12215037326447,3597.502273222633,680.4576918509733,39295,30.8,15.3
30003,MT-Big Horn,1242.0,71.36892109500805,0.5478406763285024,0.4521593236714976,289.0499265217391,8118.196465587763,773.2689377938808,58750,22.1,17.8
30009,MT-Carbon,2089.6,72.20147396630934,0.498579661179173,0.5014203388208268,129.97703669601836,6997.702905541731,418.54901495022966,80261,7.8,34.6
30063,MT-Missoula,16929.2,71.59718120171065,0.52698619072372,0.47301380927628006,149.7294893769345,4465.586092994353,501.00420081279674,75598,10.1,47.4
30081,MT-Ravalli,9486.6,72.39575822739442,0.5176193557228089,0.4823806442771911,133.4302953344718,5936.0361011384475,482.89166588240255,71283,8.8,28.7
30105,MT-Valley,1660.4,73.0,0.5158992050108407,0.48410079498915926,159.9614621657432,6561.7923198747285,630.9322774753072,71695,10.1,25.7
37049,NC-Craven,17720.8,72.75694099589184,0.5416994244052188,0.4583005755947813,203.04952776736943,2807.040319595052,521.7032858606834,65873,13.7,27.5
37069,NC-Franklin,6639.4,71.56209898484803,0.5360686266831339,0.463931373316866,205.68124202488178,2429.556894544688,576.3171235533331,74240,11.1,27.0
37149,NC-Polk,4172.4,74.38189051864634,0.5622612836736651,0.437738716326335,170.9807312769629,5142.220307079858,529.0001046016682,67758,14.0,36.2
37151,NC-Randolph,8618.8,71.3352902956328,0.527515324639161,0.4724846753608391,230.61215624680932,3434.027927959808,592.3562494848471,61022,14.5,17.9
37153,NC-Richmond,4827.0,70.8226641806505,0.5411283530142945,0.45887164698570543,248.1458337145225,4518.665863845038,815.496169948208,44883,25.2,16.0
37187,NC-Washington,1879.0,72.44715274081959,0.5165567216604577,0.4834432783395423,212.134123948909,3542.5226180415116,738.7972254922832,41813,24.1,14.8
38093,ND-Stutsman,2505.4,71.72611159894628,0.5281523509220084,0.47184764907799154,175.0618617785583,5148.638923102099,645.2462450307336,61856,12.6,25.9
38099,ND-Walsh,1956.8,73.38195012264923,0.5170691843826656,0.4829308156173344,218.41782590964843,9536.181518704007,482.21585527391653,71944,11.2,19.2
31001,NE-Adams,4778.8,73.36887921653971,0.5584236628442287,0.4415763371557713,196.61839612455012,5100.652872110152,486.48197570101274,68365,12.7,29.6
31007,NE-Banner,82.8,73.39371980676329,0.47344782608695657,0.5265521739130435,217.3913260869565,4620.772943236714,388.8888683574879,78839,7.7,33.3
31047,NE-Dawson,3377.6,73.1915561345334,0.5329560457129324,0.46704395428706774,191.2600913015159,9210.267652261962,468.32069745973473,69880,10.8,17.6
31077,NE-Greeley,472.8,75.0,0.5389124788494077,0.4610875211505922,165.39764255499153,7261.844325000001,402.7072868866328,63929,13.1,21.3
31121,NE-Merrick,1361.4,74.18378140149846,0.5318127368884972,0.4681872631115028,184.95665224034082,7151.021016336124,430.4392400763919,68354,7.9,18.3
31171,NE-Thomas,181.8,73.78437843784378,0.5181314631463146,0.4818685368536854,213.42134653465348,5046.204632123212,410.34101122112213,65000,8.9,28.7
33003,NH-Carroll,11485.2,72.79176679552816,0.516882406923693,0.4831175930763069,158.98720488106432,7954.0626255807465,564.0824648277784,86463,7.6,38.6
34009,NJ-Cape May,19246.4,73.39022362623659,0.5537113974561476,0.4462886025438524,229.67413656476018,4174.9833609225625,523.8070537191371,91128,8.7,39.0
34041,NJ-Warren,14019.6,73.0,0.5573033781277641,0.442696621872236,266.44126863961884,5674.855178734058,616.0090137079518,100869,8.3,36.5
35025,NM-Lea,6440.6,71.94224140608019,0.5313638356674844,0.46863616433251565,186.3491036580443,6116.666141434029,724.5908667235972,68015,18.7,15.5
32001,NV-Churchill,3980.0,72.5559296482412,0.5165842964824121,0.48341570351758795,193.3165764321608,4909.246223693468,692.9648094221105,79163,8.1,17.7
32013,NV-Humboldt,2789.2,71.21016779004732,0.5043036713035997,0.4956963286964004,168.86561982647356,4776.996967037143,582.3174985874086,81073,10.6,19.3
32027,NV-Pershing,951.6,71.60130306851619,0.49957507356031944,0.5004249264396805,172.9718337326608,5657.62925767129,683.6906213955443,66902,11.8,6.1
36027,NY-Dutchess,36524.0,73.18310699813821,0.5476356132953675,0.4523643867046326,245.2798299381229,3438.007883692367,562.6273143505641,99478,8.4,41.6
36029,NY-Erie,49424.4,69.95354521248613,0.5312300046131062,0.4687699953868939,221.5666486205194,3293.0374353412485,576.5492303955132,72839,13.9,38.0
36039,NY-Greene,5770.2,72.18297459360161,0.5199262833177359,0.480073716682264,213.19884385983156,5323.0737105507615,495.8580337527295,77945,9.9,29.9
36053,NY-Madison,6409.0,72.37359962552661,0.5438536776408176,0.45614632235918245,198.34606395069434,4670.619450310501,556.8107209954752,75499,10.0,29.6
36063,NY-Niagara,12893.2,70.35763037880433,0.5278341311699191,0.4721658688300809,211.86360259516644,4583.640986247014,600.0217246005647,69633,13.5,28.0
02060,AK-Bristol Bay,125.6,73.0,0.4251515923566879,0.5748484076433121,184.89068489065608,3414.0127272293,178.34395541401275,95625,9.3,20.9
02100,AK-Haines,609.0,72.4167487684729,0.4985188505747127,0.5014811494252873,113.95729070607553,8646.633835369457,179.63875954022987,86927,5.4,34.1
02158,AK-Kusilvak,514.8,70.0,0.4786258741258742,0.5213741258741258,183.76069518259519,3844.599844250195,49.33954393939394,51471,32.4,5.8
02290,AK-Yukon-Koyukuk,787.0,72.19669631512072,0.45796327827191874,0.5420367217280813,157.81448891994918,3634.815758653113,467.09020640406607,55741,16.0,16.0
01051,AL-Elmore,7170.0,71.57023709902371,0.532206630404463,0.46779336959553697,227.47556985495115,3875.174326320781,539.0516035481171,78243,10.3,25.4
01055,AL-Etowah,10026.4,70.6989547594351,0.5485372656187665,0.4514627343812336,305.6331353387058,2689.1207394857574,603.6064505305992,54563,16.9,18.1
01099,AL-Monroe,1955.6,71.25680098179586,0.5358967682552669,0.464103231744733,224.7903465739415,3098.1795785743507,736.4491746880752,42292,20.1,11.7
01127,AL-Walker,5870.4,71.3469610248024,0.5270215044971382,0.47297849550286186,268.15889881439085,2257.3589304578904,544.8010412169529,56509,18.5,16.6
01133,AL-Winston,2819.4,72.34986167269632,0.53139748882741,0.46860251117258994,305.95162589912746,2455.4160319216853,606.6538979002625,57256,18.7,14.3
05041,AR-Desha,1526.4,71.87290356394129,0.5441529612159329,0.45584703878406707,250.26204053983227,5871.331235587001,735.0628983490567,37662,28.3,12.6
05107,AR-Phillips,1999.2,70.8467386954782,0.5330208383353342,0.4669791616646659,214.28573647458984,3140.156081772709,669.2676893857542,40134,29.3,15.0
05141,AR-Van Buren,3042.6,72.7728916058634,0.5305876092815355,0.4694123907184645,193.1242950700059,5136.988098718202,585.4203522973772,50354,19.1,15.0
05147,AR-Woodruff,1014.2,72.35338197594163,0.5290817984618419,0.4709182015381581,313.15323072372314,4436.797472253994,558.4697431670281,48158,24.1,16.2
04027,AZ-Yuma,20912.8,74.0,0.5120003978424696,0.48799960215753024,173.34837375100415,6022.149095415248,520.1503354691864,62876,15.6,16.8
06059,CA-Orange,203305.8,74.40116710885769,0.5579205604562192,0.4420794395437808,199.7955828006874,3488.099222060167,471.1090436452871,116289,9.5,44.1
06087,CA-Santa Cruz,38543.0,73.19692291726125,0.5394839358638405,0.46051606413615953,154.8192966665802,2008.411387498119,426.86868284565287,111093,11.6,43.9
08019,CO-Clear Creek,733.0,70.7612551159618,0.48184482946793994,0.5181551705320601,156.61664152796726,2319.5088693042294,347.6125359890859,94577,6.4,57.5
08031,CO-Denver,29825.2,71.97022651985569,0.5370516248005043,0.4629483751994957,196.73295849080642,4736.806438384319,573.0456168314043,94718,11.2,56.5
08057,CO-Jackson,263.0,72.56425855513308,0.4767890494296578,0.5232109505703422,139.92393939163497,5674.524720152091,366.5399511026616,47667,14.6,31.3
08061,CO-Kiowa,293.8,73.98093941456773,0.5227878829135466,0.47721211708645334,202.1783620830497,7866.575912253233,543.2266915588835,58618,11.8,20.1
08073,CO-Lincoln,780.8,73.56198770491804,0.5453339651639344,0.45466603483606555,227.20288570696724,8227.202883760247,663.4221245389344,62861,9.8,26.1
08103,CO-Rio Blanco,956.2,72.38883078853796,0.5000998954193683,0.4999001045806316,214.39030428780592,8160.008364902738,596.3187536289479,65473,8.5,24.7
08123,CO-Weld,20967.4,71.7883285481271,0.5337868357545524,0.4662131642454477,178.25768929671776,5007.0204207865545,600.2556273319534,97097,9.6,33.2
12037,FL-Franklin,1644.8,73.18300097276264,0.5096138253891052,0.490386174610895,187.50000381809338,3063.715969345817,645.4280241245137,64105,16.5,27.9
12055,FL-Highlands,16372.8,74.7763730088928,0.5411785729991204,0.4588214270008795,273.0504199819212,5048.482848002785,659.9481863028926,54897,15.3,20.5
36111,NY-Ulster,24271.4,72.9743648903648,0.5424481125934227,0.4575518874065773,235.02557912110552,3020.0729834480085,559.1848957777466,86271,14.6,38.2
39047,OH-Fayette,3054.2,70.72595114923712,0.5314709580250148,0.4685290419749853,247.33156431798832,7348.765655176478,741.6017203130116,63275,15.5,14.4
39057,OH-Greene,16003.0,73.0,0.5397210935449602,0.46027890645503966,215.00969328001,4481.5722146235075,585.4027445628944,87309,9.8,41.7
39065,OH-Hardin,3496.8,72.53191489361703,0.5354143674216426,0.46458563257835733,268.01647096774195,7169.469231800503,677.2477630976894,62484,17.3,19.5
39071,OH-Highland,4641.6,71.35250775594622,0.5185401930368838,0.48145980696311613,246.25129526456394,6961.694253684075,676.1030673690108,65785,14.1,16.3
39141,OH-Ross,7563.2,70.35730907552359,0.5238394647768141,0.4761605352231859,263.64502171038714,9432.250905135394,662.9204723185952,61303,15.7,17.4
40007,OK-Beaver,813.6,74.37389380530973,0.5231165929203541,0.47688340707964605,237.2173279498525,6917.895757227139,612.8318719518192,64276,13.3,22.0
40067,OK-Jefferson,1126.0,72.13570159857905,0.5372928063943161,0.4627071936056839,232.14920957371226,5437.3001839254,872.8241493428064,48668,23.1,16.0
40071,OK-Kay,6661.4,71.79860089470682,0.5463497673161799,0.4536502326838202,212.50788386825593,4917.674971924821,679.1665436424776,58423,16.0,19.2
42031,PA-Clarion,4338.6,72.35684322131563,0.5395002950260452,0.46049970497395476,208.684834799244,7752.5468999861705,599.7326197990135,62649,13.1,23.6
42037,PA-Columbia,7640.2,71.38862856993272,0.5445726708724903,0.4554273291275097,210.57038609722258,9006.910793335253,549.4882240334023,64644,13.7,26.6
42039,PA-Crawford,10175.0,72.36463882063882,0.538528285012285,0.461471714987715,216.1768917307125,7492.737092363636,584.3538241415233,60476,14.3,21.1
42041,PA-Cumberland,26069.0,73.58230848900993,0.559889195596302,0.4401108044036979,232.37562460240133,5191.77565595765,473.15202488626335,87494,7.5,40.0
42069,PA-Lackawanna,28890.0,71.57076497057805,0.5537584132917965,0.4462415867082036,255.2301719570786,5933.589470754587,619.5154111741087,66223,14.4,30.6
45041,SC-Florence,17417.4,72.12999644034127,0.5612506964300068,0.4387493035699932,268.5015892854272,4119.616018692802,613.9837019509226,58305,18.7,24.4
45055,SC-Kershaw,9005.8,72.57902684936374,0.5500336472051345,0.4499663527948656,191.2767159275134,3117.812966272846,490.528330960048,68231,13.2,24.0
46029,SD-Codington,2964.4,71.18047496963972,0.5379751787882877,0.46202482121171234,187.4240861894481,5952.030759512886,538.7936882067198,72727,8.8,21.4
46031,SD-Corson,434.8,70.96044158233671,0.5239206531738729,0.47607934682612707,277.82888173873044,5826.586955611776,758.5096376724931,46406,44.2,19.0
46117,SD-Stanley,577.6,73.20048476454294,0.49791800554016624,0.5020819944598338,163.08861665512467,9654.43212219529,409.2797742382271,87712,5.1,28.2
47015,TN-Cannon,1655.8,72.57434472762411,0.5424533035390748,0.4575466964609253,245.3194855417321,2172.243023456939,552.1198409832105,59443,18.3,16.8
47017,TN-Carroll,4408.8,73.37289058247143,0.5541296044275086,0.44587039557249136,227.0912734258755,3559.8802415850114,621.6204138042098,51787,17.0,18.1
47037,TN-Davidson,39203.2,72.55965329360869,0.5626736633744184,0.4373263366255816,255.42301303362987,3710.7532256070936,549.8173634958372,77853,13.9,48.4
47101,TN-Lewis,1578.2,72.56114560892155,0.5408620833861362,0.45913791661386383,228.36141644911925,4710.8097943606645,471.42314933468504,56285,16.7,10.3
47111,TN-Macon,2580.8,72.14042157470551,0.5537804556726597,0.44621954432734035,298.43459522628643,4371.435212848729,658.0130471869188,59177,17.2,12.5
47131,TN-Obion,4277.8,73.13722006638926,0.5600240216933938,0.4399759783066062,231.1000931086072,4306.746441895367,685.6327965730048,54613,18.6,18.3
47135,TN-Perry,1053.2,73.0,0.5286878845423472,0.47131211545765284,236.8021088302317,2700.5316975693127,538.3593036840107,55972,18.1,14.2
47165,TN-Sumner,15936.8,72.58365543898398,0.5573743223231765,0.4426256776768235,250.01254317805328,3376.047909879022,575.975097953165,90301,8.8,33.6
47183,TN-Weakley,4444.8,73.3734701223902,0.5601334503239741,0.4398665496760259,207.16340530957524,3429.5356411267094,589.0478670806335,51880,19.0,22.7
48069,TX-Castro,717.4,73.95427934206857,0.5235490103150264,0.47645098968497346,231.66992358516868,6352.104832311123,679.9554162810148,56776,19.2,18.6
48133,TX-Eastland,2690.2,73.0,0.5285630213367036,0.47143697866329637,233.0681656531113,4780.090680692885,644.1900163259237,53549,16.2,21.8
48135,TX-Ector,9206.8,72.0,0.5357702002867446,0.4642297997132554,242.25571586653342,2960.6812249685013,608.2243478255203,71536,16.5,17.6
48163,TX-Frio,1072.0,71.15429104477612,0.5028129850746268,0.49718701492537304,258.58209764925374,2911.567155671642,674.6268510074626,66010,19.5,11.9
48171,TX-Gillespie,6348.4,74.59312582698003,0.5331923854829563,0.46680761451704367,135.71924781362233,3522.934906036167,437.8426108940835,76162,9.2,37.2
48189,TX-Hale,2735.6,73.17882731393479,0.5230374981722474,0.4769625018277526,193.96111049861094,5842.667063883608,637.3738854657113,51897,20.5,15.3
48193,TX-Hamilton,1187.0,73.19039595619208,0.5209736310025274,0.4790263689974726,193.09182262847514,7305.644494490311,638.7531572367312,58219,16.5,26.8
48197,TX-Hardeman,610.4,71.95347313237221,0.5314381716906946,0.4685618283093054,230.99607214941022,7170.052448951507,667.4311840104848,63333,10.7,16.8
48233,TX-Hutchinson,2526.2,72.23236481672076,0.536140859789407,0.46385914021059305,221.67682240519358,3578.6556745467506,588.9478479613649,67228,13.3,16.8
48235,TX-Irion,216.4,73.63031423290204,0.5304836414048059,0.4695163585951941,242.14420434380776,4881.700554805914,491.68206839186684,70357,10.8,28.3
48237,TX-Jack,1072.6,73.59127354092858,0.5245304493753495,0.47546955062465035,236.2483568898005,4253.402950661943,666.2315984337125,68079,13.0,14.5
48329,TX-Midland,10769.0,73.0,0.5479822787631163,0.4520177212368837,184.54825622806203,3224.459076714644,543.3930712489554,92874,11.3,31.0
48333,TX-Mills,861.0,73.38675958188153,0.5086925900116144,0.49130740998838557,189.31477075493612,6973.9837603716605,494.30894408826947,67620,7.2,27.9
48345,TX-Motley,227.0,75.0,0.5656458149779736,0.43435418502202644,207.92952114537445,3233.480189427313,491.6299396475771,61154,16.1,19.3
48359,TX-Oldham,261.0,74.1984674329502,0.5655150191570881,0.4344849808429118,188.50574298850574,2271.264382835249,391.5708696551724,79900,20.7,21.4
48469,TX-Victoria,8633.0,72.76835399050157,0.5358239244758485,0.4641760755241515,246.0326626526121,4729.086054571992,669.8019338700335,70896,16.2,19.9
49055,UT-Wayne,539.2,73.2040059347181,0.5174401706231454,0.48255982937685454,132.04747804154303,2322.3293650222554,278.18990352373885,76607,10.6,27.7
51001,VA-Accomack,6142.0,72.56880494952784,0.5382928948225334,0.4617071051774666,180.78801523933572,4711.234118759361,609.5408773852166,58993,13.9,21.7
51520,VA-Bristol City,1701.2,72.75370326828121,0.5712325770044675,0.42876742299553255,303.9031495532565,3318.83373609217,653.8913686926875,50404,18.0,24.8
51049,VA-Cumberland,1347.0,73.10824053452116,0.5303742390497402,0.4696257609502598,234.74389766889382,3451.5219058648845,618.8567254788419,55325,8.5,20.9
51057,VA-Essex,1886.8,73.56752172991308,0.5486555331778673,0.4513444668221328,228.5350964702141,4605.681580750476,658.0453762984948,56520,12.3,16.6
51610,VA-Falls Church City,1305.8,75.21182416909174,0.5794081023127585,0.42059189768724153,153.62229597181803,2885.893698054832,388.57405930464074,143262,4.0,80.5
51099,VA-King George,2916.4,72.7873405568509,0.5294251885886709,0.47057481141132906,259.9094986490194,3225.6891881292004,586.2707580578794,116884,7.5,34.7
51700,VA-Newport News City,15734.2,72.95096032845649,0.5725944744569155,0.42740552554308453,214.48817114565722,5781.927239311818,630.3974651103965,69634,14.5,30.6
50023,VT-Washington,10861.6,71.97374235840023,0.5370474570965604,0.4629525429034396,187.85447983538336,9299.513872727775,580.3196502669956,83449,8.7,48.1
53021,WA-Franklin,8145.8,72.36305826315402,0.5122967566107688,0.4877032433892313,187.26213843698594,5893.319263961796,592.2561467431068,86714,13.1,21.1
53025,WA-Grant,11781.6,72.37222448563863,0.5187677734772866,0.48123222652271336,158.95976826577038,5356.454125458342,598.7132627928295,73267,15.8,18.4
53035,WA-Kitsap,34867.8,72.97890317140742,0.5355251119944476,0.46447488800555237,152.3468798306747,3670.3090077246056,515.9774985809256,104158,8.2,37.9
53037,WA-Kittitas,7382.8,73.37963916129382,0.5161477136045944,0.4838522863954055,123.99088523866284,6259.955583746004,561.2775687164761,73804,14.4,37.0
53045,WA-Mason,10901.8,72.567190739144,0.5118829551083308,0.4881170448916693,163.69776002311542,4849.199196905099,662.2759508319728,83270,12.3,21.9
55001,WI-Adams,4057.0,70.35997042149371,0.4926580823268425,0.5073419176731576,170.22429686467834,6844.663556918905,634.5575488341138,59442,14.1,17.5
55087,WI-Outagamie,9729.8,70.37690394458262,0.5345240004933297,0.4654759995066703,171.06209476453782,4064.4206425538036,508.5202409258156,85069,6.3,32.7
54013,WV-Calhoun,1004.4,70.91457586618877,0.470344982078853,0.529655017921147,186.77817497013146,7002.986835125448,741.1389811827958,43980,32.9,10.1
54019,WV-Fayette,5066.4,70.34304437075636,0.5092784857097742,0.49072151429022576,246.2103309213643,3915.087629042318,646.2576962419075,53194,19.2,15.8
54071,WV-Pendleton,1278.6,73.56186453933991,0.508205568590646,0.49179443140935397,229.3133222274363,4703.5820432817145,644.1420431096512,64931,16.6,18.5
12077,FL-Liberty,501.4,72.70921420023933,0.5165471080973275,0.4834528919026725,258.07739242122057,3768.647789629039,860.7897733147188,58671,17.5,16.5
12081,FL-Manatee,56050.8,74.1974780020981,0.5456134934737774,0.45438650652622264,219.93265078857036,2553.5086033426824,475.03339007329066,78457,9.8,35.4
12095,FL-Orange,70008.6,73.1898823858783,0.555060418291467,0.444939581708533,321.4576537759647,3212.6596008733213,622.2664339683981,79719,13.0,39.3
12101,FL-Pasco,44792.4,73.18468311588573,0.5494346228378028,0.45056537716219724,289.21423771755923,2260.615649943294,615.4660150753253,70492,11.1,29.2
13001,GA-Appling,1669.0,72.35074895146795,0.544153013780707,0.455846986219293,233.43320437387658,3959.8562062192927,666.7465399161175,46651,22.5,11.2
13065,GA-Clinch,615.0,70.26276422764228,0.5147699512195122,0.4852300487804878,292.35772133333336,5053.333341626017,889.4309072845529,45847,26.1,9.1
13071,GA-Colquitt,3702.6,71.86679630529898,0.523977302436126,0.47602269756387405,391.9948013395992,8379.679165780803,843.8934906336088,49341,22.9,15.5
13111,GA-Fannin,4886.8,72.57325857411803,0.528497523942048,0.471502476057952,167.79897723254481,4239.379553503315,546.9837233895391,57073,13.7,24.2
13133,GA-Greene,3567.6,73.5964233658482,0.5129329128826101,0.48706708711738983,168.06816178383227,3846.899843070972,537.1678378854132,86272,9.8,37.8
13147,GA-Hart,3343.6,73.12280177054672,0.5477403816245963,0.45225961837540374,219.28457520636442,3128.1851754635723,513.9968811041991,59385,11.9,20.8
13215,GA-Muscogee,16668.6,71.94983381927696,0.5628917281595334,0.4371082718404665,216.03495133484515,4837.586816906039,571.853668645237,58073,19.0,30.5
13233,GA-Polk,3816.4,71.5463263808825,0.5319133214547742,0.4680866785452258,289.1730228854418,3552.0909619589142,799.0776656901792,58515,16.4,15.4
13237,GA-Putnam,2924.0,72.9501367989056,0.5133557113543091,0.48664428864569087,175.99180580027357,3663.201085314637,577.3597660943913,72096,17.6,31.1
13303,GA-Washington,1688.4,71.72151149016821,0.5238121772091922,0.4761878227908079,205.52003606965172,4439.824699135276,631.2485266761431,46023,17.2,16.9
13309,GA-Wheeler,455.4,71.81818181818181,0.5165005709266579,0.48349942907334215,247.25515797101446,2641.1945543258676,625.8234614404919,40539,32.7,10.0
15007,HI-Kauai,6989.8,73.59117571318207,0.5064298949898424,0.49357010501015763,120.97629431743397,2771.3811519614296,506.22333904260495,97668,9.1,30.1
19019,IA-Buchanan,2662.0,73.0,0.5480035837716003,0.45199641622839976,164.01204679939895,8735.462027272728,569.7219999323816,78236,8.6,22.4
19043,IA-Clayton,3116.8,73.0,0.5226306083162218,0.47736939168377823,168.12115415169404,8177.040575641684,590.8624224460987,67242,10.9,14.5
19067,IA-Floyd,3005.6,73.37403513441576,0.5449091828586639,0.4550908171413362,204.55149421080648,10113.055627548574,523.6890941109928,68557,11.6,18.3
19075,IA-Grundy,1977.0,74.78452200303491,0.5570999797673242,0.44290002023267583,165.50328756702072,9039.352554172989,539.6054435002528,87205,6.5,27.8
19113,IA-Linn,23537.6,72.57724661817687,0.5552856586907756,0.4447143413092244,202.1191510357895,4649.5479641679685,588.5646941905717,77649,9.4,34.7
19127,IA-Marshall,5377.2,73.56639143048427,0.527403525998661,0.47259647400133903,176.33710254779436,3196.1615625269656,542.0665001971287,73315,11.2,22.6
19163,IA-Scott,18327.4,72.77769896439212,0.5460879731985988,0.4539120268014012,209.19498828420834,5091.545999350699,566.0159114669839,78277,11.5,36.6
16017,ID-Bonner,7941.6,71.99151304523018,0.4991957137100836,0.5008042862899165,105.99877790117861,4229.047027916288,408.5322728467815,66979,11.1,28.6
16087,ID-Washington,1718.8,72.94973237142192,0.49825866883872466,0.5017413311612753,158.01721467302772,5578.775906027461,533.1626599488015,54000,15.3,20.6
17009,IL-Brown,703.6,72.57163160886867,0.5218891131324617,0.47811088686753833,219.4428816088687,3560.2615009664582,511.370074701535,67917,9.2,12.6
17035,IL-Cumberland,1573.6,72.77478393492629,0.5284673614641586,0.47153263853584143,270.0813482079309,5867.310643950179,615.7854456405695,73327,9.1,19.6
17079,IL-Jasper,1708.4,73.78435963474597,0.5372481151955045,0.4627518848044955,235.0737483727464,5613.205316974947,605.1276134863031,74755,11.1,20.9
17113,IL-McLean,15664.4,72.78687980388652,0.5459867431883763,0.45401325681162386,212.37968130665715,3941.2170434488394,495.5695755917878,79905,12.9,47.2
17183,IL-Vermilion,7735.4,71.55485172066086,0.5255348915376064,0.47446510846239376,285.7770906869716,7323.525627926157,750.678697323991,56877,17.7,19.2
17199,IL-Williamson,9901.2,72.14392194885468,0.5572622631600209,0.44273773683997897,260.1099023552701,5704.318668937099,735.0624081262878,65604,13.8,26.2
17201,IL-Winnebago,26058.2,72.11582534480509,0.5494506949827693,0.4505493050172306,230.0389184924515,6333.852678386074,590.0714557797546,65837,15.6,25.2
18035,IN-Delaware,12445.8,72.54985617638079,0.5540376110816501,0.44596238891834994,279.1785149560494,4730.543626497292,597.0206788458758,58127,19.6,26.2
18043,IN-Floyd,9670.2,72.18698682550516,0.5625868523918843,0.4374131476081157,239.788212051457,4451.32468292693,582.1596142541002,79704,10.3,32.9
18119,IN-Owen,2593.6,71.55559839605182,0.5117868985194325,0.4882131014805676,194.2473750077113,5196.79212231647,554.2103418106108,62464,12.3,16.8
18171,IN-Warren,1223.0,73.36369582992641,0.5414747342600164,0.45852526573998365,234.17824243663125,5933.442336255111,712.5102227473426,82425,11.0,17.5
20011,KS-Bourbon,2008.6,73.38096186398487,0.5479584685850841,0.4520415314149159,193.96594895947428,4121.0793605496365,519.6654488798168,59238,13.6,23.9
20071,KS-Greeley,273.2,75.0,0.5380905563689604,0.46190944363103953,273.7920908491947,12342.60617247438,707.9063178623718,80565,7.1,29.8
20073,KS-Greenwood,1373.4,73.12945973496433,0.5207499199068006,0.47925008009319936,218.14474148827725,6637.10499296636,620.5038645405563,60042,13.9,21.6
20115,KS-Marion,2546.8,74.3808701115125,0.5421542406156745,0.45784575938432537,198.3665869954453,7705.041620739751,511.85802737553007,64695,9.2,30.4
20135,KS-Ness,716.2,75.0,0.5386800614353532,0.4613199385646467,236.5261091594527,10638.08991292935,538.6763756771851,68616,11.2,25.0
20181,KS-Sherman,1170.6,73.0,0.5479172561079788,0.4520827438920212,307.8763230138391,10559.542102460277,695.028202870323,61750,10.2,24.1
21051,KY-Clay,1352.6,67.34600029572675,0.4812920005914535,0.5187079994085465,251.21986809108384,4964.956356040219,806.5947081324855,40900,32.4,15.5
21057,KY-Cumberland,965.8,70.94305239179954,0.5235136053013046,0.4764863946986954,253.88279478152828,6600.9525789397385,965.8314228204597,40000,24.8,19.1
21069,KY-Fleming,1520.4,71.67666403578006,0.522479952644041,0.47752004735595893,225.86161357537492,5030.912936411471,684.293602578269,49307,21.2,18.9
21101,KY-Henderson,4791.4,71.73210335183872,0.5415873732103351,0.4584126267896648,270.35942005259426,6227.824859243644,701.0476996076304,58851,14.6,20.1
21121,KY-Knox,3080.4,68.63939748084664,0.5066392546422542,0.49336074535774577,227.37304812362032,3618.166502233476,602.6490237501622,32527,36.9,13.6
21123,KY-Larue,1780.6,72.35785690216781,0.540470538020892,0.45952946197910816,212.17567295293722,4736.493332584522,528.2489210603168,67067,17.9,15.5
21131,KY-Leslie,915.2,68.63898601398601,0.4704768356643357,0.5295231643356644,253.05945100524477,4810.533204348776,631.7744756118881,35934,30.3,11.5
21161,KY-Mason,1847.4,70.9223773952582,0.5276463245642524,0.4723536754357475,217.927896210891,4206.5605524087905,685.3956759553969,52178,18.8,20.0
21193,KY-Perry,2867.8,68.0561405955785,0.4801735197712532,0.5198264802287468,284.3991907943372,6151.823713550457,593.3468032847479,42181,26.8,14.8
22027,LA-Claiborne,2012.8,72.73350556438791,0.5420323529411765,0.45796764705882353,277.12638213434025,5416.335452792131,707.0747071840223,32831,32.0,10.7
22037,LA-East Feliciana,1717.4,71.55281239082333,0.5260300337719809,0.4739699662280192,231.74566396879,4678.700347711657,607.8956602305811,73085,16.2,19.3
22083,LA-Richland,2382.0,71.35180520570948,0.5432137027707808,0.45678629722921915,290.3442462468514,7164.90344093199,755.5835132493702,53544,24.0,17.6
22119,LA-Webster,5103.4,72.72798526472548,0.5592121644393933,0.44078783556060663,250.5388591997492,4888.701641501743,686.3659728416351,41182,23.1,13.3
24005,MD-Baltimore,112854.8,73.1895338080436,0.5793568206226054,0.4206431793773947,232.34281307290428,2500.6875973339193,520.0487685436508,91768,9.8,42.3
24027,MD-Howard,35721.8,73.79854878533557,0.5714973399996641,0.42850266000033593,181.69296898980454,1356.0346865365125,380.1712205549552,149763,5.2,64.5
24043,MD-Washington,24249.4,71.58291751548492,0.5534849687002565,0.4465150312997435,235.0161341765157,1683.5550566001634,607.0913170329987,77747,12.4,24.1
26027,MI-Cass,6293.2,72.11606178096993,0.5214729167990847,0.4785270832009153,203.6483613678256,4610.690907728977,542.3314126326828,70443,11.9,21.8
26111,MI-Midland,8009.4,71.20970359827203,0.5424810023222714,0.45751899767772863,216.42070392538767,9539.840688243812,640.7721065747746,77705,10.7,36.6
26127,MI-Oceana,2754.6,71.54381761417265,0.5062787119727002,0.49372128802729975,202.13460307848692,6527.481314695419,664.7063138749728,62417,13.6,21.5
26159,MI-Van Buren,6896.6,71.54815416292087,0.5187503987472087,0.48124960125279126,201.1135725197924,7505.669442510803,640.8375226111417,68114,14.3,23.0
26165,MI-Wexford,3756.2,70.34593472126085,0.5242515095042862,0.47574849049571377,185.77284695170653,5387.945261652734,616.7935591555295,61085,13.9,21.3
27117,MN-Pipestone,1014.0,74.39842209072978,0.5496877712031558,0.4503122287968441,214.9901401183432,11546.745542840237,569.6252580078896,69628,10.5,21.8
27145,MN-Stearns,12683.4,71.79240582178281,0.5397482299698818,0.46025177003011813,204.72428983553306,4800.7001573962825,549.0798980856869,77066,12.9,28.8
29017,MO-Bollinger,1714.2,71.12565628281413,0.5047038501925096,0.4952961498074903,203.1268365651616,4580.095656784506,520.2426983549177,63814,13.6,13.9
29051,MO-Cole,7494.6,72.55463934032504,0.5501883836362181,0.44981161636378186,206.22848529874844,6622.688326653857,601.7132265311024,74876,9.0,38.9
29207,MO-Stoddard,4607.4,71.74336936233017,0.5479519208230238,0.4520480791769762,213.52605492902723,4801.363006867213,623.5620839866302,57957,15.1,16.7
29217,MO-Vernon,2479.0,71.55336829366681,0.5197345703912868,0.48026542960871316,213.39249135135137,6424.768071940299,683.2593738684953,52230,18.8,16.6
28097,MS-Montgomery,1872.0,72.11111111111111,0.5420983547008548,0.4579016452991453,239.42307552350425,6552.136752467949,762.0726594764958,41748,25.2,19.4
28099,MS-Neshoba,3962.4,71.74227740763173,0.5486706238643246,0.45132937613567525,255.45127321320413,6629.8707958863315,694.1247659045024,57013,23.1,17.7
28103,MS-Noxubee,1553.6,70.17996910401648,0.5380904222451082,0.46190957775489183,264.93306037590116,7578.2698507724,862.7703398815654,33833,26.3,10.6
28121,MS-Rankin,18540.6,72.38699934198462,0.5774059868612667,0.42259401313873335,234.97621371584526,3698.370074600606,497.25467261253675,79357,9.8,33.5
28159,MS-Winston,2956.4,72.89588688946016,0.5642107360303071,0.43578926396969286,209.71451380733322,7056.487630050061,739.751038736301,53031,26.9,19.7
30005,MT-Blaine,1037.0,72.59826422372228,0.5187881774349085,0.48121182256509165,206.36451463837997,6129.026047637416,485.6316384956605,64813,18.3,23.9
30007,MT-Broadwater,1252.4,72.3859789204727,0.48084097732353887,0.5191590226764612,141.6480118332801,7007.186208847013,478.28171451612906,70374,12.7,27.3
30039,MT-Granite,685.2,72.78225335668418,0.4699169585522475,0.5300830414477524,152.3642829246935,5362.521884296556,416.22885776415643,59265,10.2,34.2
30071,MT-Phillips,929.8,73.0,0.5155996128199613,0.48440038718003875,192.94473039363305,6912.66939040654,674.5536849214885,53417,10.5,25.4
37007,NC-Anson,2417.0,70.63798096814233,0.5391882085229623,0.46081179147703766,256.0198674803475,4754.2407877120395,903.0202603227141,47302,21.7,9.9
37019,NC-Brunswick,34737.2,72.59574174084267,0.5287717939269717,0.4712282060730283,157.62351010904737,3703.654880394505,455.22953987310433,77024,9.2,34.7
37021,NC-Buncombe,33569.0,72.57631147785159,0.5497551699484644,0.45024483005153565,179.16528194286394,3598.7547797318953,381.2505669754833,74436,11.8,45.9
37059,NC-Davie,3913.8,72.56354438141959,0.5352258010118044,0.46477419898819566,223.363482697123,6946.752514471869,606.8782369615207,75057,9.4,27.3
37071,NC-Gaston,18398.2,71.71983128784338,0.5571069811177182,0.44289301888228194,266.1347250491896,3394.473361537542,646.6828127436379,67478,13.5,26.5
37073,NC-Gates,1598.6,72.1436256724634,0.5175874264981859,0.48241257350181405,237.20756069060428,4088.0770658326032,732.1406284874265,66333,9.4,10.9
37087,NC-Haywood,9455.8,72.56974555299394,0.542378870111466,0.45762112988853404,192.05143371052688,6667.780626954885,487.6583756995707,61912,13.1,29.5
37109,NC-Lincoln,9689.2,72.5717912727573,0.5380644181150146,0.46193558188498535,208.2731101019692,3676.6709274387977,556.2688317714569,80016,11.2,28.3
37127,NC-Nash,11278.2,71.87389831710733,0.5523110585022432,0.4476889414977568,247.09616974162546,3045.7874410242766,638.1514542692984,62426,11.8,22.1
37135,NC-Orange,11341.4,72.79455799107694,0.5500684906625284,0.44993150933747156,165.9936180788968,4195.778303734989,423.4574234979808,90089,12.5,61.8
37193,NC-Wilkes,6341.6,71.70382868676674,0.537866973634414,0.462133026365586,214.83535513435098,5391.036954342753,664.1541546423615,51721,16.7,16.9
37199,NC-Yancey,2874.2,72.56307842182173,0.5433170064713659,0.456682993528634,191.84468766265394,2922.2044547352302,412.01029437756597,58709,15.2,25.1
38047,ND-Logan,326.6,75.5517452541335,0.5003123086344152,0.49968769136558483,214.32945572565825,7329.455002878139,529.6999703612983,62750,12.4,25.8
38077,ND-Richland,2104.6,72.37489309132377,0.5196219994298203,0.48037800057017965,185.40338602109662,5200.608202641833,460.8951844721087,75432,9.7,24.9
31021,NE-Burt,1314.8,75.0,0.5342383784606023,0.46576162153939765,189.2303094006693,7151.658027669607,497.26194485853364,63685,13.2,24.9
31065,NE-Furnas,1141.6,74.38104414856342,0.5429276103714086,0.45707238962859137,209.00487923966364,9556.061668360197,463.2095456902594,61048,13.0,24.9
31131,NE-Otoe,2477.2,74.0,0.5519212659454222,0.4480787340545777,186.25867372840304,8326.093982787019,490.95756137574676,82188,9.1,27.2
31153,NE-Sarpy,17377.8,73.0,0.5547382706671731,0.445261729332827,218.3014948923339,5419.512264826389,523.5185422780789,103321,5.6,42.6
31181,NE-Webster,661.4,73.81977623223466,0.5403485334139704,0.4596514665860296,164.8019400060478,6054.127609011188,456.00242887813727,64347,9.6,21.2
33013,NH-Merrimack,21395.4,71.5818259999813,0.5493294549295643,0.45067054507043575,195.16343287248662,8263.16871710648,666.0123366966731,97004,7.6,38.9
34005,NJ-Burlington,48954.8,73.38893428223585,0.5694727875509653,0.43052721244903464,251.1663689288895,3590.4344365974325,582.5986319797038,108111,6.6,42.5
34037,NJ-Sussex,18515.8,72.39227038529256,0.5440033247280701,0.4559966752719299,237.94813474546064,3385.584186451571,510.73139862063755,116186,5.5,40.3
35013,NM-Dona Ana,20407.4,72.97456804884503,0.5241883454041182,0.47581165459588187,186.02076735987924,3183.6588593265187,578.8292541127238,56848,21.3,31.7
35019,NM-Guadalupe,559.6,71.29306647605432,0.48107115796997857,0.5189288420300214,179.77124127948537,3922.8019839528233,739.8141429235168,42750,25.5,16.4
35027,NM-Lincoln,3941.8,72.95803947435182,0.527967278908113,0.472032721091887,161.70277867979098,6939.317034486783,549.2921972043229,53303,19.3,32.2
35037,NM-Quay,1636.8,72.33919843597263,0.5085552908113392,0.4914447091886608,171.9208296920821,4951.124133003422,613.2697797531769,41946,27.1,19.6
35059,NM-Union,789.4,73.35013934633899,0.5254569799847985,0.4745430200152014,173.29616888776283,5332.150990625792,680.5168456549278,46694,16.6,18.4
32007,NV-Elko,6322.0,71.79917747548244,0.5139007339449542,0.48609926605504583,183.39132868396078,3073.4894178899085,551.6292341505853,86487,9.8,17.8
36001,NY-Albany,24237.8,71.9726707869526,0.5571060698578254,0.4428939301421746,233.04095357416927,4556.03231614503,534.7927634966869,85333,13.0,46.4
36071,NY-Orange,40232.4,72.58272934251995,0.5488769270538173,0.4511230729461827,238.02209405454312,2748.794514932741,526.0237924627912,97178,12.6,32.5
36085,NY-Richmond,43270.6,71.99018733273863,0.5370184097285454,0.4629815902714545,243.87459598387818,3350.7092519488983,522.9509476152399,98333,11.5,35.7
02198,AK-Prince of Wales-Hyder,935.0,71.0136898395722,0.45026562566844913,0.5497343743315508,136.0427949090909,5334.545467614973,189.51870733689842,61156,12.7,14.9
01001,AL-Autauga,4408.2,71.75246132208157,0.5512488271856993,0.44876932081121546,253.89046843155936,4351.209112172769,616.5328406515131,72481,11.3,29.1
01005,AL-Barbour,2166.2,71.50336995660604,0.5306979226294894,0.46930207737051055,262.3949824669929,3742.2214128612313,759.5789872218633,46042,21.4,10.6
01015,AL-Calhoun,12650.6,71.5428833415016,0.5493072502490001,0.45069274975099993,260.2090166173936,2834.8694878092742,517.4774167312222,55029,17.9,20.6
01053,AL-Escambia,3599.0,72.28813559322033,0.5641682634065018,0.4358317365934982,292.136702411781,5935.87107649347,821.0613970547373,48225,20.0,13.5
01085,AL-Lowndes,717.0,69.87615062761506,0.45941188284518836,0.5405881171548116,235.7043259135286,3349.5118479776847,562.3430780753138,37052,29.9,14.4
01111,AL-Randolph,2835.2,71.51283860045147,0.5230038868510157,0.47699611314898416,221.07786113148984,2800.648985524831,642.7765327243228,52338,19.9,18.4
05007,AR-Benton,22755.0,72.78767743353109,0.5534309092507141,0.44656909074928586,186.95670108987034,3411.997366677214,559.1474589567127,93506,7.6,37.8
05011,AR-Bradley,1655.6,72.11850688572119,0.5410993114278811,0.4589006885721188,267.33510547233635,5552.790549275187,745.3491091930417,41476,19.9,15.3
05051,AR-Garland,16297.6,73.36934272530925,0.5451504160121735,0.45484958398782643,235.37206009105637,3402.0837493532786,508.1607145137934,57181,15.8,25.3
05129,AR-Searcy,1433.2,72.13801283840357,0.510873639408317,0.48912636059168296,182.6681282026235,3820.6809789561817,489.9525565727044,44426,23.0,15.0
05133,AR-Sevier,1882.6,72.35780303835122,0.5396915861043238,0.46030841389567617,216.61529876766176,3204.39815176883,534.6860688409646,53527,17.3,9.3
04015,AZ-Mohave,36186.6,73.37078918715768,0.5048447110256283,0.4951552889743717,179.92848882514522,3592.0976043811797,573.7870011882852,57684,16.1,15.2
04025,AZ-Yavapai,50383.4,73.79170520449196,0.5314949455574653,0.4685050544425346,145.87344180424506,3470.1508913451653,456.21773286122016,69613,12.0,30.3
08017,CO-Cheyenne,319.0,73.0,0.540438432601881,0.45958163009404385,227.58620156739812,8041.379317868339,681.5046929153605,70865,8.2,26.1
08113,CO-San Miguel,898.4,72.17965271593945,0.45657386464826355,0.5434261353517365,92.16384263134461,2678.539639203028,209.03827386464826,79024,9.3,64.9
12023,FL-Columbia,8503.6,72.36892610188626,0.5360349122724494,0.46396508772755063,276.1653857848441,1900.4892030151934,743.8026149536666,59205,16.7,16.8
12047,FL-Hamilton,1526.0,71.55832241153342,0.5318403145478375,0.4681596854521625,285.9764147837484,2257.6671083879423,730.2752409436434,50144,20.1,11.0
12065,FL-Jefferson,1324.0,73.0,0.5306724773413898,0.4693275226586102,255.58911536253777,2029.6072536102718,591.0876051510573,61212,21.0,19.2
39049,OH-Franklin,72985.4,71.57934874646162,0.5528783638919564,0.4471216361080435,223.98727142113353,4643.890409884443,551.9350550447075,75176,14.7,42.1
39079,OH-Jackson,3900.6,70.34922832384761,0.5288836845613496,0.4711163154386504,236.11752195046915,8761.267481259294,751.1152105214583,57106,18.5,15.9
39173,OH-Wood,11784.2,72.79861170041242,0.5394781079750852,0.4605218920249147,205.52943633678996,6185.2310752617905,566.6231006398398,74216,12.2,36.5
40011,OK-Blaine,1549.0,73.35842479018721,0.5360997417688832,0.4639002582311168,229.1801170690768,7562.943839070368,784.1187765267915,61642,17.4,18.1
40075,OK-Kiowa,1567.8,72.56206148743462,0.5260783645873197,0.47392163541268023,276.94860711825487,5049.113407641281,738.3594724837352,44962,22.9,16.7
40083,OK-Logan,5295.8,72.18603421579365,0.5362507345443559,0.4637492654556441,194.79588286189056,5369.7269391177915,614.6380054873673,83899,11.6,31.4
40085,OK-Love,1695.0,72.13463126843658,0.5229615575221239,0.477038442477876,257.9351125191741,5104.070813297935,779.9410336873158,66580,15.0,16.6
40121,OK-Pittsburg,7035.4,71.94411120902862,0.5439579640105752,0.4560420359894249,225.71567110043495,3992.7224910680275,599.1983365750348,55310,17.7,20.2
40127,OK-Pushmataha,1987.4,71.95048807487169,0.5354643655026669,0.46453563449733315,275.8377870785951,3498.842719200966,635.3023710475999,47940,20.7,15.6
40131,OK-Rogers,10155.6,72.36407499310725,0.5442310331245815,0.45576896687541846,237.62257477844736,3707.7671151345066,551.419921337981,80067,8.9,26.7
41017,OR-Deschutes,28154.4,72.58117381297417,0.5268906032449635,0.4731093967550366,137.7120179737448,3066.511807914926,392.8906288317279,92758,8.8,45.0
41033,OR-Josephine,12236.8,72.55947633368201,0.5143647473195607,0.4856352526804394,149.67964004478293,4215.268696046352,508.51531246567725,60098,15.6,19.7
41049,OR-Morrow,1914.8,71.3960726968874,0.5165133173177355,0.48348668268226447,157.19658332985168,5653.749750094004,612.1788062147482,75448,13.2,10.1
42035,PA-Clinton,3595.2,72.12522251891411,0.5440017912772587,0.4559982087227414,235.09123177013797,6719.069870232532,622.2741325878949,60816,14.8,21.5
42075,PA-Lebanon,14461.6,74.0,0.5541029664767385,0.4458970335232616,203.18637631244124,6607.277189847597,481.1639230403275,78425,10.1,24.3
42083,PA-McKean,5508.4,72.5229104640186,0.5362977888316026,0.4637022111683973,208.48159011691234,7723.803637317551,632.8516250054462,62905,13.7,20.8
42087,PA-Mifflin,4888.0,71.12835515548281,0.5429739443535189,0.4570260556464812,239.5253814607201,6759.819968007365,662.8477791734862,63953,16.2,14.9
42109,PA-Snyder,3854.0,72.1425012973534,0.5391300103788271,0.4608699896211728,239.8027930098599,7672.029076829268,528.7493544784639,66876,9.4,20.6
45033,SC-Dillon,3162.4,70.62553756640526,0.5415083101441943,0.4584916898558057,256.89349979762204,3778.4593927143947,785.6691109473817,46605,27.7,13.8
45045,SC-Greenville,53380.0,73.39018358935931,0.5584620749344325,0.4415379250655676,183.5369089636568,3809.141999323342,494.12887718471336,76932,10.8,41.3
46035,SD-Davison,2888.4,72.37120897382634,0.5554741448552831,0.44452585514471676,187.43942839634397,6656.557245630799,415.4549232516271,66208,11.2,22.6
46039,SD-Deuel,540.4,72.0,0.4922238712065136,0.5077761287934863,164.32270810510732,8024.42636765359,438.9341189859364,83112,8.8,25.1
46077,SD-Kingsbury,1001.6,73.40015974440895,0.5103658146964857,0.4896341853035143,176.5175694089457,8577.27636703275,489.61662390175724,74000,10.6,23.1
46095,SD-Mellette,285.2,71.59046283309958,0.50349396914446,0.4965060308555399,275.5960833099579,5558.204782468443,408.8359011921458,54076,41.7,19.1
46121,SD-Todd,748.6,68.38551963665509,0.5639676729895806,0.43603232701041944,417.57949102324335,8468.340912850654,480.6304941223617,42075,48.4,16.6
46127,SD-Union,2258.8,73.38941030635736,0.5346373738268106,0.46536262617318935,183.10608798477065,4762.882938516026,408.97819210200106,89636,6.2,37.0
46135,SD-Yankton,3454.0,72.19600463231036,0.5425536595251881,0.45744634047481186,186.56629819918933,5330.746955894615,427.7359688013897,72821,11.9,31.4
47039,TN-Decatur,1823.0,73.1842018650576,0.5385662973121229,0.46143370268787703,234.88754053757543,3004.9369263082826,618.869987986835,45375,22.1,14.0
47081,TN-Hickman,2347.0,72.13779292714104,0.525598346825735,0.474401653174265,229.22882233489563,3386.2803667660846,656.4976656327226,68247,10.6,13.9
48027,TX-Bell,26665.6,69.75995289811593,0.5190422956918276,0.48095770430817236,207.45081251650066,8961.785971986379,522.568419275771,68865,14.5,27.2
48037,TX-Bowie,11231.2,71.92846712728827,0.5512983848564712,0.4487016151435288,231.87191642389058,3502.8136016685658,624.1897730821282,59803,16.2,23.6
48057,TX-Calhoun,2368.6,73.17149370936419,0.5215591066452757,0.47844089335472434,247.15020515072194,4757.916071696361,692.4765782403107,79959,7.7,20.1
48093,TX-Comanche,2217.8,73.36973577419064,0.5131174316890612,0.48688256831093873,211.38063132834338,5868.518345161872,614.0319157182794,59635,16.2,21.4
48101,TX-Cottle,231.2,72.16955017301038,0.5285211937716263,0.4714788062283737,212.80278200692038,3530.2768174740486,705.8823380622837,59063,17.1,21.1
48179,TX-Gray,2564.4,73.0,0.5451581188582124,0.4548418811417876,240.8360514428326,3206.3640620028077,623.8496177195445,59614,15.7,16.2
48195,TX-Hansford,670.8,75.0,0.5220657423971378,0.4779342576028623,200.65595641025644,5792.784746511627,599.2844176207514,69441,8.6,36.4
48225,TX-Houston,2943.8,72.9509477546029,0.514679754059379,0.485320245940621,213.3976453835179,3390.7194859297506,594.6735564712277,56531,15.0,14.8
48269,TX-King,18.6,67.26881720430107,,,,2734.177225316456,,46645,23.7,38.9
48277,TX-Lamar,7638.8,72.56351783002566,0.5465807718489815,0.4534192281510185,274.62428196575377,1791.4855596271664,693.5120647824265,61880,19.0,21.6
48305,TX-Lynn,542.4,73.36762536873157,0.5103488200589971,0.48965117994100293,233.0383534660767,5744.837741666667,664.4542632005899,73679,15.2,26.8
48311,TX-McMullen,93.2,75.17381974248927,0.4678004291845494,0.5321995708154507,274.67810278969955,2452.789697424893,660.9442169527898,43875,12.3,20.1
48401,TX-Rusk,4920.4,72.77119746362084,0.5311900617835947,0.4688099382164052,258.2310373831396,5416.998632062435,716.8929116779123,68658,14.4,17.5
48407,TX-San Jacinto,2569.4,71.94668015879193,0.5064967541060169,0.4935032458939831,277.57453039620145,2699.7742629563327,633.1439362185724,65364,18.4,16.2
48429,TX-Stephens,1313.2,72.36871763630826,0.5268037313432836,0.4731962686567165,238.04446268656721,5839.019188120621,684.7395529850747,58008,14.6,17.2
48463,TX-Uvalde,2571.0,72.5414235705951,0.5238267366783352,0.4761732633216647,235.08363145079736,4313.496713986776,720.73125655387,53801,22.2,19.8
48467,TX-Van Zandt,6610.4,73.0,0.5342448686917585,0.46575513130824153,237.4137797107588,5544.23333338981,692.9989277381096,69475,11.1,19.8
48489,TX-Willacy,1019.0,71.85299313052012,0.518552522080471,0.48144747791952897,278.7046303631011,1673.994113405299,607.45830047105,54180,24.0,14.0
49053,UT-Washington,23249.0,74.37440750139791,0.5311564910318722,0.4688435089681276,155.02602478214115,4365.392054669879,471.7708310439159,80632,9.8,35.2
51083,VA-Halifax,6276.8,73.12031608462911,0.5619346291103746,0.43806537088962527,209.02371641600814,4341.766522135482,672.253377090237,52013,17.3,19.7
51141,VA-Patrick,3242.6,73.3539135261827,0.539751390859187,0.4602486091408129,191.3896212113736,4894.899139659533,492.8144161290322,53038,11.7,15.1
51153,VA-Prince William,31507.0,72.98592693687117,0.5521975224553274,0.44780247754467256,182.04843984257465,2217.8055739638808,521.2429105430539,131402,6.2,44.9
51155,VA-Pulaski,5395.8,72.53448978835391,0.5476432632788466,0.4523567367211535,221.6168092405204,4036.1392099966642,718.1511777790133,62028,14.4,20.8
50009,VT-Essex,1325.0,71.5634716981132,0.5009756679245283,0.4990243320754717,152.1509641962264,6211.320782369811,574.1886895849057,59294,13.8,21.5
50027,VT-Windsor,11181.6,72.37744151105387,0.5369432692995636,0.46305673070043646,166.64879326393358,8655.183502940545,611.3615221274237,77594,9.2,42.9
53033,WA-King,139502.2,74.0,0.5472740481512121,0.452725951848788,172.32703679769924,4490.436687908291,512.189788937522,124746,8.6,56.7
53039,WA-Klickitat,5781.4,72.19874078942817,0.5053343930535856,0.4946656069464143,128.61936158024008,6052.651588151659,554.6753542048639,71042,12.9,31.2
53059,WA-Skamania,2226.2,72.184889048603,0.5025405893450723,0.49745941065492766,155.6014849788878,4139.430422585572,452.16062433743593,93265,8.1,29.8
53075,WA-Whitman,5108.8,73.37386470404009,0.5297159450360163,0.47028405496398373,141.87287065064203,6585.812701111807,580.958349937363,55406,22.7,49.8
55003,WI-Ashland,2241.2,70.37613778333036,0.5230014099589506,0.4769985900410495,218.275937756559,7320.631788399072,813.135815741567,62462,13.4,24.5
55005,WI-Barron,6208.6,71.18071706987082,0.526040595303289,0.47395940469671105,196.9526285668267,9611.699904561416,710.0473408594531,65933,11.0,23.2
55009,WI-Brown,15484.2,71.0,0.5416620710143242,0.45833792898567577,172.43381994936775,4222.4848567094205,587.9541693623178,79649,9.1,33.5
55067,WI-Langlade,2341.0,71.55352413498505,0.5258558650149509,0.47414413498504915,171.46517010679196,7277.488223904314,569.756531900897,55878,13.5,17.0
55069,WI-Lincoln,3296.0,71.36638349514563,0.5239082038834951,0.4760917961165048,189.5024093264563,6269.720865042475,612.1359371783981,68164,10.6,19.6
55117,WI-Sheboygan,10699.6,71.38059366705298,0.5325097498971924,0.46749025010280765,181.37126233317136,3432.8759740607125,516.0193012112602,73094,8.5,27.5
55127,WI-Walworth,12363.6,73.0,0.5393110113559157,0.4606889886440842,192.53289518101525,7110.11354674205,601.0061632194505,80520,9.4,32.4
54049,WV-Marion,6089.6,72.35463741460852,0.5459094587493432,0.4540905412506569,270.9537491198108,5826.523932967683,713.0517685299527,67370,13.6,27.2
54091,WV-Taylor,1990.8,71.70655013060076,0.5270167168977296,0.47298328310227045,231.26381601366285,7293.148466003616,762.5075440325497,57795,13.9,20.5
56005,WY-Campbell,5886.2,70.60810030240224,0.5204436172743027,0.47955638272569745,152.01657517243723,7807.991575186028,617.7499959124732,89869,9.4,23.3
56045,WY-Weston,1468.6,73.0,0.5030754868582323,0.49692451314176767,169.54923602069996,6627.944967274956,495.7102216532753,89509,9.0,20.1
12075,FL-Levy,5897.0,72.77744615906393,0.520813098185518,0.479186901814482,271.32437175512973,1820.7224033305072,588.333043849415,56750,17.4,16.5
12091,FL-Okaloosa,28849.4,73.19244074400162,0.5389021477049782,0.4610978522950217,230.97187903526589,3449.291832415232,610.7925798851969,81998,9.3,34.8
13103,GA-Effingham,4743.8,71.38028584678949,0.5324575993928917,0.4675424006071083,200.1348865635145,3158.4805405708503,560.0151630633669,88438,6.8,27.2
13119,GA-Franklin,2443.0,71.74220221039705,0.536302202210397,0.4636977977896029,232.91035846909534,3306.34463965616,620.7940794023741,53046,19.5,17.8
13199,GA-Meriwether,1886.2,71.09839889725374,0.5120335277277065,0.4879664722722935,250.55668502809883,3119.4995346728874,654.7555993319902,57340,18.9,14.5
13241,GA-Rabun,3058.6,73.37173870398222,0.5364466422546263,0.4635533577453737,170.92790536193033,2986.8567563068073,557.1176442163081,67493,13.1,31.3
13253,GA-Seminole,1059.8,71.93338365729383,0.5136773353462918,0.4863226646537082,268.3525213813927,4770.711464766938,583.5063321758822,49495,20.1,13.4
13297,GA-Walton,8035.4,72.58043159021331,0.5507878661921,0.4492121338079001,231.55038756253578,2902.805096824053,608.3331101874206,84945,11.9,24.5
19009,IA-Audubon,1347.8,74.56952070040066,0.5258862442498887,0.4741137557501112,163.82252840184003,10063.95607857249,521.1455560617303,58229,11.8,20.8
19023,IA-Butler,2687.6,74.0,0.528660031254651,0.471339968745349,191.54636061913976,9724.810235258223,529.7663280026791,73715,9.2,21.4
19029,IA-Cass,2866.4,73.38012838403573,0.5585446971811332,0.4414553028188669,217.34581696902035,9463.92686145688,557.7030482068099,63013,14.3,22.1
19051,IA-Davis,1242.2,73.5812268555788,0.5427336177749155,0.4572663822250845,150.21733973595235,9925.293843358557,648.6877894541941,77194,7.2,17.1
19121,IA-Madison,2061.4,74.0,0.5527327932473076,0.4472672067526924,177.25819088968663,5574.755034743378,496.2646602697196,90855,7.0,27.1
19155,IA-Pottawattamie,11192.0,72.37660829163688,0.542821674410293,0.457178325589707,221.51537293066477,5019.531821359899,564.5997231290207,73602,12.1,23.6
19161,IA-Sac,2261.4,74.58273635800832,0.5476508622976917,0.4523491377023083,159.81249706376582,8078.004778783054,524.4538895816751,73838,9.2,22.3
19189,IA-Winnebago,2140.0,74.0,0.5479590654205607,0.4520409345794392,186.82243845794395,9805.700953130841,493.83178542990646,67642,11.2,26.1
16081,ID-Teton,1594.4,72.0,0.4920862267937782,0.5079137732062218,133.59258763171098,5044.029100727546,436.40241407426,99805,9.1,49.9
17001,IL-Adams,9946.4,73.7661264377061,0.5450117047373925,0.45498829526260753,266.9709489785249,2552.762821686238,552.300339214188,66220,12.8,27.5
17019,IL-Champaign,11539.8,70.77711918750758,0.5301159950779043,0.46988400492209575,262.56955515866827,8532.747549993934,691.3984515676182,63683,19.1,46.2
17021,IL-Christian,4674.0,73.55952075310226,0.5431902053915276,0.4568097946084724,256.86778165169017,5403.9366794565685,727.1288138125802,62611,10.2,17.1
17045,IL-Edgar,2906.6,72.7727241450492,0.548118392623684,0.45188160737631594,254.93703903529894,9786.9675702195,748.2281428817174,59941,12.0,20.4
17075,IL-Iroquois,4811.8,73.37291658007399,0.5399281890352882,0.46007181096471184,230.51663986865623,8227.69026545991,618.2301634606592,66255,12.5,18.2
17083,IL-Jersey,3136.2,72.76895606147568,0.5289330399846949,0.4710669600153051,217.07798126395002,6870.22511344302,661.1823252407372,80361,8.8,22.6
18007,IN-Benton,1153.6,72.7382108183079,0.5343345180305131,0.46566548196948687,280.1664684986131,4494.972266990291,570.2149709778085,65875,13.9,19.8
18045,IN-Fountain,2402.4,73.37620712620712,0.541052355977356,0.45894764402264393,262.2377502580753,5864.3856028721275,711.2886892357642,62542,12.4,14.7
18063,IN-Hendricks,14557.6,73.0,0.5683882137165467,0.4316117862834533,207.135804191625,6511.306817566083,555.888347759246,101144,5.3,39.5
18077,IN-Jefferson,4491.2,72.37246170288564,0.5465472301389384,0.4534527698610616,226.71002334788028,5016.83289563591,566.1738493676523,64577,12.3,19.8
18079,IN-Jennings,3081.8,70.54565513660847,0.53318803945746,0.46681196054254004,211.6295911674995,5748.004415367643,702.8360060419236,69322,12.6,14.8
18083,IN-Knox,5532.8,72.57366975130132,0.5522388844707924,0.4477611155292076,258.53095354973976,8408.653836144447,712.5144692343839,61237,13.7,19.1
20093,KS-Kearny,545.2,73.58840792369773,0.5454893250183419,0.45451067498165815,245.41452523844458,8327.953048972855,593.9104909024211,89135,4.5,19.4
20143,KS-Ottawa,1217.0,73.38405916187347,0.540983714050945,0.459016285949055,200.65735919474116,6447.329507115859,499.0961403615448,74018,10.4,27.7
20147,KS-Phillips,1287.8,74.19133405808356,0.5153085416990216,0.4846914583009784,234.35316765025624,11870.942687280634,586.4264498214008,62123,15.4,22.5
20183,KS-Smith,1032.2,75.0,0.5226043983724084,0.4773956016275916,309.4361371439643,10729.509788025576,521.4105694245302,59135,7.3,25.6
20191,KS-Sumner,3299.4,73.0,0.5335966963690367,0.4664033036309632,218.2821133236346,2949.3241106261744,540.4012671334182,63951,10.6,25.9
21023,KY-Bracken,924.0,70.51969696969697,0.49329255411255407,0.5067074458874459,246.32033716450215,4285.497857467532,600.6493512121212,66319,19.5,17.8
21031,KY-Butler,1317.6,70.68685488767456,0.5120015027322404,0.48799849726775957,222.67760142683673,2731.936858136005,505.3127005616272,56092,20.5,9.9
21041,KY-Carroll,959.6,70.85952480200083,0.51000710712797,0.48999289287202996,231.13797867861607,5038.974570779491,655.4814404751979,56466,23.1,11.4
21079,KY-Garrard,1865.8,71.09561582163147,0.5256641762246758,0.4743358237753242,200.34302641226282,4689.677354400257,605.9599030549898,63087,15.9,18.7
21153,KY-Magoffin,1155.0,66.90978354978355,0.43547987878787875,0.5645201212121213,225.28138857142858,4610.735915809524,611.9480417142856,33080,38.2,12.8
22009,LA-Avoyelles,5059.2,71.27723750790639,0.53441319971537,0.46558680028463,244.07021844165084,5230.7479304316885,683.4677393777672,39325,27.8,11.5
22029,LA-Concordia,2474.6,71.71276165844985,0.5522457286026025,0.4477542713973976,262.02214261698856,3443.78891620464,717.2068030307927,39943,31.8,17.2
22085,LA-Sabine,3390.4,72.11638744690892,0.5093256429919775,0.4906743570080227,248.6432377064653,4845.681931807457,652.0174616977347,50329,23.7,13.6
24011,MD-Caroline,5573.2,71.78737529605971,0.5448684884805857,0.45513151151941433,182.9828491495012,2019.378441609847,570.5160486470968,68457,12.2,16.2
23009,ME-Hancock,8184.6,73.13652469271558,0.5365267771180021,0.46347322288199794,174.93830288102046,10170.637571096939,583.0462076240744,72744,9.9,40.1
23015,ME-Lincoln,4820.6,73.56490893249803,0.5413870431066672,0.4586129568933328,162.59388775256193,8837.406119947726,660.2912399286396,76875,7.9,40.2
26053,MI-Gogebic,2410.6,72.56400896042479,0.5069260516054094,0.49307394839459057,168.42279139633285,6966.647321139964,591.471024301004,52732,14.4,22.8
26067,MI-Ionia,3810.8,69.53789230607747,0.5227381862076205,0.4772618137923796,223.47015282880238,6613.047144295161,694.5523519418495,75611,10.6,18.5
26119,MI-Montmorency,1897.2,70.72148429264179,0.47942515285684156,0.5205748471431584,185.22033234239933,5539.531927767236,523.2974854311617,49756,18.2,15.6
26145,MI-Saginaw,16505.4,71.33927078410701,0.5535605583627177,0.4464394416372824,287.60287716383726,5839.579773583191,686.8418820604165,60622,18.2,24.4
26153,MI-Schoolcraft,1397.4,72.1857735795048,0.5014981107771576,0.49850188922284244,154.4296431801918,7347.7887416774,524.2593369400315,56782,14.1,21.1
26155,MI-Shiawassee,6291.2,70.34607070193286,0.5472906726856562,0.4527093273143439,224.31330396744661,8468.082416047811,633.5834130213632,67404,12.0,20.0
27023,MN-Chippewa,1640.8,73.18941979522184,0.5255710141394442,0.4744289858605558,181.37493632374452,10109.09311109215,616.0409478790833,71458,14.5,19.3
27047,MN-Freeborn,3509.0,73.0,0.5366269592476489,0.4633730407523511,214.07809292106015,11245.996029455684,762.3824554231975,71023,10.6,18.2
27049,MN-Goodhue,3315.0,72.0,0.537203125188537,0.46279687481146303,204.22320469381603,8596.8024133273,742.5640781538461,84171,9.3,27.9
27083,MN-Lyon,3152.6,73.0,0.5398706908583392,0.46012930914166084,187.27398844128658,10795.216638209731,597.6654324367189,75303,12.2,31.1
27165,MN-Watonwan,1404.4,74.0,0.5317702933637141,0.46822970663628594,214.6112291085161,10847.194520749073,688.1230061948164,71699,13.2,17.2
27173,MN-Yellow Medicine,968.8,73.0,0.5057652146985961,0.4942347853014038,158.54663581750617,10625.928962283238,556.1519344343519,74000,8.6,19.7
29053,MO-Cooper,2099.2,72.7790586890244,0.5597381192835366,0.4402618807164635,229.23018064977134,7007.907794569361,492.1874839653201,70625,11.7,24.0
29069,MO-Dunklin,4357.0,70.87849437686482,0.5426841817764517,0.4573158182235483,283.45192423686024,5075.281132880423,673.9040628322241,47849,22.0,13.2
29093,MO-Iron,1746.8,70.54419509961072,0.5103117013968399,0.4896882986031601,224.86831423173803,5236.317841550264,758.1863832951683,48850,19.3,19.0
29167,MO-Polk,2820.8,71.55700510493477,0.5296328630175836,0.47036713698241633,181.7214768150879,8836.074882338342,495.4622732841748,59647,16.3,22.5
29177,MO-Ray,2562.6,72.76812612190744,0.5450589557480684,0.4549410442519316,248.88786710372278,6594.786523257629,674.2370820728947,74573,12.6,16.2
28021,MS-Claiborne,913.4,69.8386249178892,0.5426099189840158,0.45739008101598416,320.7795159623385,4837.311140683162,788.2636436610467,31897,30.7,18.1
28025,MS-Clay,2987.8,71.23040364147533,0.5589722136689202,0.4410277863310797,230.6044864247942,4526.474320710891,756.2085810496017,43125,20.9,17.3
28057,MS-Itawamba,4225.8,71.32580813100478,0.5397285910360169,0.46027140896398316,228.9270555871078,3319.3714926925077,487.2450132046003,55546,15.5,16.0
28095,MS-Monroe,6153.2,72.10557108496393,0.5481698725866215,0.4518301274133784,244.91322918481444,4747.02594600533,687.8047069687317,51866,18.0,16.4
28105,MS-Oktibbeha,5160.2,71.92492539048874,0.5455026975698617,0.4544973024301384,163.90837429556996,4129.568635467617,614.6273476493159,46695,25.5,47.0
28113,MS-Pike,5012.4,71.69475700263347,0.545120365493576,0.454879634506424,247.745583664512,4449.60498816535,726.3187143683665,43814,27.1,15.3
28125,MS-Sharkey,592.8,71.23785425101215,0.5216002699055331,0.4783997300944669,222.67204598515522,4534.075573819163,696.3562714237517,40000,30.9,16.1
30059,MT-Meagher,474.6,72.60303413400759,0.48590648967551625,0.5140935103244838,173.61989751369575,7572.692793973873,457.64853914875687,71932,12.4,30.0
37005,NC-Alleghany,1763.8,73.14888309332123,0.5210394262388026,0.47896057376119744,173.6024484408663,5608.912568114299,657.6709260913935,47172,16.0,23.6
37011,NC-Avery,2677.8,73.37045335723354,0.5365570767047576,0.46344292329524234,193.06893506609904,4367.167081716335,603.5551605272984,61428,10.2,25.0
37055,NC-Dare,7647.2,72.79893294277645,0.5255857594936709,0.47441424050632913,153.2587323072497,4006.590658240925,549.2991014802805,88994,6.6,43.2
37093,NC-Hoke,3486.4,67.9319642037632,0.5058413262964662,0.4941586737035338,233.70814441257454,3794.2863695158326,745.582841928637,64912,17.1,23.5
37139,NC-Pasquotank,5487.8,71.74383177229491,0.5399516308903386,0.46004836910966146,232.3699778126025,4100.805413597434,827.1074009402674,66589,11.0,27.6
38015,ND-Burleigh,11328.6,73.0,0.551912608795438,0.4480873912045619,204.6501816694031,7510.213097251205,501.47414582737497,86851,7.9,39.1
38035,ND-Grand Forks,7620.8,72.19654104555953,0.5420458770732732,0.4579541229267269,209.42683870197357,11692.499472632795,558.6290316580937,68075,13.2,38.0
31111,NE-Lincoln,5854.2,72.5696423080865,0.5542733797957022,0.44572662020429776,269.31092924737794,8432.988260383998,633.5280832393836,65148,12.4,22.7
31147,NE-Richardson,1993.8,73.37987762062393,0.5439705787942621,0.45602942120573775,286.9896493128699,8118.467238188385,509.07813934196,60108,10.5,23.8
31173,NE-Thurston,732.4,72.93336974330967,0.54068580010923,0.4593141998907701,272.25558099399234,8758.601873020207,478.97325243036596,69177,13.9,22.2
31177,NE-Washington,2651.8,73.57628780451014,0.5454361113206123,0.4545638886793875,177.31352908967494,6308.620551323629,489.4034253261935,94396,6.4,36.8
33015,NH-Rockingham,46146.8,73.19807223902849,0.5489278034446593,0.4510721965553408,201.86014591867692,6056.905362331516,528.4570035911482,118331,4.8,45.7
35021,NM-Harding,180.2,74.35960044395117,0.48391542730299664,0.5160845726970033,146.50387758046614,3640.3995477247504,438.4017926748058,48553,19.4,33.3
35031,NM-McKinley,6086.8,70.53272655582572,0.5453110961424722,0.45468890385752775,243.11626628113294,6589.899451327464,351.25190436025497,47668,33.2,13.3
35047,NM-San Miguel,3273.0,71.53137794072717,0.5187888970363581,0.4812111029636419,164.80294108768715,3514.879295099297,528.3837287564925,49431,24.4,26.5
35049,NM-Santa Fe,23109.8,73.39701771542809,0.5432670988065669,0.45673290119343307,121.42033185574951,5418.696833525171,411.03775175207056,79071,12.0,46.1
36033,NY-Franklin,6768.0,70.37606382978723,0.510612281323877,0.48938771867612296,192.40543177304963,10056.61938177896,704.3735190839244,65151,18.2,23.8
36065,NY-Oneida,23732.4,72.37223373952908,0.5417315897254387,0.45826841027456133,233.68055014832044,5262.375454399049,648.2951575651851,70154,15.5,27.8
36099,NY-Seneca,3022.8,70.73653566229986,0.5211766441709673,0.4788233558290327,237.19729782982662,7957.059699311897,652.6399278086543,68089,13.5,25.2
02188,AK-Northwest Arctic,466.6,71.0,0.46034436348049723,0.5396556365195028,288.46976510930136,8494.213480754393,192.02743583369053,84018,17.9,10.6
01021,AL-Chilton,2720.0,71.35132352941176,0.5413997352941177,0.45860026470588233,243.97056701470586,2504.63235282353,644.044102132353,65603,14.0,16.5
01105,AL-Perry,862.0,69.80417633410673,0.5134640371229697,0.4865359628770302,249.41995600928075,2893.967524037123,611.600944037123,37654,31.4,15.8
01117,AL-Shelby,14526.4,73.37533043286706,0.5644499008701398,0.43555009912986015,229.38925890241217,2831.933575459852,518.2701756470977,97961,7.2,46.8
01121,AL-Talladega,6795.0,71.09689477557028,0.5323347078734364,0.4676652921265637,249.65418825018398,3492.0677097660046,592.7299366445916,57776,17.8,16.5
05027,AR-Columbia,3321.8,71.90517189475585,0.5491359263050154,0.4508640736949847,212.9568116924559,3951.291477259317,578.3611236016618,55334,21.1,21.9
05045,AR-Faulkner,13516.0,72.57527374963007,0.5647749689257177,0.4352250310742823,222.06274951760875,4970.3758520642195,549.659645309263,67289,14.5,35.0
05057,AR-Hempstead,2565.2,71.50475596444721,0.537974879151723,0.4620251208482769,225.40154154062063,3351.005780679869,642.5229961952285,46787,20.2,16.3
05115,AR-Pope,7569.6,71.36918727541746,0.540077010674276,0.45992298932572395,207.83134551099133,3491.99428534665,545.1278855606637,57344,16.9,24.7
04003,AZ-Cochise,18097.8,73.37626672855264,0.5125083722883444,0.48749162771165555,173.14809895014864,3025.450597523456,540.0877505188477,59742,15.4,28.1
06057,CA-Nevada,22636.2,72.79411738719396,0.5290936473436354,0.47090635265636455,147.17135823680653,3609.157023058641,503.70645435011176,89882,11.0,41.5
06069,CA-San Benito,6947.0,73.0,0.5454110349791277,0.4545889650208723,192.5723337757305,4611.544537921404,625.2483118324457,114394,6.7,24.1
06083,CA-Santa Barbara,59321.6,73.60220223325062,0.5461362525623046,0.4538637474376956,171.77893269331915,2663.9739801566375,535.5957980563572,98161,14.7,36.8
08029,CO-Delta,5502.6,72.9623814196925,0.5168649910951186,0.48313500890488137,125.75871451677389,5334.13294936212,458.18341391705735,57774,14.0,26.6
08039,CO-Elbert,2584.2,72.38123984211748,0.5125863632845755,0.48741363671542454,178.46916480148596,3182.9579954105716,433.94472362820215,132685,5.3,36.1
08047,CO-Gilpin,493.4,70.15889744629104,0.45319432509120394,0.5468056749087961,124.0373004458857,2163.3563081880825,295.50060482367246,95361,11.2,52.8
08055,CO-Huerfano,1341.0,72.10782997762864,0.4972401193139448,0.5027598806860551,153.3184167934377,4026.3982028635346,559.43325803132,52526,17.3,26.4
12033,FL-Escambia,37141.0,72.96429821491074,0.5469857424409682,0.45301425755903174,252.95493314396492,6186.133918018901,719.8029096944077,67500,14.7,29.7
12035,FL-Flagler,19289.0,73.79897350821712,0.530680737207735,0.469319262792265,220.89272642646068,3490.6215966509403,524.6409523832235,77363,10.3,31.3
12043,FL-Glades,1277.8,73.92565346689622,0.4991361245891376,0.5008638754108624,301.9252154327751,2988.4175972139615,723.5874184535921,45870,17.2,13.4
12067,FL-Lafayette,829.8,72.74282959749337,0.5184117377681369,0.4815882622318631,270.18557351168954,2040.7327059773438,681.3690000723066,62757,17.5,9.9
36113,NY-Warren,7546.8,71.75653257009593,0.5180133354534373,0.4819866645465627,204.93454652037948,5752.610365256797,514.9467230587799,78442,10.5,36.4
36119,NY-Westchester,99451.8,75.0,0.5696854590867133,0.4303145409132866,247.4505385006606,4250.927578492295,541.8162313060196,118976,9.0,53.1
39043,OH-Erie,10650.8,72.57507417283209,0.536140896458482,0.463859103541518,228.54622846546738,7469.504635377623,662.9173323431104,71993,13.0,29.0
39093,OH-Lorain,29533.8,73.18552302785284,0.5470178615687787,0.45298213843122115,245.21732901150546,8877.367614914436,575.9231736451118,73347,12.1,28.5
39117,OH-Morrow,3575.8,71.56613904580793,0.509643978969741,0.490356021030259,218.35673014709997,6802.953198215784,628.3908533922479,75283,12.8,19.4
39133,OH-Portage,11997.2,72.18732704297669,0.5292789250825193,0.4707210749174807,230.05368138565666,7343.846903334112,577.4680704664421,75766,11.7,32.5
39143,OH-Sandusky,7842.8,72.18026725149181,0.5329961110827766,0.4670038889172234,208.52245676289078,6367.54730535523,614.9079149665936,62295,15.0,18.4
40043,OK-Dewey,919.0,73.0,0.5218727747551687,0.4781272252448313,228.94450226332972,5045.701859194776,640.6963902067464,62569,14.1,22.4
40139,OK-Texas,2078.0,73.37208854667949,0.5346379210779596,0.46536207892204046,225.40905000962465,3239.9422511068333,573.820990240616,60069,15.7,22.1
41003,OR-Benton,7577.6,72.39313239020271,0.530603660789696,0.46939633921030405,136.85070863597974,5520.534202306799,454.78778909417224,77702,18.2,54.2
41051,OR-Multnomah,35505.8,70.37917748649517,0.5241170394696077,0.47588296053039225,183.28271721465225,5317.350973714718,580.6431899458681,88766,12.6,48.9
41053,OR-Polk,6008.2,71.38377550680737,0.5305390100196398,0.4694609899803602,162.5445102926001,4257.58132266569,584.0351368729403,85118,12.7,31.2
42017,PA-Bucks,76139.2,72.79689831256435,0.5511939164057411,0.44880608359425894,237.24703850106124,4488.024579463667,490.8036791810263,114764,6.1,44.8
42089,PA-Monroe,19868.2,71.37331011364894,0.5291637551464149,0.4708362448535851,252.01073868795362,6688.799186004771,609.6374943256058,83565,10.7,27.4
45081,SC-Saluda,2331.2,73.3024193548387,0.5398185054907344,0.4601814945092656,196.122204975978,2705.044609454358,485.0720863932739,51009,18.7,20.4
45083,SC-Spartanburg,31417.0,72.38237896680141,0.5531323410892192,0.4468676589107808,195.90665856638125,4350.701848109622,528.0580644192635,66234,14.5,25.1
46023,SD-Charles Mix,1421.0,74.0,0.5201959465165377,0.4798040534834624,238.98662485573539,8937.086545559465,446.868392385644,64038,24.0,25.7
46057,SD-Hamlin,624.0,72.36891025641026,0.4948689743589743,0.5051310256410256,171.79485115384614,5810.8974363782045,412.82049871794874,87101,6.9,24.5
46079,SD-Lake,1712.2,73.0,0.5281932484522837,0.4718067515477164,181.28723299848147,10807.031904987734,433.5942079546782,76808,8.4,34.6
46109,SD-Roberts,1225.8,73.0,0.5075911404796868,0.49240885952031327,179.14830226790667,7783.651501076847,528.634366111927,65130,15.7,18.6
46119,SD-Sully,272.0,74.0,0.4529386764705882,0.5470613235294118,200.7352980147059,8529.411747647058,416.1764642647058,72578,6.3,24.1
47145,TN-Roane,6707.2,72.57189289122137,0.531363489980916,0.46863651001908396,215.0524804776956,3196.3561467944896,517.5035995914837,71885,12.0,22.1
47159,TN-Smith,2225.2,72.37848283300377,0.5281357810533884,0.4718642189466116,243.39383668883696,2530.6489216519863,425.0404431062377,66293,10.0,18.5
47167,TN-Tipton,6925.4,72.15999075865653,0.5473942154965779,0.45260578450342215,241.8054978889306,3650.9082566869783,591.3593360470153,74127,13.6,20.7
47181,TN-Wayne,2049.2,73.12853796603552,0.530849326566465,0.46915067343353506,256.6855262931876,4660.257671403475,590.0839610677338,52294,20.0,13.8
48015,TX-Austin,3979.6,73.5903105839783,0.5287528696351391,0.4712471303648608,197.10523743592324,4258.015887275103,526.0327782741984,75789,12.0,25.1
48051,TX-Burleson,2373.8,72.36852304322184,0.5136921223354959,0.4863078776645042,253.93885929732917,5966.804267655236,664.3356802594996,70000,12.7,23.5
48063,TX-Camp,1544.2,72.37637611708328,0.5358429348529983,0.4641777878513146,226.5250729698226,5459.396440720114,500.4532918663385,58843,19.9,22.2
48081,TX-Coke,550.8,73.59876543209876,0.5225007625272331,0.47749923747276696,280.6826371096587,4980.029079266522,553.7400104575163,43333,22.9,23.0
48129,TX-Donley,557.8,73.59268555037647,0.5281437432771603,0.47185625672283976,225.88742330584438,2093.5819356758693,452.4919235568304,58750,7.9,16.6
48141,TX-El Paso,32936.8,72.7689271574652,0.5263816363459717,0.47361836365402826,196.69791473185006,1757.991088316412,522.8255467932526,59806,18.7,25.9
48347,TX-Nacogdoches,6298.2,72.56143024991268,0.5308341526150329,0.46916584738496714,259.94730135594295,3375.5676340732275,609.6662495506653,53555,21.8,28.2
48441,TX-Taylor,14634.6,72.5781367444276,0.5408840637940223,0.4591159362059777,268.18637954846736,4678.761271180628,676.8343589192734,67139,14.7,29.3
48455,TX-Trinity,1948.2,72.55754029360435,0.5015792321116928,0.49842076788830714,245.66265826917154,2541.730840919823,575.1976249153064,52018,17.6,16.8
48507,TX-Zavala,663.6,70.5159734779988,0.5042120855937311,0.49578791440626885,281.19349764918627,3354.7317691380345,825.1958903857746,36749,33.9,11.1
49031,UT-Piute,330.0,73.56666666666666,0.5242601818181818,0.4757398181818182,150.30302872727273,3832.7272697575763,510.9090826060606,48393,10.2,19.6
49041,UT-Sevier,2947.4,72.70747099138224,0.5193778177376671,0.48062218226233294,163.737507572776,4030.6710978964516,516.7944648164483,74884,9.7,22.8
51550,VA-Chesapeake City,25383.8,72.78936959793253,0.5579424774856405,0.44205752251435954,222.16531914764536,4711.107087324986,563.6271790716914,95373,9.4,36.9
51059,VA-Fairfax,91119.6,74.79024710380642,0.5542394826140589,0.4457605173859411,164.66051037976462,2119.469361634599,442.2539255132814,153637,5.9,65.0
51600,VA-Fairfax City,2521.6,74.60842322335026,0.55812637214467,0.44187362785532996,192.33817266021575,2108.819809882614,546.0025378489847,132348,9.1,62.4
51710,VA-Norfolk City,17259.8,72.13175123697842,0.5589442021344396,0.44105579786556043,234.01198277036815,5187.858501654712,714.0870529623751,66109,16.5,33.5
51159,VA-Richmond,1288.4,74.0,0.5655142968022354,0.4344857031977647,218.7208952654455,3877.832966671841,637.069230689227,66304,7.7,16.9
51183,VA-Sussex,1380.2,73.30357919142153,0.5480451818577018,0.4519548181422982,265.03406103463266,3613.679179669613,663.8168442109838,63530,11.6,16.5
53027,WA-Grays Harbor,16973.6,71.15749163406703,0.5224009732761465,0.4775990267238535,176.4269128953198,3951.5836053164917,637.3191044893247,64414,15.3,18.2
53049,WA-Pacific,7530.6,72.37641091015324,0.5170912331022761,0.482908766897724,157.22518137200223,6076.88631698935,662.0189862454519,67081,10.4,24.9
53061,WA-Snohomish,49592.8,72.57541014018165,0.5355859838524947,0.46441401614750527,173.5856618960817,3559.0085513788295,495.6001595235598,111246,8.0,38.2
53073,WA-Whatcom,23891.6,72.77355221081886,0.5345977741130775,0.4654022258869226,163.27914760334173,3387.4499599725427,459.69292965142563,81784,12.9,39.3
55039,WI-Fond du Lac,7679.0,72.17257455397838,0.54935733038156,0.45064266961843996,201.14598856101054,5751.738515606198,597.9684921552287,74275,9.2,22.3
55093,WI-Pierce,3711.2,71.0,0.5192390709204571,0.480760929079543,178.37895694654017,5580.782515860099,574.5850469874973,92109,9.8,33.5
55105,WI-Rock,17118.0,70.97377030026873,0.5475763477041712,0.4524236522958289,207.36068151302723,9638.7895746676,701.4721489309499,75673,9.3,25.8
55131,WI-Washington,11823.2,73.0,0.5499685499695514,0.45003145003044864,224.3724018100007,4740.527091000745,530.7192745551121,96359,5.8,35.2
12131,FL-Walton,10303.0,72.59155585751722,0.5301320663884305,0.4698679336115695,195.12764237794815,4961.428728434436,583.5193669669029,81986,12.5,35.0
13005,GA-Bacon,1062.2,71.11749199774054,0.5313473922048578,0.4686526077951422,264.3569865562041,4665.599684447373,660.5159109019017,44694,24.5,10.4
13049,GA-Charlton,1058.2,71.73048573048573,0.5108641844641846,0.4891358155358155,290.3043078624079,2790.0208175203175,704.0257224154224,61276,18.1,12.3
13069,GA-Coffee,3139.4,70.88692106771995,0.5336776135567305,0.46632238644326934,255.5902451742371,4982.608158011084,644.2632067401415,50683,23.1,13.9
13105,GA-Elbert,2217.4,72.51862541715522,0.5276553891945521,0.4723446108054479,239.74021221250112,3011.1842825381077,595.7427662667989,58450,18.0,16.3
13161,GA-Jeff Davis,1306.4,71.62905695039804,0.5402566748315982,0.4597433251684017,214.17637423453766,4460.808357761788,700.2449332669933,40283,21.8,13.2
13201,GA-Miller,666.6,73.0,0.5391523852385239,0.4608476147614761,286.5286487248725,10490.849079087908,741.6741591959196,51425,23.8,21.3
13247,GA-Rockdale,5463.8,71.16933269885428,0.5406892053149822,0.45931079468501773,236.61186114425854,3181.1925676598703,540.4663383615799,77247,10.8,32.4
13279,GA-Toombs,2354.0,72.52302463891249,0.5631317162276975,0.43686828377230247,230.50128165675443,3365.5904902718776,665.5904783092609,52621,22.5,18.4
19001,IA-Adair,1399.2,74.57161234991423,0.5528758862206975,0.4471241137793024,182.6758251572327,8827.901643353345,541.0234449256718,68092,9.5,19.9
19005,IA-Allamakee,2668.4,73.79778144206266,0.5212325588367561,0.4787674411632439,147.35419931044822,8587.468156940487,584.1702863288862,70694,10.1,22.2
19071,IA-Fremont,1357.6,73.38140836770772,0.5254802003535651,0.47451979964643487,185.62167116971125,7787.713598644668,504.7141976870949,71621,7.7,20.8
19091,IA-Humboldt,1894.2,74.1894203357618,0.5386028191320875,0.4613971808679126,186.7806896526238,9710.062314074543,642.5931663710273,71946,12.9,19.4
19187,IA-Webster,5566.8,73.37005101674211,0.5466902170007905,0.45330978299920954,189.91164637493713,5044.226472644967,530.0351943881583,68975,12.9,22.0
19195,IA-Worth,1413.8,73.5770264535295,0.5355615362851889,0.4644384637148111,195.360035874947,10090.111743881736,481.96351096336116,78008,8.2,19.1
16067,ID-Minidoka,2371.4,72.3655224761744,0.521947769250232,0.478052230749768,160.07421810744708,6292.485463869444,546.84995273678,70377,14.5,15.7
17007,IL-Boone,5080.8,72.76838293182176,0.5345714611872147,0.46542853881278534,211.54148529759092,5226.460403932452,563.1396529207999,84571,9.9,23.6
17037,IL-DeKalb,9864.0,72.77978507704785,0.5481005393349554,0.4518994606650446,237.08435472830493,5949.675592672344,605.0486796553122,70724,14.8,33.0
17093,IL-Kendall,9850.0,72.78456852791878,0.554049392893401,0.445950607106599,229.5228551675127,4140.588829303553,576.040637480203,111601,5.4,36.9
17099,IL-LaSalle,17104.0,72.77082553788587,0.5361912336295602,0.46380876637043966,222.52103021515435,6931.092129266838,612.7338804724042,73045,13.9,20.5
17097,IL-Lake,74535.0,74.0,0.5502845371972899,0.44971546280271013,231.08068411565037,5703.146181189509,506.7551916288992,110416,8.3,47.7
17107,IL-Logan,3572.8,73.36475593372145,0.5401467924317063,0.45985320756829373,234.71787067286158,6050.884449837663,713.2221291480072,66358,13.1,20.9
17111,IL-McHenry,35859.0,73.19293901112691,0.5482772375135948,0.451722762486405,252.02599794863218,4501.313494295992,559.982155043922,104802,6.2,35.2
17155,IL-Putnam,1009.4,73.0,0.494941628690311,0.505058371309689,166.83179227263722,7470.774701327522,492.7679532989895,75590,8.1,22.9
17177,IL-Stephenson,4925.8,72.7556945064761,0.5449621584311177,0.4550378415688822,200.94197159040155,7947.0136929717,628.3649581915629,64043,13.9,20.7
17197,IL-Will,62337.8,73.0,0.5527529912829776,0.4472470087170224,256.8104896942144,4221.788390611796,535.899570219995,109984,7.3,37.5
18009,IN-Blackford,1670.2,72.93545683151719,0.5381276014848522,0.4618723985151479,269.5485596934499,5894.982644234225,692.8511670578373,51326,16.2,14.5
18089,IN-Lake,51169.2,72.18569764624031,0.5668132599298015,0.4331867400701985,276.6781519300673,5903.223035432643,612.1260389054352,71493,14.3,25.8
18153,IN-Sullivan,2709.6,72.37142013581341,0.5366246014171834,0.4633753985828166,222.68967023914965,8213.16798387954,659.5807525243579,56204,13.9,14.6
20043,KS-Doniphan,1382.4,73.38035300925925,0.5280416087962964,0.47195839120370375,243.63426653645834,9556.13426671007,554.253449045139,74028,9.6,21.7
20133,KS-Neosho,2749.4,73.36713464755947,0.5469562231759657,0.45304377682403435,236.051512286317,7106.350489917801,725.75835182949,56618,13.1,23.3
20151,KS-Pratt,1880.2,73.7973619827678,0.5489909477715136,0.4510090522284863,214.87076780129775,8031.27327552388,577.9172400382937,66022,12.3,25.8
21033,KY-Caldwell,1817.0,71.93824986241057,0.5338288827738029,0.46617111722619703,225.53657346175012,5536.598774925702,657.4573230709962,59583,15.1,17.1
21035,KY-Calloway,4271.6,72.37171083434778,0.5397228719917595,0.4602771280082405,242.0170476776852,4655.445243407622,572.0104999110404,52706,17.2,31.2
21049,KY-Clark,3310.4,71.71689221846303,0.5422869804253263,0.4577130195746738,213.14645895964236,3928.044933772354,691.3967985560657,64348,14.6,22.9
21163,KY-Meade,3003.4,70.35712858760071,0.49876697076646465,0.5012330292335353,206.03314484917095,4740.094575887328,516.015162662316,74355,12.2,20.0
21169,KY-Metcalfe,1181.4,69.89724056204503,0.5188718638902996,0.4811281361097004,232.26678518706623,5962.586753089554,598.6118137633317,51473,27.5,13.0
21213,KY-Simpson,2143.0,72.12767148856743,0.5370811292580494,0.46291887074195054,249.18337342043858,3484.741008875408,629.0247485860943,59858,15.5,18.8
21235,KY-Whitley,3978.4,69.68680876734365,0.5067850291574504,0.4932149708425497,234.4661118137945,4125.980313985522,695.153811828876,44615,26.3,20.9
22011,LA-Beauregard,4839.4,71.14365417200479,0.5303820225647807,0.4696179774352192,226.80498248543208,4856.635136661569,711.906448233252,65944,14.3,17.1
22047,LA-Iberville,1788.0,70.70816554809844,0.5249190715883669,0.47508092841163313,228.18791702460848,3920.2460731655474,683.1096289373601,54000,19.9,18.6
22055,LA-Lafayette,25746.4,72.38365752105149,0.5588104612683715,0.44118953873162847,229.30585604434017,4125.524354823975,597.8855184452972,67451,17.1,35.3
25003,MA-Berkshire,28905.0,72.3885556132157,0.5451903103269331,0.45480968967306695,212.61373565265524,9033.018523636742,678.0487847548868,76013,11.4,40.0
24015,MD-Cecil,15728.2,71.58034612988136,0.547720315102809,0.452279684897191,240.40896865757048,3144.339464709248,610.5593673719816,92007,10.8,28.0
23011,ME-Kennebec,12178.2,69.76686209784697,0.5168461759537535,0.4831538240462466,173.65455159547386,8771.608283030331,645.9575330902762,69077,11.6,31.9
23025,ME-Somerset,6350.8,70.0826352585501,0.5037788373118347,0.4962211626881653,169.45896663727402,9415.853109586193,767.2734222208225,58179,14.2,21.1
23031,ME-York,25054.6,72.78308973202526,0.5448254699735777,0.4551745300264223,187.61425785444587,8527.376211816592,609.6924356301837,88333,7.7,36.2
26003,MI-Alger,1361.0,72.56605437178546,0.4803938721528288,0.5196061278471712,168.11168116091108,6216.3115319764875,470.6833286113153,61286,10.4,21.0
26051,MI-Gladwin,3501.2,71.33605620929967,0.5129093453673026,0.48709065463269735,206.72914381354963,7895.807180332457,700.959679801211,55349,14.9,16.9
26103,MI-Marquette,7467.6,72.16232792329531,0.5114479297230704,0.48855207027692976,178.39735218008462,6461.567297404788,539.8789458862285,65429,14.0,36.8
26109,MI-Menominee,3259.6,72.36151675052153,0.5148255798257455,0.4851744201742545,181.74010964535526,4452.080017394773,524.3588291937662,56435,12.2,18.5
26125,MI-Oakland,112056.0,72.77964410651816,0.5666432371314343,0.43335676286856567,267.8856859066895,4641.6666738564645,571.8230309952166,97760,7.7,51.0
26139,MI-Ottawa,12850.8,71.0,0.5372218881314782,0.4627781118685218,191.03868732841534,7324.555676686276,606.4058287468483,90502,8.3,38.9
26157,MI-Tuscola,5472.4,71.34080111102989,0.5262585373876179,0.4737414626123822,251.69946189971495,5908.157296327023,672.0999897595204,63811,12.8,16.3
27087,MN-Mahnomen,625.4,70.34793732011512,0.5184070674768149,0.4815929325231852,226.095286440678,8500.15989661017,818.0364389190917,59441,18.3,16.2
29065,MO-Dent,2610.0,71.71846743295019,0.5310286513409962,0.4689713486590038,245.28734963984675,6752.873581233716,636.7049943754789,56312,12.2,16.5
29081,MO-Harrison,1676.0,73.57732696897375,0.542621014319809,0.457378985680191,220.52504978520287,10563.1264975179,626.0142960262531,54367,19.6,15.7
29165,MO-Platte,9769.4,73.0,0.5519242143836879,0.4480757856163121,225.70475638217295,4639.343259932032,526.8900798595614,96227,7.0,46.5
29179,MO-Reynolds,924.2,71.54209045661112,0.5182957368534948,0.48170426314650516,199.95672767799175,4018.177871975763,537.546010647046,45028,17.3,15.0
29211,MO-Sullivan,1032.2,72.56694439062197,0.5206071110249952,0.4793928889750048,198.41114458438287,4796.357280488278,573.9197622941291,56964,13.7,15.5
29213,MO-Taney,6230.6,71.95676178859179,0.5297213623086059,0.4702786376913941,192.79043775880334,5635.348100966199,555.80522566366,56497,15.6,25.0
29221,MO-Washington,2297.8,69.8636086691618,0.5125696753416311,0.48743032465836883,262.25084293672205,5059.18704330229,766.3852465662808,56043,17.4,11.7
28033,MS-DeSoto,18809.8,72.37583600038278,0.5735914151133984,0.42640858488660166,252.26212905719362,2996.661311731119,553.4242982817467,85297,9.7,29.0
28049,MS-Hinds,20455.8,71.7210082226068,0.5685443463467574,0.4314556536532425,263.4460689085736,4029.644412048417,569.8432725818594,49402,22.7,31.2
28091,MS-Marion,3176.0,72.10724181360202,0.5503685453400503,0.44963145465994964,270.02518236146096,3151.6372832178845,873.9294750818639,45110,19.7,13.7
28117,MS-Prentiss,4422.6,70.90620901732012,0.5600547415547416,0.43994525844525845,250.30524608149054,4021.480568525302,678.7410462804685,49724,16.8,19.7
28131,MS-Stone,2109.2,71.3664896643277,0.5327300113787218,0.4672699886212782,229.7553605158354,6067.229294348568,657.8797561255452,61413,16.9,17.2
28135,MS-Tallahatchie,1643.2,70.84530185004868,0.5492713851022396,0.4507286148977605,259.3719578261928,7441.820811733203,687.0740072541383,37466,24.6,11.7
28145,MS-Union,4599.0,71.91989562948467,0.5586528027832137,0.4413471972167863,226.83191814307457,4163.861705883887,663.9269600304415,55505,15.1,19.1
28161,MS-Yalobusha,2438.6,70.91659148691872,0.5452176330681539,0.45478236693184615,312.8024107274666,6556.220801074387,631.8379266218323,49151,21.5,15.6
30021,MT-Dawson,1813.8,73.79810342926453,0.5193490020950491,0.48065099790495097,180.94608060425625,7560.039681199692,779.0274379534679,71334,8.7,21.8
30025,MT-Fallon,539.2,74.1906528189911,0.5344985163204747,0.4655014836795252,192.1365159495549,7629.080148961424,582.7151264836796,76250,11.4,16.2
30027,MT-Fergus,2121.0,74.0,0.5154975200377181,0.48450247996228196,137.95379683168315,7201.885932314945,483.54548876944835,63706,15.1,24.0
30047,MT-Lake,5699.8,72.193691006702,0.523495406856381,0.47650459314361904,149.68946603038705,7020.527058377487,508.0177975402646,63360,17.2,31.5
30099,MT-Teton,988.4,72.79461756373938,0.5240823755564548,0.4759176244435452,151.5580817887495,7441.319297612303,462.36342252124643,70430,13.4,26.8
37027,NC-Caldwell,7961.6,71.92556772508038,0.5362677602491961,0.4637322397508038,213.7258753516881,5567.272922183983,586.0882501959405,56425,13.4,18.8
37051,NC-Cumberland,27894.6,70.71920730177168,0.5418281007793624,0.45817189922063767,224.68864417055633,2990.6648702250613,582.0911667369312,61291,16.7,27.8
37079,NC-Greene,2046.4,71.15089913995308,0.5119087372947615,0.4880912627052385,235.43783127443314,2064.50351876466,513.6825609460517,53244,21.0,12.2
37163,NC-Sampson,5943.4,72.08318470908907,0.5384146246256352,0.46158537537436484,258.3369743110004,3337.9210611266285,753.1379461991452,52432,21.8,16.2
38029,ND-Emmons,598.0,73.35652173913043,0.5010183946488295,0.49898160535117053,185.61869612040132,8540.133785083613,523.4113607692308,66538,9.1,22.2
38039,ND-Griggs,488.4,74.56756756756756,0.5249914004914005,0.4750085995085995,220.3112204750205,8764.946784111386,471.334958968059,61711,11.7,26.0
38043,ND-Kidder,346.6,71.933064050779,0.5043308136180035,0.49566918638199653,223.31216999422966,5316.791689901905,467.97457311021356,65610,10.2,26.2
38049,ND-McHenry,955.2,72.56867671691792,0.50374405360134,0.49625594639865994,178.18257778475711,8669.179242818258,468.80233000418764,80733,9.7,20.3
38069,ND-Pierce,780.6,74.0,0.5418643863694594,0.4581356136305406,214.4504186010761,10594.158333333333,613.6305336151679,59365,10.8,28.2
31033,NE-Cheyenne,1964.4,73.0,0.5365465689268988,0.4634534310731012,183.5675102117695,9564.039924373856,583.3842386581144,60348,14.3,23.2
31093,NE-Howard,1109.8,74.36583168138404,0.5417240043251036,0.4582759956748964,178.9511708776356,7457.920344566588,418.45377552712205,76767,4.8,26.0
31125,NE-Nance,691.8,74.0,0.5270087597571552,0.4729912402428448,197.74502304134143,7479.040198814687,419.77450968488,65179,16.6,20.1
31141,NE-Platte,5169.2,74.0,0.5564151319353091,0.4435848680646909,168.96232941267505,5300.0851110036365,514.1221034396038,71552,9.8,23.0
31145,NE-Red Willow,2299.8,73.80441777545873,0.5542232107139752,0.4457767892860249,199.14776817984173,8109.835629428645,556.2222795808331,63697,14.0,24.8
31161,NE-Sheridan,1172.4,74.0,0.5383846980552712,0.4616153019447287,202.32001925963834,7756.908905834187,434.4933571647902,60121,11.3,24.2
31183,NE-Wheeler,175.2,73.37785388127854,0.5194010273972604,0.4805989726027397,181.50684075342465,7020.5479374429215,350.45663378995437,70250,5.2,30.3
33005,NH-Cheshire,12776.2,71.97955573644745,0.5364064322725067,0.4635935677274933,169.81573650224638,10156.775898505033,541.3503460575131,83329,8.7,35.5
34011,NJ-Cumberland,13868.8,71.76753576372866,0.5539240828334102,0.44607591716658973,297.45905761998154,3177.1458190816793,692.9222259791762,67436,15.6,18.9
34015,NJ-Gloucester,31413.6,72.38354088674969,0.5628261822904729,0.4371738177095271,262.94979593233506,3462.1437862963808,601.9749476608857,105115,7.7,36.8
34021,NJ-Mercer,31312.4,73.19247965662166,0.5658259239151263,0.4341740760848737,247.97205105197938,3701.65811231972,611.776806243533,100645,10.3,45.4
35051,NM-Sierra,2176.8,73.17769202499082,0.4968696618890114,0.5031303381109885,172.08745339948547,3981.256899660051,630.2829927967658,41600,21.4,17.0
35057,NM-Torrance,1222.6,69.55913626697203,0.4797896286602322,0.5202103713397678,151.316866186815,3269.589422165876,407.16507032553574,57842,18.3,16.6
36079,NY-Putnam,12030.0,73.58786367414797,0.5325704871155444,0.4674295128844555,214.76308508229425,3602.7099011970076,504.02327575228594,126257,7.1,45.5
36091,NY-Saratoga,20622.2,72.38542929464364,0.5429706772313333,0.4570293227686667,199.89139770732513,6189.679077104286,456.7698972049539,100787,7.1,45.4
02066,AK-Copper River,160.66666666666666,68.14315352697095,0.4771819502074689,0.5228180497925311,108.04601747126438,1414.9377825726142,244.81328049792532,79250,8.7,23.4
02090,AK-Fairbanks North Star,11266.2,71.20821572491168,0.496879322220447,0.503120677779553,124.63830732811418,5215.014841992864,535.3357663702046,88267,6.1,33.1
02195,AK-Petersburg,813.0,72.80492004920049,0.5026094956949569,0.49739050430504306,148.58545483394835,8557.933560639605,379.58179530135305,75125,7.0,25.8
02220,AK-Sitka,1429.6,72.41256295467264,0.5102171936205933,0.4897828063794068,185.64633517067713,13242.725237702854,106.88304279518745,101727,7.5,34.3
02282,AK-Yakutat,96.0,73.39375,0.4104302083333333,0.5895897916666667,135.8885087108014,2491.666669166667,156.25001437499998,85000,11.9,14.4
01023,AL-Choctaw,1914.6,71.22009819283402,0.5358661339183118,0.4641338660816881,214.45732202026534,5111.250399174763,726.6269830878513,47813,16.5,15.8
01041,AL-Crenshaw,1347.4,71.85690960368116,0.5356627579041117,0.46433724209588834,246.54890758497848,3211.518457251002,782.9894676413835,48560,17.9,18.7
01063,AL-Greene,844.6,68.8688136395927,0.5147769358276106,0.48522306417238936,239.8768795642908,2894.86147977741,614.9656558844424,29200,40.1,15.1
01081,AL-Lee,11626.8,71.14750404238484,0.5418148862971754,0.45818511370282455,195.04935919083496,3880.947471204459,493.1537283534593,65824,18.9,42.4
01119,AL-Sumter,1235.8,69.26897556238873,0.55106109402816,0.44893890597184016,219.45299151966339,4204.887519906134,616.7664649781518,33310,26.5,19.0
05013,AR-Calhoun,708.4,71.93873517786561,0.5392581027667984,0.4607418972332016,223.32015813099943,3514.9633033032187,603.613773715415,66809,10.2,19.8
05061,AR-Howard,2000.6,71.74327701689494,0.5395411276617015,0.4604588723382986,219.43414511646506,4766.869948385483,683.8948169549136,45603,22.5,16.2
05087,AR-Madison,1835.2,71.94714472537053,0.5190764821272885,0.4809235178727114,177.09242526155188,1571.9267748365303,436.6826515584132,56798,14.1,12.9
05125,AR-Saline,16278.0,72.56337387885489,0.5525383953802679,0.44746160461973206,225.74026565794324,3831.883526268583,522.3614782184544,79046,8.8,29.4
06003,CA-Alpine,230.2,71.9887054735013,0.5169255430060817,0.4830744569939183,165.94265351867944,4759.339689661164,668.1146957428323,105521,10.0,41.1
06005,CA-Amador,7845.0,73.19049075844487,0.5347538024219248,0.4652461975780752,176.2906240433397,3176.596566393881,707.1000611217336,88044,8.2,22.4
06029,CA-Kern,58432.2,70.39006575141788,0.525463309271258,0.47453669072874205,205.44153461995268,2808.8793512953475,591.7867234470036,70210,19.1,18.8
06043,CA-Mariposa,4075.0,72.98449079754602,0.5228631116564417,0.4771368883435583,187.9754448245399,3763.9754797447854,660.8588828269939,68412,14.0,31.8
06071,CA-San Bernardino,80173.6,69.7899957093108,0.5230979913587515,0.4769020086412485,237.13042077292278,3233.27877446092,631.8513807832005,85478,13.3,23.3
06081,CA-San Mateo,51141.2,74.79488162186261,0.5515675725246963,0.44843242747530365,156.93803547316057,4757.577074974385,448.20616784705874,158855,6.7,53.7
06107,CA-Tulare,41121.0,72.0,0.5301364728484229,0.4698635271515771,192.92330717686826,3326.003767519758,518.2412806074755,71300,17.9,16.6
08075,CO-Logan,2817.6,72.56565871663827,0.5229315658716639,0.47706843412833616,191.1555856402612,5222.74276790886,704.2873511002272,51829,15.8,20.1
12027,FL-DeSoto,3715.0,73.36113055181696,0.518489001345895,0.481510998654105,258.89636358008073,4285.814251090175,738.0349902234185,54417,24.1,10.8
12049,FL-Hardee,2083.2,72.34754224270354,0.5110486559139785,0.4889513440860215,286.48232644009215,3757.0084783794164,458.0453083141321,60489,25.3,12.1
39009,OH-Athens,5512.6,70.73685738127199,0.5276406632079237,0.47235933679207637,237.96396598338347,7468.417815749375,687.0804738562566,56001,21.5,34.9
39017,OH-Butler,29294.8,72.37515873124241,0.5339314260551361,0.46606857394486395,252.54993229583408,5255.294444108169,616.9217743292324,81590,11.8,32.8
39041,OH-Delaware,17397.4,73.0,0.5413258877763344,0.45867411222366555,180.8086293584099,5065.423574076586,509.09905290445704,133540,4.7,59.4
39119,OH-Muskingum,9738.8,70.35988006735943,0.5282673224627265,0.47173267753727355,244.11630977327803,6258.9230550827615,714.8930041113895,60780,15.1,20.6
39151,OH-Stark,26695.6,71.56914248040876,0.5346526019269093,0.46534739807309067,204.16846324038417,5518.145320942028,525.4873400545408,67934,12.5,25.9
39163,OH-Vinton,1448.4,70.16445733222866,0.483311916597625,0.516688083402375,230.73735410107707,7527.064330737366,650.6489848660591,55336,17.3,13.4
40029,OK-Coal,826.4,72.0,0.5399593175217812,0.4600639157792836,331.55856030977736,5260.890606631171,674.9758099467571,50423,20.8,18.3
40065,OK-Jackson,3484.8,72.77421946740128,0.5432753099173554,0.4567246900826446,239.84158382690543,5683.080800126263,778.5238736857208,62799,16.2,24.8
40117,OK-Pawnee,2349.2,71.94168227481696,0.5297895198365401,0.4702104801634599,244.59389555593393,5064.873155627448,667.0355999318917,58738,18.2,16.9
40143,OK-Tulsa,54622.0,72.15128336567683,0.563573085203764,0.43642691479623597,250.32038043462336,3348.38342312548,544.8756648533558,69009,14.7,34.4
41045,OR-Malheur,4373.4,71.7788448346824,0.5154767960854255,0.4845232039145744,169.52482584259386,6182.329534952211,640.7829259797869,54519,17.6,15.2
41061,OR-Union,5637.4,72.0,0.5244670309007698,0.47553296909923015,150.8851432078618,8276.191155674602,618.7249419945365,65661,16.1,26.1
42029,PA-Chester,62826.0,73.601601247891,0.5554817807913922,0.44451821920860796,204.58408323273807,4614.067397363194,436.19522293922904,127208,6.0,57.1
42047,PA-Elk,4996.8,73.37155779699007,0.5357729707012487,0.4642270292987512,190.88216758725585,11729.346792479184,616.3544805955812,66380,8.7,20.6
42063,PA-Indiana,5242.0,71.73620755436856,0.5178811064479206,0.48211889355207943,226.55474773368942,6103.166738977489,594.5440719610835,60208,14.0,27.0
42123,PA-Warren,5368.4,72.94739587214067,0.5408260189255645,0.4591739810744356,228.48520943297817,7945.235085597199,607.5180572684599,60480,10.8,19.9
42129,PA-Westmoreland,24484.6,71.97026702498714,0.5454504864282039,0.4545495135717961,246.66116870277642,5157.690967351723,560.8913054409712,74109,10.3,32.8
45011,SC-Barnwell,2394.8,71.50501085685653,0.5378244780357441,0.46217552196425593,225.90612750125274,2655.9211485468513,686.5709110990479,46626,25.0,13.9
45027,SC-Clarendon,4660.4,72.13157668869624,0.5361950819672132,0.4638049180327869,215.94712495493948,3957.771839305639,581.5809995193546,52401,15.4,18.2
45031,SC-Darlington,8457.0,72.1062788222774,0.5487807118363486,0.4512192881636514,259.92668829135624,4251.554919415868,613.692792498522,48581,21.1,19.9
45065,SC-McCormick,2170.8,73.0,0.5003501842638659,0.49964981573613415,150.8199899391929,5232.8173743044035,417.63404211350655,55798,17.6,24.0
45071,SC-Newberry,5476.2,72.78700558781637,0.5420230488294803,0.45797695117051973,176.1805680143165,3217.3405055038165,538.5851435192286,61780,17.4,23.1
45087,SC-Union,3125.8,71.55077100262334,0.5520680273849894,0.4479319726150106,222.59900316079083,4563.88763878687,740.0985353573485,41621,22.6,15.0
46017,SD-Buffalo,170.6,67.0,0.49004806565064474,0.5099519343493553,301.2895753810082,7490.035155920281,1116.0609744431417,47045,33.9,9.9
46055,SD-Haakon,460.6,74.0,0.5227878419452887,0.4772121580547113,220.58184858879721,10158.923154320453,395.13678666956145,65625,7.7,21.5
46065,SD-Hughes,2842.2,72.60087256350714,0.5242348673562732,0.4757651326437267,179.36810366617408,10063.33121641686,508.3385985856027,81395,9.2,39.0
46091,SD-Marshall,779.2,74.17684804928132,0.4964024383983573,0.5035975616016427,213.0390130903491,9455.59547025154,499.48666368069814,78156,6.1,25.4
46089,SD-McPherson,572.4,75.0,0.5101074772886094,0.48989252271139067,212.08945468204055,9308.176069322151,441.64920230607964,66906,12.9,26.5
46097,SD-Miner,440.6,74.0,0.5006604630049931,0.4993395369950068,196.55016754425785,5997.730353245574,416.25057280980485,76140,11.2,16.7
47045,TN-Dyer,4616.8,72.72340149020967,0.5574566409634378,0.4425433590365621,228.33997664182985,2840.712190443597,638.190950948709,58154,16.3,21.1
47079,TN-Henry,5524.6,73.56413133982551,0.5414411830720777,0.45855881692792244,199.14565561307606,3546.0666949208994,534.7355420844948,50613,18.3,19.1
47117,TN-Marshall,3298.0,72.37501516070346,0.5516159975742874,0.4483840024257125,220.31533393571866,4458.3384099332925,582.4135924924196,71049,11.8,23.1
48005,TX-Angelina,9237.6,72.37128691435005,0.5389111760630467,0.46108882393695333,269.65878276608646,3209.773128366676,622.5209974019226,60960,15.8,17.9
48011,TX-Armstrong,287.4,74.0,0.5386330549756436,0.46138698677800966,223.38205942936673,2031.3152233124565,450.93946945024356,72750,5.2,27.2
48043,TX-Brewster,1284.4,72.38399252569293,0.5039071161631891,0.49609288383681094,149.6418589068826,3068.9816375739642,518.6857827312364,56212,8.9,45.5
48053,TX-Burnet,7463.4,73.78395905351448,0.5367628935873732,0.46323710641262694,187.50167917303102,5572.339683396308,455.0740975533939,78732,8.0,28.5
48073,TX-Cherokee,5082.6,72.5581001849447,0.5204446188958407,0.47955538110415935,221.18599809546293,5950.891249470743,565.6553656356982,61261,18.2,18.9
48075,TX-Childress,740.8,73.18061555075595,0.5574957073434126,0.4425042926565875,203.02375753239744,3999.9999869060475,715.4427721922247,58654,15.3,11.8
48139,TX-Ellis,14464.4,72.38035452559387,0.5412992892895662,0.45870071071043395,229.04510469843203,3427.076143108598,627.4715580155416,99595,6.9,30.1
48173,TX-Glasscock,141.4,75.0,0.5020974540311174,0.49790254596888256,155.58697142857145,3536.067884016973,401.6973179632249,101250,8.9,29.2
48183,TX-Gregg,12462.6,72.56684800924366,0.552999841124645,0.4470001588753551,257.0089718180797,4914.062878782918,739.0271791696756,66550,16.1,22.9
48201,TX-Harris,198703.0,72.57309351142158,0.5460528389606598,0.45394716103934013,238.47853627252732,3801.007545395288,555.5004168918437,74983,16.3,34.2
48211,TX-Hemphill,479.2,74.20075125208682,0.5150240400667779,0.48497595993322207,229.54922028380636,6537.1452489565945,706.5943425709517,61563,6.2,21.9
48279,TX-Lamb,1353.8,73.56684886984783,0.5235757866745457,0.47642421332545426,197.2226533461368,4075.1957523711035,575.1218880484562,60760,15.0,14.3
48303,TX-Lubbock,22509.0,72.78284241858812,0.5426896468079435,0.45731035319205643,198.39174237149584,4158.692063008574,547.656489488649,64155,17.1,33.4
48315,TX-Marion,1516.0,72.1712401055409,0.5133257783641161,0.4866742216358839,255.01318279683377,3929.9472134432717,656.3324555408972,49672,18.3,15.6
48343,TX-Morris,1610.0,72.56285714285714,0.5453447204968944,0.45465527950310564,234.6583933540373,3984.4720491180124,583.4782541614908,58645,19.5,16.0
48367,TX-Parker,15431.2,72.79603660117165,0.5331229185027736,0.4668770814972264,241.74398225154235,2444.7353571906265,638.7837477111308,104443,8.0,32.3
48369,TX-Parmer,1042.6,74.0,0.5089194513715711,0.491080548628429,208.13351626702473,5043.353166161519,623.4414005371187,69735,10.2,16.9
48391,TX-Refugio,873.6,73.0,0.5055068681318682,0.4944931318681319,250.9157492673993,7200.320490384615,869.5054808836996,60181,14.6,14.0
48393,TX-Roberts,123.8,75.0,0.5525011308562197,0.4474988691437803,169.81134690026954,3147.0112912762525,389.337649273021,67868,5.6,20.5
48395,TX-Robertson,2051.4,72.17071268402067,0.520815823340158,0.47918417665984203,248.70817334503263,5589.256123086672,596.7631751096812,72236,13.5,22.0
48417,TX-Shackelford,496.0,73.60161290322581,0.5431407258064517,0.4568592741935484,248.7903214516129,3678.2258311290325,489.919375483871,73047,9.5,34.1
48433,TX-Stonewall,274.4,74.600583090379,0.5553864431486881,0.444613556851312,284.25656384839647,9583.090407434403,647.9591793002916,56875,14.9,16.9
48443,TX-Terrell,128.8,74.54658385093168,0.5123967391304348,0.48760326086956524,172.36024689440993,2436.3354065217395,431.677021273292,44886,7.7,26.9
48477,TX-Washington,5389.4,73.38857757820908,0.5332183100159572,0.4667816899840428,201.39533858685567,5255.538645726798,447.5451705755743,77825,13.4,30.7
49009,UT-Daggett,166.6,72.5954381752701,0.48139675870348136,0.5186032412965186,152.4609717887155,4189.675857262905,460.984399879952,66000,9.0,17.6
51025,VA-Brunswick,2341.6,73.30355312606764,0.5544879227878374,0.44551207721216257,220.61836097540143,4124.957297873249,595.57568179877,53084,14.9,16.6
51031,VA-Campbell,8007.8,73.54926446714454,0.5597231224556058,0.44027687754439426,227.07858780688827,3760.308696595819,470.016727350833,66165,10.8,26.1
51061,VA-Fauquier,9372.4,74.19060219367505,0.5484833297767915,0.45151667022320857,185.01130315394136,3147.2835156117967,579.2539643911911,130189,6.8,41.7
51620,VA-Franklin City,1348.6,73.32240842355034,0.5786639033071334,0.4213360966928667,240.5457448613377,4823.965608008305,804.6863675218747,63245,19.3,27.3
51069,VA-Frederick,12328.4,73.98236591934071,0.5489826465721424,0.45101735342785765,207.7155185068622,3005.7914896888487,508.1275651876967,97606,6.8,31.9
51105,VA-Lee,2108.8,69.8570751138088,0.5005478660849773,0.49945213391502274,220.2200175265554,2900.7966477902123,682.568259522003,41827,28.8,14.1
51107,VA-Loudoun,25554.2,74.79782579771623,0.5697725117593194,0.4302274882406806,199.50537204608244,2071.5733604777297,508.50349196453027,181765,4.2,64.6
51113,VA-Madison,2410.2,73.57837523856941,0.5384581528503859,0.4615418471496141,148.61836715625256,5405.69249137001,554.8916987718861,84323,10.8,27.0
51121,VA-Montgomery,9162.6,73.57883133608364,0.5575086547486522,0.44249134525134787,205.11645099644204,3688.4727137166306,581.7344355510445,72715,23.9,48.8
51790,VA-Staunton City,4485.0,73.38916387959866,0.5785043344481605,0.4214956655518395,198.66219050167223,6426.577452664436,637.1460521159421,65581,12.4,37.7
51193,VA-Westmoreland,3547.2,73.57369192602616,0.550253146143437,0.4497468538565629,222.4289598894903,2962.9003002480827,561.9079820083447,63398,14.0,22.5
51840,VA-Winchester City,3744.8,73.77729117709892,0.5675783913693655,0.4324216086306345,235.52658219397563,3056.7186705458234,596.1866987556077,63974,21.5,31.3
53013,WA-Columbia,1086.4,72.93298969072166,0.5187796391752577,0.4812203608247423,160.53019972385863,8919.366717415318,611.7452041421208,71810,9.3,24.9
53055,WA-San Juan,4854.0,74.39604449938196,0.5234280593325092,0.4765719406674907,108.52904345694272,5180.510897589617,424.7630666254635,84800,11.3,53.9
55021,WI-Columbia,7363.8,71.79524158722398,0.5306068198484478,0.46939318015155224,176.07757754691872,6152.937350077405,590.8362788940493,85351,7.8,26.0
55063,WI-La Crosse,11610.4,70.76775993936471,0.5444409908358023,0.4555590091641976,161.95825053744917,12716.753954935233,683.7318157203886,73013,12.4,36.5
54001,WV-Barbour,2044.2,70.53859700616378,0.5092594266705801,0.49074057332941984,219.74367419039234,7188.337749965756,766.3633582721848,51394,20.0,12.5
54009,WV-Brooke,2954.6,71.95268395045015,0.539360448114804,0.46063955188519595,305.4220427469032,5881.134503736546,703.8516037162392,54316,13.1,23.4
54031,WV-Hardy,2128.4,71.74807367036271,0.5198003570757377,0.48019964292426237,212.27211743093403,4080.905839372298,602.8002228716406,49272,17.7,15.7
54053,WV-Mason,3120.4,71.33117549032175,0.5299376746570953,0.47006232534290476,237.7259472503525,8087.552858428407,708.883485021151,49761,19.4,16.3
54093,WV-Tucker,1091.4,72.17188931647425,0.5019358805204325,0.4980641194795676,190.3976461242441,4773.501922521532,554.7003895913506,53358,15.3,23.6
54099,WV-Wayne,4655.8,70.33820181279265,0.5220783409940289,0.47792165900597106,234.5891060827355,7232.956741041281,612.3544746638602,58878,14.6,19.2
12083,FL-Marion,51471.4,74.18593626751944,0.5472711789459778,0.4527288210540222,252.4353336074014,1596.1368733529687,604.8251969501509,61010,14.4,23.4
12113,FL-Santa Rosa,21042.2,72.39474959842602,0.532471627491422,0.4675283725085781,229.9284328397221,7189.466868549866,713.033803735351,91922,8.8,32.0
12127,FL-Volusia,60871.0,73.58613789817811,0.5424877399747006,0.4575122600252995,245.32865074961802,3233.924174986447,583.4469594618126,70044,11.8,28.4
13031,GA-Bulloch,5258.8,72.13333840419868,0.5392261960903628,0.4607738039096372,249.2583724119571,2830.3035046664636,658.0208521677949,58810,23.0,32.5
13067,GA-Cobb,50849.2,73.3832312012775,0.5624485238705821,0.43755147612941797,212.7978212321924,3992.833723409218,473.84028978155015,102738,8.7,50.8
13097,GA-Douglas,8101.8,70.55669110568022,0.5513656273914439,0.44863437260855604,250.14193522180258,3560.6161563035375,658.3228311017305,82984,10.9,30.8
13157,GA-Jackson,6877.2,72.19694061536671,0.5408636654452394,0.45913633455476066,231.75131324376198,3365.0031909149075,572.6749154975862,89544,7.3,27.8
13189,GA-McDuffie,1752.2,72.13834037210364,0.5438848076703573,0.45611519232964276,251.68358180572994,3107.4078233420846,585.4354610775026,56733,20.3,17.8
13211,GA-Morgan,2117.2,73.37729076138295,0.5343814471944076,0.46561855280559233,210.3722095975817,3364.1601963347816,580.9559578688835,78111,8.8,29.7
13269,GA-Taylor,671.4,71.6934763181412,0.5344245755138517,0.4655754244861484,234.7334015490021,2540.661328984212,555.257664670837,41788,32.1,17.5
13295,GA-Walker,7494.4,71.72987830913749,0.5487741807216054,0.4512258192783945,231.5862513103117,2311.112306749039,593.6432594203673,59469,13.3,21.3
19027,IA-Carroll,3967.8,74.0,0.5597185644437724,0.4402814355562276,177.22666829477294,6805.887385009325,447.4015853974495,72930,7.9,24.0
19049,IA-Dallas,8684.4,73.58859564276173,0.5720409746211599,0.42795902537884023,173.11501099672978,3260.51309884851,410.1377426696145,102379,6.3,51.5
19059,IA-Dickinson,4617.6,74.39037595287596,0.5419565878378378,0.45804341216216216,166.9265421560984,10167.099799358975,514.6396399991337,75432,7.6,31.2
19079,IA-Hamilton,2600.6,74.38283473044682,0.5503364531262016,0.44966354687379834,221.5642537491348,6597.323703106975,555.3333682304084,72432,7.4,22.8
19101,IA-Jefferson,2851.8,72.7243845992005,0.5294872010659933,0.4705127989340066,144.54029056034787,7650.255991991023,560.7686397573464,61620,15.2,43.2
19111,IA-Lee,6968.0,72.57037887485649,0.5432023450057405,0.4567976549942595,190.12630658725604,8669.489077204364,700.8897901234213,62382,13.1,21.7
19135,IA-Monroe,1213.2,73.18859215298384,0.5509550280250577,0.44904497197494225,170.952852159578,9068.084426607318,619.1889286350148,70996,9.2,21.4
19157,IA-Poweshiek,3069.4,74.78582133315957,0.558727106274842,0.441272893725158,162.76797551964555,5389.1314269824725,533.1334978301949,67391,10.7,27.3
19173,IA-Taylor,1414.8,74.1817924795024,0.5294077042691546,0.47059229573084527,199.03874793610404,10274.809159117898,597.1162174300254,67740,11.0,16.0
19191,IA-Winneshiek,3866.2,74.0,0.535995908126843,0.4640040918731571,144.27603180901147,8829.496651275154,605.297202576173,79066,8.4,31.2
16041,ID-Franklin,1707.2,73.17678069353327,0.5147354264292409,0.4852645735707591,184.0440383317713,5621.836924660262,459.2314763238051,71950,7.9,23.9
16059,ID-Lemhi,2634.6,73.0,0.5030009033629393,0.4969990966370606,143.17163546648447,6645.486998216048,494.19267535868823,53202,12.8,24.1
17039,IL-DeWitt,2243.6,73.0,0.5298529951863078,0.47014700481369226,204.84934847566413,6117.311481529684,636.2987874933143,71678,10.0,23.2
17041,IL-Douglas,2125.4,73.0,0.533445958407829,0.46655404159217084,271.384218556507,6320.222092377906,607.2268891032276,77320,8.5,20.9
17057,IL-Fulton,5038.2,73.12833948632448,0.5264787821047199,0.4735212178952801,217.89527884561946,6795.006125818744,591.4413946885792,60599,13.2,18.5
17115,IL-Macon,16250.0,73.36448,0.5456571753846153,0.4543428246153846,226.4615193673846,7292.775388385231,638.5600153464617,62666,15.0,24.4
17109,IL-McDonough,3302.8,72.94513745912559,0.5302781639820758,0.46972183601792417,231.8032907775221,7093.799203160955,709.6402902385855,52795,17.2,31.4
17145,IL-Perry,2752.6,72.76749255249582,0.5474173145389813,0.45258268546101865,242.31634671219936,8074.910992995713,707.5492091113856,62118,16.9,13.7
17189,IL-Washington,2362.4,73.78564172028446,0.527353674229597,0.472646325770403,231.54420441923466,7287.250262182526,611.8354183457501,78224,7.5,23.5
17193,IL-White,2724.2,72.77402540195287,0.5430649071286984,0.45693509287130174,256.6625066588356,6411.129867168342,628.9552802731077,54813,16.4,18.3
18027,IN-Daviess,4026.6,73.37927780261262,0.540452297223464,0.459547702776536,215.5167990960115,7483.4351444643125,641.0371126508718,68503,11.7,16.5
18037,IN-Dubois,7009.4,73.60010842582817,0.55035430992667,0.4496456900733301,180.12951811567325,6474.44861345907,516.5064182925786,75979,11.0,25.7
18047,IN-Franklin,2875.6,72.36847962164418,0.5401449853943525,0.45985501460564754,204.89636270691332,6910.210081346502,582.417575838086,78074,6.9,19.5
18061,IN-Harrison,5327.0,72.3712408485076,0.5394475051623804,0.4605524948376196,223.50291052374692,5527.576490215882,585.4702302721983,74475,7.2,21.7
18081,IN-Johnson,15125.6,73.0,0.5620997262918497,0.43790027370815043,214.47083416459515,5372.269536146665,547.1386027146029,90454,7.4,34.7
18105,IN-Monroe,12941.2,72.96635551571724,0.5543779185856025,0.4456220814143974,187.38602263777702,5661.886058537075,545.2662760068617,65868,19.7,49.5
18117,IN-Orange,2708.6,72.1262644908809,0.5286040316030423,0.4713959683969578,218.26773754707233,6169.0172134017575,688.3260731595658,65873,13.4,16.1
18139,IN-Rush,2139.4,72.5610918949238,0.5469897541366738,0.45301024586332617,216.78975781060112,8198.092917303917,638.4032792839114,66473,11.9,18.6
18141,IN-St. Joseph,23767.0,72.36788824841166,0.5526007598771406,0.4473992401228594,221.3320990575167,2936.1551819783735,519.4934105389826,66868,14.2,33.5
18179,IN-Wells,2760.4,72.58477032314157,0.5471772859005941,0.45282271409940583,219.31603366903346,5471.960575061586,589.1174951094044,71957,7.2,19.9
20005,KS-Atchison,2435.8,73.57270711881107,0.5717181870432712,0.4282818129567288,242.79497073651365,8159.372683545447,624.107094572625,61112,13.0,21.8
20035,KS-Cowley,5355.0,73.18659197012138,0.5446028235294118,0.4553971764705882,197.16153537254903,5077.7591084183005,590.3267776321195,57878,14.3,24.5
20085,KS-Jackson,2004.0,72.78602794411178,0.5415070958083832,0.45849290419161676,206.2874322754491,8960.179638023952,552.594801487026,75215,6.1,22.6
20099,KS-Labette,3293.6,71.36312849162012,0.5373947534612582,0.4626052465387418,176.88850698931262,6456.946794024776,591.4500874301676,56325,16.0,20.2
20117,KS-Marshall,2191.6,74.0,0.5256270213542616,0.4743729786457383,241.46741372513233,8866.033965267385,506.02300666179957,68419,11.3,19.1
20127,KS-Morris,1226.4,73.37883235485975,0.5347431669928245,0.4652568330071754,197.325493754077,7895.466417514677,570.4501032126549,58686,12.1,29.9
20157,KS-Republic,1261.4,74.0,0.5414490248929761,0.4585509751070239,294.2761745679404,8227.524972395751,493.7371259869986,56833,10.6,21.5
20171,KS-Scott,927.2,74.0,0.5407579810181191,0.4592420189818809,309.31836986626405,10604.616031363244,690.8973219154443,68839,6.5,28.7
20173,KS-Sedgwick,52868.2,72.78068101429592,0.5521824949591626,0.4478175050408374,225.19774415319608,1977.0145574572236,526.5774244309433,69365,13.9,32.1
20175,KS-Seward,1958.0,72.1920326864147,0.5329979673135853,0.46700203268641466,250.1532435648621,5060.67415031665,687.5383015526047,63827,12.2,11.4
20189,KS-Stevens,737.8,74.0,0.5473074817023583,0.45269251829764173,268.094342423421,6849.823795825428,578.4765527785308,64178,14.2,20.3
20203,KS-Wichita,404.6,74.2016806722689,0.5027322787938705,0.49726772120612955,273.356393376174,9928.324282155214,521.0084056351953,79063,16.5,20.1
21043,KY-Carter,2902.8,70.27070414771944,0.5011101419319278,0.4988898580680722,258.37125945294196,7597.974369050572,560.0799201942951,51235,19.2,15.9
21047,KY-Christian,6104.4,70.88971889129152,0.5281044197627941,0.47189558023720596,242.8084785826617,5297.326531226656,648.6141270558941,55494,17.1,19.6
21055,KY-Crittenden,1223.8,72.1090047393365,0.5233074031704528,0.47669259682954723,303.31754876613826,7142.016697270797,716.7837762542899,46656,17.7,15.3
21065,KY-Estill,1619.8,70.8180022224966,0.5109410791455736,0.48905892085442654,232.37436845289542,4140.140762168169,637.9799741696506,46051,20.7,12.2
21089,KY-Greenup,4445.2,71.0978583640781,0.5410427652299109,0.45895723477008915,272.69863308737513,9527.715284275173,639.8362235130028,60751,15.4,18.8
21107,KY-Hopkins,5530.6,71.10837883773912,0.536945094564785,0.46305490543521505,221.16951377065777,4816.547959349799,600.4050365566123,56815,20.0,16.9
21203,KY-Rockcastle,1826.2,70.2664549337422,0.5100197021136786,0.48998029788632125,227.57640930894755,5467.7472310152225,773.8473355492279,48862,25.6,13.7
22019,LA-Calcasieu,21430.6,71.74172445008539,0.5424099203942027,0.4575900796057974,230.09153404011087,4878.379502586022,665.6556643649734,67564,17.4,24.9
22071,LA-Orleans,17997.8,70.27546700152241,0.5319076731600529,0.4680923268399471,239.65150357710388,8172.921136991186,683.6057761670871,56631,22.6,42.4
22079,LA-Rapides,16539.4,71.1380098431624,0.5486091405976032,0.45139085940239665,272.4887462229585,4005.1997221096294,623.4083391235474,54967,19.9,23.1
22087,LA-St. Bernard,1934.6,68.89186395120439,0.5199045797580896,0.48009542024191043,260.0020640132327,8549.15745510183,808.0223205520521,58651,23.0,17.6
22099,LA-St. Martin,5888.8,71.51327944572748,0.5302566465154191,0.46974335348458085,220.58823764773805,4676.470611452249,655.889148495449,55960,15.3,16.8
22105,LA-Tangipahoa,9840.8,70.28056662059996,0.5332257397772538,0.46677426022274615,288.33024945939354,7741.098286188115,749.9999970327616,56760,19.2,20.8
22125,LA-West Feliciana,1020.6,71.56711738193219,0.5271467960023516,0.47285320399764846,181.85384726631392,5886.5373470899485,516.7548508328433,77452,11.8,21.6
25007,MA-Dukes,4663.6,73.80581525002144,0.5501739171455527,0.4498260828544472,186.93709871344024,9610.644126563171,724.2902483060296,125786,4.4,51.9
25027,MA-Worcester,83074.0,70.78496521173894,0.5404812668223511,0.4595187331776488,247.55522162626093,6455.711794985916,601.456536712088,95939,10.3,39.7
23005,ME-Cumberland,26031.8,72.78030716277783,0.5516981914427739,0.4483018085572261,176.2382745511259,6259.029350570457,616.607376198342,95677,7.3,53.0
26059,MI-Hillsdale,4918.4,71.33571893298634,0.5262194453480807,0.47378055465191926,204.33474891428108,6850.317185950715,626.5045251260573,64242,14.4,21.2
26081,MI-Kent,30685.8,69.72642068970012,0.5400488929732972,0.4599511070267029,214.11207691896578,6560.656712193913,671.9785769254835,82631,10.1,40.8
26133,MI-Osceola,2605.2,71.09458007062797,0.514200890526639,0.485799109473361,196.6067852832796,6287.655466474743,703.6695768846922,58267,15.8,16.6
26147,MI-St. Clair,16378.6,70.93760150440208,0.5381955295324387,0.4618044704675613,270.1940321675845,4662.620738478258,671.5836624204755,71270,11.3,20.3
27043,MN-Faribault,2048.4,73.18472954501074,0.528318414372193,0.4716815856278071,212.94668584260882,9787.150941632493,642.159749755907,66815,10.4,21.8
27065,MN-Kanabec,1361.4,69.74526223005729,0.4931756280299691,0.5068243719700308,202.7324799324225,8206.698979638608,813.1335333333334,71460,10.0,15.7
27073,MN-Lac qui Parle,1042.2,74.0,0.5271674534638265,0.4728325465361735,208.597198791019,11291.690642928419,489.733246037229,74432,8.1,23.3
27111,MN-Otter Tail,7682.6,72.36854710644833,0.5144116575117799,0.4855883424882201,192.04435935230262,10907.479235154766,567.1517451435712,72255,8.7,28.3
27133,MN-Rock,856.4,73.0,0.5294317141522653,0.4705682858477348,214.61933591779544,10750.817399322746,595.0490491826249,71295,10.6,26.3
27147,MN-Steele,3847.6,71.18952074020169,0.5434456908202515,0.45655430917974843,206.98618521156044,3629.067479426136,750.5457841511591,84196,8.3,28.0
27155,MN-Traverse,429.4,73.18164881229623,0.4983660922217047,0.5016339077782953,169.07312370749887,9385.188635584536,525.3842481136469,62989,11.3,16.6
29021,MO-Buchanan,11808.8,72.57275929815053,0.5531026471783754,0.44689735282162457,260.44982708827314,10184.828269815729,581.8034075977237,62158,16.0,23.9
29117,MO-Livingston,2529.2,73.57820654752491,0.5467985370868259,0.45320146291317404,241.26205902261583,8445.990829092203,684.7224534951763,63627,11.9,17.5
29131,MO-Miller,2892.0,72.35006915629322,0.529526611341632,0.47047338865836796,199.03180755186722,6344.329186652834,587.8976436929461,56736,14.4,19.2
29510,MO-St. Louis City,15783.0,69.24014445922829,0.5189817651903947,0.4810182348096052,322.03005821960335,4352.037010640563,712.3360545156181,56160,20.6,41.1
29229,MO-Wright,1941.4,71.10363655094262,0.5193252292160296,0.4806747707839703,192.12941257855155,3455.135467755228,433.1925647058823,47909,18.7,15.9
28053,MS-Humphreys,1034.4,69.79949729311679,0.5502429427687549,0.4497570572312451,256.187140970611,3059.744775657386,676.7208085073473,33731,27.0,19.6
28137,MS-Tate,3631.8,72.13558015309214,0.5618156781761111,0.43818432182388894,251.1151206399031,2447.436519301724,573.9302965361529,69704,16.9,23.6
28141,MS-Tishomingo,4225.2,71.36230237621888,0.5441783726214143,0.45582162737858567,239.84661730095615,4004.1181555808007,600.918325456783,53040,18.0,17.8
28151,MS-Washington,5684.4,70.85490113292519,0.5590722151854197,0.4409277848145802,233.23483452958976,3651.3615860038,637.0768933994793,42165,26.4,22.4
30087,MT-Rosebud,1316.4,72.39137040413249,0.5075939683986629,0.49240603160133695,188.24065964752356,5338.954695472501,495.1382683226983,49914,24.5,20.9
37001,NC-Alamance,10547.4,71.55812806947684,0.5433409257257713,0.4566590742742287,224.15001782429795,3900.7527664391223,577.7537551870603,65651,13.4,28.7
37041,NC-Chowan,2619.6,72.94052527103375,0.543815712322492,0.45618428767750796,199.4960753092075,4674.30139457169,800.2748381508627,53864,19.1,25.0
37105,NC-Lee,6548.2,72.36238966433524,0.5343080327418223,0.4656919672581778,222.19846742921717,2894.780242982805,543.0194698848538,65387,16.5,21.3
37119,NC-Mecklenburg,65411.2,72.57057812729319,0.56143566514603,0.43856433485397,204.47569681950495,3322.5869552721856,548.9060013520619,87005,10.4,49.2
37159,NC-Rowan,11807.4,71.70427020343175,0.5347582397479548,0.46524176025204533,234.92047399258092,3710.09703931941,576.6553113403459,65725,16.0,23.3
37175,NC-Transylvania,5751.4,74.36884932364293,0.5408116841116944,0.45918831588830544,184.9984043293807,4856.939207608582,493.4798392252321,66184,13.2,40.0
38023,ND-Divide,479.8,74.57649020425177,0.4876969987494789,0.5123030012505211,215.9232794080867,8117.132121550647,536.8903753230513,91852,9.3,26.7
38031,ND-Foster,571.4,74.60553027651383,0.5320134406720336,0.46798655932796646,188.65942863143158,7775.28875838292,485.4742975498775,87831,8.8,28.5
38051,ND-McIntosh,549.8,76.35103674063296,0.5736811204074209,0.4263188795925791,276.82792622771916,9288.104755074572,563.4776290651146,64419,12.2,20.9
31081,NE-Hamilton,1580.4,74.1837509491268,0.5484784738041002,0.45152152619589975,166.91977954948112,7765.755506846368,411.921032067831,83994,5.2,31.3
31085,NE-Hayes,196.6,75.0,0.5249150559511698,0.4750849440488301,175.99187375381487,5414.0386360122075,371.31229613428286,69250,12.7,19.8
31167,NE-Stanton,751.4,73.15624168219324,0.5379095554964067,0.4620904445035933,154.91083699760446,3896.193775166356,383.2845297045515,80687,9.4,24.1
33011,NH-Hillsborough,49733.2,72.3798146911922,0.551836569132893,0.4481634308671069,217.29948962182203,8000.932983349554,537.2829482603171,103545,6.7,41.5
34033,NJ-Salem,8416.6,72.37252572297602,0.5458112183066797,0.45418878169332033,274.60021024879404,3749.4237452272882,647.0308584939287,79960,12.7,25.0
35033,NM-Mora,854.8,70.87061300889097,0.4929982686008423,0.5070017313991577,133.83248263921388,2933.083742559663,466.30790517080027,53663,21.4,34.3
35053,NM-Socorro,1771.0,70.34726143421796,0.4999429926595143,0.5000570073404855,165.78205687182384,6769.621689023151,682.7780784415584,36570,33.2,19.0
32003,NV-Clark,149828.6,72.1585037836568,0.5304272555440016,0.46957274445599845,247.05828881468557,1407.6885277661274,600.1778160841121,76472,13.0,27.8
32011,NV-Eureka,319.0,71.0,0.4739698432601881,0.5260301567398119,179.93731768025077,3242.6332234482757,444.5140942946708,70473,24.9,17.1
36013,NY-Chautauqua,11826.0,71.55178420429561,0.5236972568915947,0.47630274310840526,211.66920830204631,4848.40183011331,594.875684386944,58351,17.4,25.1
36055,NY-Monroe,31374.0,68.35426149040607,0.5320142130426468,0.4679857869573532,292.79657858290307,9596.570432268756,759.7564974520304,76382,13.6,41.5
02068,AK-Denali,260.0,71.21538461538462,0.43692523076923073,0.5630747692307693,97.63032085308056,2676.9230743846156,242.30770284615386,80781,8.3,26.6
02130,AK-Ketchikan Gateway,2412.0,72.2058872305141,0.5017587728026534,0.4982412271973466,173.88059970149254,8092.869001368159,676.119408814262,92885,8.7,27.4
01125,AL-Tuscaloosa,14789.0,70.11856109270404,0.5461356359456352,0.4538643640543648,259.7876894935425,2937.210102776388,520.3462205247142,66231,16.8,32.1
05001,AR-Arkansas,2750.4,72.50050901687027,0.5416863947062245,0.4583136052937754,229.85748742728327,5174.301898232983,669.1390313699827,53164,19.0,13.6
05033,AR-Crawford,6471.4,70.9586179188429,0.5422815186822016,0.4577184813177983,225.5153572642705,3653.521655382143,607.9982730321104,64132,14.7,20.0
05039,AR-Dallas,1031.2,72.54712955779674,0.5558719743987587,0.4441280256012413,232.54460261830877,5398.758730973623,667.1838627230411,42500,13.9,11.3
05069,AR-Jefferson,7715.4,71.09723410322212,0.5492237447183554,0.4507762552816445,253.00048932783784,4844.466911999379,669.1811118671748,51096,18.6,20.1
05097,AR-Montgomery,1615.4,72.72848830011142,0.5281778506871364,0.4718221493128637,211.21704067104125,2307.1685204407577,402.1295178531633,48906,22.4,16.7
05101,AR-Newton,1270.2,71.3547472838923,0.4993035427491733,0.5006964572508267,175.09052459455205,3337.1122982207526,459.61266529680364,48986,15.9,15.7
04005,AZ-Coconino,13920.6,72.57679985058115,0.5178827435599039,0.48211725644009606,173.19651696909617,3157.981712246599,403.1148178857233,72966,16.8,40.3
04023,AZ-Santa Cruz,3139.4,73.58030196852901,0.4974267885583233,0.5025732114416768,135.75842350130597,1704.5295192966807,275.9763239536218,55217,20.2,23.1
06033,CA-Lake,13785.0,70.96261153427639,0.5201739644541168,0.4798260355458832,190.8886459426913,4698.440309299964,632.310478830613,60621,17.0,17.8
06053,CA-Monterey,54611.8,73.19961986237406,0.544700740499306,0.45529925950069394,193.1450693762154,3614.2958208980476,551.1592761447159,97230,12.7,28.2
06067,CA-Sacramento,87161.8,70.5761973708666,0.5392751675619365,0.4607248324380635,220.32817892195894,2904.0634814758296,642.2102101464175,92175,12.5,34.1
06095,CA-Solano,32112.8,71.57827408385441,0.5415996686679455,0.45840033133205454,188.95269732505417,2365.150361988366,623.3651116078324,100401,10.0,28.8
08109,CO-Saguache,928.8,71.35852713178295,0.46942906976744186,0.5305709302325581,129.1989627906977,5492.032743841515,408.9147198535745,50082,17.8,31.3
08117,CO-Summit,2807.4,71.80230818550973,0.4763050723088979,0.523694927691102,101.87361279475674,2630.1916475386474,314.95333497898406,109773,7.7,55.0
12011,FL-Broward,102392.4,73.37892265441576,0.5408083666365863,0.45919163336341373,276.8213290273497,4262.1600760048605,624.7104379946169,77633,12.2,36.7
36101,NY-Steuben,8896.2,71.73179559812054,0.5190217306265597,0.48097826937344035,211.1463215710079,7023.942828504305,656.4151117825588,65887,13.8,26.3
39021,OH-Champaign,3910.2,71.0,0.5168256815508159,0.4831743184491842,241.26643280650603,5627.947430269551,422.12673091913456,75556,8.0,19.0
39029,OH-Columbiana,9987.4,72.7778601037307,0.5249288243186415,0.47507117568135854,249.33414398141656,5557.24211295232,588.9020116947354,58180,15.2,17.1
39067,OH-Harrison,1803.2,71.35326086956522,0.5118804125998225,0.48811958740017747,258.42944926796804,7047.471173181012,718.944101863354,54414,13.1,11.5
39073,OH-Hocking,3337.6,70.55644774688399,0.5124553511505273,0.4875446488494727,238.25504824424735,6424.137117000239,752.4568700862895,62960,16.0,13.5
39077,OH-Huron,7389.0,72.18708891595615,0.5386125700365407,0.4613874299634592,230.34242344024904,7993.9098772418465,706.942739902558,67878,13.2,16.7
39087,OH-Lawrence,7795.0,70.71355997434253,0.5365615420141117,0.46343845798588834,271.86658682488775,8425.016034481077,709.4547803669018,58325,17.7,18.5
39107,OH-Mercer,6064.6,73.0,0.5239339016588068,0.4760660983411932,225.83515896184414,7458.694731180951,528.5756606701184,76782,7.3,21.9
39113,OH-Montgomery,40665.2,72.5677876907036,0.5511983012502091,0.448801698749791,253.44029501982038,4284.051235560627,661.6025430215516,66139,15.0,31.3
39131,OH-Pike,2993.6,70.54409406734366,0.5068415820416889,0.49315841795831106,246.7931698757349,8975.614617383751,687.9342759420097,52736,21.3,16.3
39147,OH-Seneca,8058.0,72.582005460412,0.5222926110697443,0.4777073889302556,240.23328878381733,7212.6582305336315,635.1203809630181,66025,11.9,20.6
39167,OH-Washington,9196.8,71.96309585942937,0.5341220141788448,0.4658779858211552,264.7007509372825,10576.635361558367,723.9909647573069,63603,13.7,21.9
40023,OK-Choctaw,2700.4,71.1052436676048,0.5359435861353873,0.46405641386461266,305.95466851577544,3270.9968855947272,716.7086328321731,44081,23.2,15.2
40025,OK-Cimarron,473.2,74.17117497886728,0.5410129332206255,0.4589870667793745,276.41588672865595,5025.78190841082,649.1969635249366,62188,7.4,33.4
40039,OK-Custer,3611.2,72.75819672131148,0.5435709071776694,0.4564290928223305,193.23219464997786,5105.228181114311,672.5742106335845,59738,16.4,31.7
40055,OK-Greer,993.0,72.55266868076535,0.5369554682779456,0.46304453172205434,291.23865347432024,5242.497477119839,827.3917461027189,59406,16.9,14.0
40119,OK-Payne,9497.6,72.79230542452831,0.5483909745619946,0.45160902543800535,215.78084439437333,7437.857985703757,665.3891384286557,49809,22.6,39.7
40129,OK-Roger Mills,694.4,74.18692396313364,0.5400302707373271,0.45996972926267277,248.55991466013825,5594.758071975807,716.8778864343318,66094,14.7,24.9
41023,OR-Grant,1690.2,72.58064134421961,0.5039579576381493,0.4960420423618507,139.3917933380665,6218.554007833393,640.2792729617797,59450,12.8,17.7
41063,OR-Wallowa,2265.6,73.19385593220339,0.5097124028954803,0.49028759710451975,148.8347649717514,7707.715386873235,508.20972863700564,67112,7.8,38.2
42051,PA-Fayette,11190.4,70.96377251930225,0.5281156830855018,0.4718843169144981,229.12496665892195,5564.98429062768,578.7460412836002,58236,16.8,19.1
42113,PA-Sullivan,1083.6,73.18383167220377,0.5201087855297157,0.47989121447028427,203.76523122923587,4663.159832705795,441.4913517349575,69764,11.6,21.5
45015,SC-Berkeley,23631.0,72.1843087469849,0.5462252811984258,0.4537747188015742,195.01502984384916,3313.1395290271253,618.6619184452625,84358,9.9,31.0
45037,SC-Edgefield,3174.8,72.38541010457352,0.5369274221998236,0.4630725778001764,199.82357613707947,4445.004446358826,540.758489807232,73029,17.8,23.3
45049,SC-Hampton,2217.6,72.13627344877345,0.5408676226551227,0.4591323773448774,207.3412768488456,4634.920660443724,801.7676774891776,44711,20.7,12.1
46005,SD-Beadle,2374.6,71.0,0.5182384906931693,0.48176150930683065,187.56843689042367,8144.192700261097,531.542155344058,67681,13.6,27.2
46071,SD-Jackson,344.4,71.35656213704995,0.4953494192799071,0.504650580720093,303.7166203252033,8980.255518292684,578.3971902439025,35417,42.4,12.4
46137,SD-Ziebach,124.6,71.41091492776886,0.5040353130016052,0.49596468699839485,288.9245504012841,7223.113975601926,260.0320950240771,53958,33.5,15.2
47073,TN-Hawkins,4602.2,70.73738646734171,0.519002768241276,0.48099723175872405,203.03332214593019,2851.6796454087175,535.9176101473208,56936,15.2,16.2
47077,TN-Henderson,3245.6,72.35783830416564,0.5642649001725413,0.4357350998274587,228.74045745624844,3212.780391730342,703.4754696142469,55136,16.9,16.1
47083,TN-Houston,1241.2,72.36883660973251,0.525302384788914,0.474697615211086,262.1656395262649,2681.4373126490495,736.2230089107316,59576,11.1,13.6
47189,TN-Wilson,13019.6,72.5834434237611,0.554817243233279,0.4451827567667209,236.2284755952564,3098.758811146272,526.7135998648191,95839,8.0,37.8
48009,TX-Archer,1387.2,73.18915801614763,0.5207629469434834,0.4792370530565167,216.83968514994234,2842.9930659313723,512.399062283737,72159,9.2,25.4
48017,TX-Bailey,724.2,73.79453189726595,0.5175198287765811,0.48248017122341896,221.7619514774924,4714.7197064346865,635.7359872134771,61420,12.0,15.2
48021,TX-Bastrop,7973.6,72.18360589946825,0.5173763243704224,0.48262367562957764,215.8874458538176,2331.7949218822114,600.3812600757499,86226,10.2,25.0
48055,TX-Caldwell,3667.4,72.56323280798385,0.5195999509189071,0.48040004908109285,241.860730015815,3507.8802328352513,576.8664384904837,69758,13.2,19.3
48061,TX-Cameron,19521.4,72.32206706486215,0.5282449199340211,0.4717550800659789,253.66008479924596,2019.3326189484362,573.6371373241674,52601,24.8,22.1
48071,TX-Chambers,3078.2,71.75901500877136,0.5228572607367942,0.4771427392632058,267.0391928399714,4130.855669943473,597.8169002339029,109804,11.9,21.9
48079,TX-Cochran,243.4,73.54478225143797,0.4864520953163517,0.5135479046836483,170.91208167625308,4548.890713722268,626.9515208709944,45313,27.8,8.2
48109,TX-Culberson,321.4,72.56502800248911,0.5332994399502179,0.4667005600497822,253.2669599253267,4219.663974299939,894.8350853142503,58777,19.5,15.8
48127,TX-Dimmit,710.8,71.73579065841305,0.5132514068655036,0.48674859313449637,323.29772765897576,4122.96004195273,842.993803179516,38808,41.1,9.8
48379,TX-Rains,1781.0,72.5758562605278,0.5095995508141493,0.49040044918585063,223.58228229084784,5329.702405749578,639.0791575182483,65413,10.0,20.9
48399,TX-Runnels,1798.0,73.37842046718576,0.5323833592880978,0.4676166407119021,268.9655179644049,6545.383768720801,672.3025736707452,62632,11.0,19.1
48439,TX-Tarrant,110502.0,72.38031347848907,0.5473452247018153,0.45265477529818465,249.640721322872,2558.0206618913685,637.4183240075292,84207,11.1,34.8
48445,TX-Terry,883.8,72.54559855170854,0.5121043901335143,0.4878956098664856,226.52184824620957,4267.028716677982,524.1004773930754,44100,18.3,9.8
48465,TX-Val Verde,3906.0,73.0,0.5142384997439836,0.4857615002560164,218.1259558064516,3973.7839255862773,725.6528353661033,66100,16.6,22.5
48475,TX-Ward,1037.6,72.56129529683886,0.5397211063993832,0.4602788936006168,221.27988348111026,4616.422511121819,673.0917484965304,65952,14.9,12.4
48481,TX-Wharton,4645.6,73.3742896504219,0.5252803125538144,0.47471968744618565,271.48270589374897,5636.516268675736,702.2559,66924,13.6,20.7
49049,UT-Utah,25172.8,72.38304836966884,0.5437850767495075,0.4562149232504926,167.22017887561174,2900.225636248649,494.7483308269243,100671,8.7,44.4
51510,VA-Alexandria City,10839.4,74.7897854124767,0.5829357602819345,0.4170642397180655,190.91463857040057,2737.642306350905,470.06291110947103,119681,7.9,66.2
51011,VA-Appomattox,2598.0,72.75635103926096,0.5396356812933025,0.4603643187066974,225.71208675904543,3432.7944620862204,470.90067698229404,62853,14.0,19.2
51570,VA-Colonial Heights City,2702.4,74.56816163410302,0.5973852427471876,0.40261475725281237,273.460599437537,2985.0503470766726,696.4180145574304,76505,7.9,28.0
51127,VA-New Kent,3575.6,72.60879292985793,0.5282539601745161,0.47174603982548385,197.4493758697841,5223.403069448484,560.9128511634411,123314,4.7,38.4
51135,VA-Nottoway,2210.8,72.940745431518,0.5384660937217297,0.4615339062782703,255.2921734847114,3233.3996879681563,711.6880651890717,63261,18.5,14.1
51147,VA-Prince Edward,2882.8,73.14374913278756,0.5602391702511448,0.4397608297488552,245.17830360066603,3620.785342153462,725.7527213334258,56315,20.9,27.3
51149,VA-Prince George,4514.4,72.57305511252879,0.5384214469253943,0.46157855307460566,231.34856750398723,2971.424788016126,631.8890856592238,84897,8.9,25.0
51161,VA-Roanoke,15039.8,74.38209284697935,0.5744879931913988,0.4255120068086012,197.30316959401057,4240.867561373157,480.1792364951662,83709,7.3,37.1
50011,VT-Franklin,7393.0,71.0,0.5278687244690924,0.47213127553090767,183.6331541674557,8384.877565107536,746.273482718788,81313,10.3,30.2
55081,WI-Monroe,5572.8,71.0,0.5267054766006316,0.47329452339936834,158.51995420614412,6797.588263494114,694.8033362438989,69467,11.7,21.3
55133,WI-Waukesha,37847.0,73.0,0.5501248289164267,0.44987517108357333,221.4019525700848,5492.720678407271,587.6555626332339,106076,5.2,48.9
54005,WV-Boone,2149.6,68.84499441756606,0.4926308429475251,0.5073691570524749,293.63602790286564,5598.995156745441,814.6631995906215,57093,16.2,11.5
54017,WV-Doddridge,779.2,71.51078028747433,0.4922968685831622,0.5077031314168378,217.6591150667351,5329.055439784394,480.7495134753593,57401,14.8,13.9
54027,WV-Hampshire,3607.0,71.56900471305794,0.49653242583864704,0.503467574161353,203.54866044358192,4445.855283232604,635.2093216301637,63116,13.1,18.3
56025,WY-Natrona,13060.8,71.38818449099595,0.5305741669729266,0.4694258330270734,197.46112970415288,2598.2022542217933,515.2517201901874,72156,9.6,27.7
12073,FL-Leon,15987.8,72.97347977833098,0.5546256420520647,0.4453743579479353,250.4284704011809,2192.5343222231954,678.7050142696306,66287,18.7,48.9
13057,GA-Cherokee,23384.6,73.40365881819659,0.5584396363418659,0.44156036365813406,202.89422446139767,3939.8920862918326,488.2614945964438,108115,7.0,41.1
13089,GA-DeKalb,36687.2,72.14796441265618,0.5598451612551516,0.44015483874484834,219.25354923024923,3378.508045181971,510.750342994832,80644,13.7,47.4
13179,GA-Liberty,4107.8,69.13160329129948,0.5017784020643654,0.4982215979356346,176.15269617313405,2117.435145060617,385.51049628024737,60456,15.3,20.5
13183,GA-Long,954.6,67.7762413576367,0.5070089042530903,0.4929910957469097,214.54011284307563,2580.347803666457,557.0919636496961,68808,17.3,13.3
13195,GA-Madison,3003.8,71.56428523869765,0.5289837805446435,0.47101621945535654,233.50423743924364,3320.460729762301,502.4968477328717,61963,17.2,21.1
13227,GA-Pickens,5083.8,72.98481450883197,0.5292523073291632,0.4707476926708368,203.3518216137535,3346.748469904403,534.9541660372163,78930,12.0,26.7
13257,GA-Stephens,3323.8,72.36741079487334,0.5347930501233528,0.4652069498766472,235.15253957518502,3697.6954066429985,630.9044054275226,54754,15.8,15.1
13271,GA-Telfair,974.0,70.49404517453799,0.5297428747433265,0.4702571252566735,242.2997996714579,3223.8193145379873,685.2155857084189,50929,24.1,10.1
13319,GA-Wilkinson,984.2,70.70778297094087,0.4883151595204227,0.5116848404795773,201.9914610241821,2107.2952663686247,562.4873299532616,45465,21.6,12.3
19013,IA-Black Hawk,13903.8,71.37240178943885,0.5442448078942448,0.4557551921057553,188.1356198665113,8118.571903311325,530.6031327450049,66417,14.9,30.3
19015,IA-Boone,4037.0,73.78479068615309,0.5506326034183799,0.44936739658162006,173.9410223879118,8693.534804894723,523.6561791528362,83531,6.2,28.5
19087,IA-Henry,3526.4,74.18789700544464,0.5605041061705989,0.439495893829401,162.26179850839384,7687.670133002496,615.3017109630217,67436,12.0,23.0
19167,IA-Sioux,5243.0,74.0,0.5532751440015259,0.44672485599847417,177.18862071333206,13097.196266431434,520.160227648293,86098,6.7,30.6
19175,IA-Union,2238.2,73.3692252703065,0.5434730050933786,0.45652699490662135,189.79536658028772,10775.26582791529,613.7074453578768,57772,12.4,23.3
19193,IA-Woodbury,10545.6,71.95810575026552,0.5460820228341678,0.45391797716583215,214.30739322181765,3416.1166761530876,504.7223450102413,73658,14.0,24.3
19197,IA-Wright,2480.2,74.58213047334893,0.5451070800741876,0.45489291992581243,196.51640483025565,8929.360540504797,562.6965450931376,67190,16.8,24.9
16009,ID-Benewah,2547.8,71.40018839783343,0.49465217834994896,0.5053478216500511,142.711363654918,5158.1756663238875,506.868669824947,59794,12.9,19.7
16023,ID-Butte,651.0,71.41443932411674,0.4955423041474654,0.5044576958525345,177.88019158218128,7232.258048325652,724.4239898617511,53015,19.3,17.5
16027,ID-Canyon,14567.0,70.97612411615295,0.5229147442850278,0.4770852557149722,168.06481519461798,7075.9936643015035,605.87630521178,76488,10.5,23.2
16033,ID-Clark,73.8,73.90785907859079,0.5284509485094852,0.4715490514905149,149.4253,3913.279140921409,411.9241056910569,55208,11.7,20.5
16035,ID-Clearwater,2634.0,72.59772209567198,0.4844352012148823,0.5155647987851177,159.22552634016702,7344.495071222475,527.4107608504177,60000,13.2,17.5
16061,ID-Lewis,1427.8,71.0,0.4829949712844936,0.5170050287155064,153.94313452864546,8088.247631068776,478.49836514918053,51615,15.3,21.3
16079,ID-Shoshone,2901.6,71.72939068100358,0.49930594154949,0.5006940584505101,151.916163337469,5382.547588937138,548.2492578163773,55527,13.1,12.7
17005,IL-Bond,2254.6,72.76501374966735,0.533127038055531,0.4668729619444691,238.17971469883793,7143.617513350483,723.4099317129425,65959,10.9,21.6
17029,IL-Coles,6057.2,72.11863567324836,0.5399679323779963,0.4600320676220035,303.50656620550757,7391.534030826124,742.6203574225715,56478,18.7,26.9
17065,IL-Hamilton,1431.0,72.77120894479386,0.5386323829489867,0.46136761705101326,265.96783665967854,7280.922428483578,705.9399150244584,65746,12.1,21.0
17077,IL-Jackson,5543.4,71.50593498574882,0.520553541148032,0.4794464588519681,239.02296763358223,5922.358131367031,753.2921979146373,48763,21.0,36.3
17091,IL-Kankakee,13560.4,72.37223090764284,0.5300514085130232,0.4699485914869767,264.16623167900656,6543.420525168874,668.5053725022861,71281,12.2,21.2
17133,IL-Monroe,3447.4,73.78488135986541,0.5435251725938388,0.45647482740616113,261.06630780298195,4170.795413117132,496.60613270870795,102880,5.0,38.7
17139,IL-Moultrie,2243.0,73.18635755684352,0.5399849665626394,0.46001503343736067,267.3205694427106,6619.170753642444,625.1448885332145,71784,9.2,19.0
17143,IL-Peoria,18810.8,72.95550428477257,0.5351190263040381,0.4648809736959619,247.21969107321326,5067.57819246284,572.3626790237522,65108,15.7,34.9
17179,IL-Tazewell,17230.2,73.78292765028844,0.5377648686608397,0.4622351313391603,224.44312479948,5195.517159674292,559.3782910854198,77982,9.0,28.4
18015,IN-Carroll,2623.2,72.94990850869168,0.5293689082037207,0.4706310917962794,207.91398847209516,4346.5233277676125,522.567851631595,65645,8.8,17.2
18099,IN-Marshall,4295.0,72.56437718277067,0.5516465145518044,0.4483534854481956,194.03959118975555,5468.032609993015,538.7194414714784,71808,11.7,20.9
18175,IN-Washington,3258.2,71.14026149407648,0.5350295132281627,0.46497048677183717,200.84709887054203,4933.337411724265,593.2109523233687,64641,14.4,14.5
20037,KS-Crawford,4951.6,73.13510784392923,0.5466968091122062,0.45330319088779386,202.31847004200662,7122.586663631958,549.4385572259472,52844,20.6,32.2
20039,KS-Decatur,712.4,73.60190903986525,0.5449331274564851,0.4550668725435148,204.37957186973608,9571.869746771476,423.07694632229084,53870,12.7,27.0
20109,KS-Logan,596.4,74.0,0.5409139839034206,0.4590860160965794,300.46950549966465,12966.46544711603,581.4889455734406,75662,15.0,25.7
20119,KS-Meade,693.2,74.0,0.5377794287362955,0.4622205712637045,252.16387088863243,8129.544148153491,592.3254399307559,71852,11.0,26.5
20195,KS-Trego,744.2,73.40177371674281,0.5299779360386992,0.4700220639613007,259.60763864552536,13988.44396723999,545.5522726686374,81528,5.5,30.1
21037,KY-Campbell,7505.0,72.18736842105262,0.5450131912058628,0.4549868087941373,265.58297231445704,5181.585593031313,572.7648260786143,77567,11.1,39.7
21081,KY-Grant,1839.8,70.11229481465377,0.5048203500380476,0.49517964996195246,302.20676047396455,5073.268846733341,712.1426150994673,69178,11.7,15.3
21083,KY-Graves,4249.0,71.76465050600142,0.5426832289950577,0.4573167710049423,284.49046230642506,5051.776869635209,704.7305092492352,50772,19.9,18.4
21151,KY-Madison,7137.6,70.92655794664873,0.533212315063887,0.466787684936113,198.7502766504147,3876.7092649462,652.9365731954719,63351,15.1,34.4
21179,KY-Nelson,5736.8,71.97723469530051,0.5447105773253381,0.45528942267466177,219.4254609712732,5033.0149155766285,585.9364263770743,69562,10.8,23.8
21195,KY-Pike,6900.6,67.17514419036026,0.4797165058110889,0.5202834941889112,268.58535706750143,7449.149349914499,771.5850760397647,44312,24.4,17.8
21237,KY-Wolfe,691.0,68.08538350217077,0.46452277858176555,0.5354772214182345,275.54269432706224,3767.5832257597685,965.5571575976846,30417,37.7,8.7
21239,KY-Woodford,2603.2,72.78672403196066,0.5398781422864167,0.4601218577135832,182.85187869545177,3771.2046600875847,529.6558109173325,83788,10.5,40.7
22051,LA-Jefferson,22630.2,71.12713100193547,0.5500573684722185,0.44994263152778147,225.4509521754116,7601.665027777041,626.1367426819029,65252,16.6,30.5
22061,LA-Lincoln,4147.0,72.55678803954666,0.548915736677116,0.45108426332288404,234.4827470219436,2811.478205063902,569.9059500409935,39172,31.2,36.2
22127,LA-Winn,1784.4,72.72338040798027,0.5447221923335576,0.4552778076664425,299.3723311701412,5131.584840327282,773.9296171374131,48871,24.3,14.4
24510,MD-Baltimore City,59452.0,69.97276121913477,0.5717175153064658,0.4282824846935343,307.5893341270268,4314.5091978436385,829.152929692525,62177,19.7,36.1
24023,MD-Garrett,5979.0,72.58799130289346,0.534672951998662,0.46532704800133795,200.66903905000834,4798.595098658638,629.5701533801639,67688,11.2,25.9
24035,MD-Queen Anne's,9212.4,73.60288307064391,0.5426818266684034,0.4573181733315965,168.94619193912553,1988.6674580413355,589.2926855846467,112826,6.4,38.0
24047,MD-Worcester,12572.0,73.37958956411072,0.5500001399936367,0.44999986000636333,184.66436657333756,2558.845069530703,618.0718849554565,81745,9.9,35.3
26025,MI-Calhoun,14539.6,71.70675947068695,0.5426562147514374,0.4573437852485625,219.3732973795703,8553.770389703981,598.0632281163168,63177,13.9,22.9
26105,MI-Mason,3516.0,71.91706484641638,0.5427416097838452,0.4572583902161548,223.54948738907848,7558.589297883959,755.4607546416381,64748,14.1,26.6
27069,MN-Kittson,729.2,73.79018102029622,0.5200304443225452,0.47996955567745475,168.67799152495886,10014.53648650576,473.121242484915,76100,9.1,29.1
27115,MN-Pine,2298.6,69.0,0.47784084225180545,0.5221591577481945,179.2395371530497,5379.013305542504,655.5294657182634,71146,11.1,17.4
27131,MN-Rice,3470.4,71.37574919317657,0.5399260488704473,0.4600739511295528,189.66110016136463,3884.047950409175,676.636714390272,83181,10.2,30.2
27141,MN-Sherburne,5728.0,69.60904329608938,0.5313926780726257,0.46860732192737425,226.57122614175978,3422.4860345530724,690.0139972765363,105466,5.1,29.7
27157,MN-Wabasha,2702.6,71.80537260415896,0.5213608229112707,0.4786391770887294,193.59135690816248,8220.824384629615,647.5986042699623,82007,7.1,26.5
27163,MN-Washington,16971.6,71.80014848334865,0.5412190730396663,0.45878092696033373,207.9120451990384,3260.4940102653845,569.2215073805652,115345,5.1,49.1
29047,MO-Clay,22053.2,72.57403007273321,0.5666639526236555,0.4333360473763445,241.4887521629514,5128.026782604791,576.4333501940762,88468,8.5,36.5
29063,MO-DeKalb,1473.0,73.18071961982349,0.5264386829599457,0.4735613170400543,243.7202883095723,8566.327243190766,550.712818017651,69826,8.7,16.4
29097,MO-Jasper,12614.8,72.18625741192885,0.5524762184101215,0.44752378158987854,242.87346058914923,7643.894483546311,601.864484857469,60694,17.0,25.3
29109,MO-Lawrence,3127.6,72.54898324593938,0.5329464765315258,0.46705352346847423,210.25707220872232,5075.776950466811,624.7602068231231,61215,14.5,16.9
29135,MO-Moniteau,1592.8,73.34681064791562,0.534025929181316,0.4659740708186841,203.28982247614263,5684.455026996484,547.5891566800602,65715,10.3,15.8
29147,MO-Nodaway,3413.0,73.79490184588339,0.5371141927922648,0.46288580720773514,220.21680779958982,9487.547605238793,604.8637622795196,59315,17.1,27.9
29201,MO-Scott,5828.4,71.31452885869193,0.5454503740306088,0.45454962596939125,224.83013032049962,6697.927387173152,599.306850964244,62782,12.8,22.1
29183,MO-St. Charles,29598.4,72.58031515217039,0.5598757926104113,0.4401242073895886,251.41226277366343,6878.986702368372,608.2761267054975,104692,5.2,42.7
28017,MS-Chickasaw,2576.2,71.43311854669669,0.5602247341044949,0.439775265895505,241.36323890225913,6266.206048195015,586.2898857386849,43586,23.5,12.0
28041,MS-Greene,1456.6,71.52643141562542,0.5238152684333379,0.47618473156666213,248.2493452698064,3351.091571536455,761.2247700947411,54276,18.3,10.5
28077,MS-Lawrence,1950.4,71.73431091058245,0.5475076804757998,0.45249231952420016,269.6882674220673,4737.899899651354,841.2633099056604,43531,23.7,13.2
28093,MS-Marshall,4413.2,71.12956584791081,0.5552928713858426,0.4447071286141575,255.0530350765884,3031.9042619686397,654.9895909136227,53458,23.0,14.6
28101,MS-Newton,3037.2,72.12491768734361,0.5501785921243251,0.44982140787567493,234.49229238772554,5879.033347365996,587.9099307651784,50540,24.7,19.3
28111,MS-Perry,1630.4,70.71368989205104,0.5228164867517173,0.4771835132482827,266.9283645853778,3178.851793204122,713.5672062315995,49634,18.4,12.9
28115,MS-Pontotoc,4770.6,71.11512178761582,0.5514757892089045,0.4485242107910955,232.08820714375554,5662.306639672158,600.5953261937702,51484,16.7,18.5
28153,MS-Wayne,2608.6,71.8878325538603,0.5411309591351683,0.45886904086483166,264.8163579774592,5508.011955608372,748.907471064939,37619,22.8,16.0
30083,MT-Richland,1872.0,73.0,0.5150573931623932,0.4849426068376068,286.5384478418803,9358.226519989315,719.8717911217949,73084,6.6,22.0
30095,MT-Stillwater,1691.4,72.7961452051555,0.49070052027905875,0.5092994797209413,144.6139181388199,6390.327528449806,383.2328327302826,84732,8.3,32.3
30111,MT-Yellowstone,21037.2,72.38855931397714,0.5469029832867491,0.4530970167132508,193.59990784990399,7674.918721888844,548.5710963664366,76570,9.2,34.1
37025,NC-Cabarrus,14456.0,72.35745711123408,0.5517557125069176,0.4482442874930824,242.4183846306032,4123.049251249309,602.1721378251244,89005,9.3,37.9
37057,NC-Davidson,11164.6,71.54645934471455,0.5303457481683176,0.46965425183168225,228.3646432921914,5431.864988735826,592.8380776275012,64172,12.8,21.7
37095,NC-Hyde,678.8,71.90453741897466,0.5285857100766058,0.47141428992339424,187.09484902769594,2248.0848586328816,563.0524430170889,53713,22.2,14.7
37099,NC-Jackson,4989.8,72.36879233636618,0.5379478816786244,0.46205211832137566,186.30005894023807,6427.7125398773505,595.0539240450519,55815,18.0,31.1
37129,NC-New Hanover,29905.0,73.16124393914062,0.5500843678314663,0.4499156321685337,189.23259167363318,2738.6724677405114,498.1775687871594,75166,12.3,45.4
38081,ND-Sargent,631.4,73.28729806778587,0.49856512511878365,0.5014348748812163,197.65601289198605,5334.1780061133995,471.96703908774157,77946,6.9,18.2
38091,ND-Steele,347.0,74.0,0.49222265129682996,0.50777734870317,167.14697959654177,8900.864548760806,383.28531654178676,77500,12.9,28.9
38095,ND-Towner,478.8,74.59022556390977,0.5459452380952381,0.4540547619047619,219.2982600250627,9456.140370258981,482.456147827903,67350,8.5,23.5
31005,NE-Arthur,91.4,76.34792122538293,0.5733089715536105,0.42669102844638945,184.3971464539007,6459.518600218818,457.3304398249453,76250,7.2,36.6
31013,NE-Box Butte,2259.0,72.0,0.5242074988933156,0.47579250110668436,225.67507916777336,9238.866770562196,609.2076139265162,68892,10.8,18.6
31029,NE-Chase,838.4,75.0,0.551287356870229,0.448712643129771,201.09735605916032,9869.990426240458,457.53815128816797,68173,7.5,24.1
31035,NE-Clay,1192.2,74.0,0.5303084717329308,0.4696915282670692,181.17768054017785,5311.692672521389,390.8740401945982,78986,6.9,22.3
31063,NE-Frontier,456.2,74.0,0.5160009206488382,0.48399907935116177,206.0499722490136,7167.908803288032,452.43314774221835,70132,11.4,25.7
31091,NE-Hooker,212.6,75.0,0.5682240827845719,0.431775917215428,178.73941890874883,4380.997180150517,379.1157077140169,49464,6.2,24.6
31097,NE-Johnson,801.4,74.0,0.528567581731969,0.47143241826803095,214.87396328924382,7951.085604666833,492.63786970301976,57632,9.7,17.7
31157,NE-Scotts Bluff,6419.6,72.77705776060814,0.555625556109415,0.44437444389058506,226.0888478285252,4924.481267387377,574.0856237584896,63614,12.9,27.0
35043,NM-Sandoval,12680.8,71.59075137215318,0.5323267270203772,0.46767327297962275,155.163710797426,6476.058296094884,498.8801922118478,86636,10.0,33.8
36003,NY-Allegany,4641.0,71.73884938590821,0.511493079077785,0.4885069209222151,216.37579460030165,7590.217612161171,737.9013090756301,62869,16.2,24.9
36021,NY-Columbia,8867.0,72.77667756851247,0.5301488304950941,0.46985116950490585,196.9775633066426,7300.2594041660095,523.1758319747378,81528,12.1,39.4
36031,NY-Essex,6052.2,72.7675225537821,0.5181790985096328,0.4818209014903671,183.07392464558345,8563.200155156803,694.5242807640197,71661,11.2,32.8
36041,NY-Hamilton,880.6,73.7778787190552,0.5166950034067681,0.4833049965932319,169.20283213717923,5338.178489325459,444.01544637746986,68835,10.6,33.2
36043,NY-Herkimer,6719.8,72.56939194618887,0.5337605821601833,0.4662394178398167,231.61402211970596,7181.047050733652,578.6481915979642,68515,13.4,22.7
36095,NY-Schoharie,3983.6,72.57124209257958,0.5267181845566824,0.4732818154433176,202.3295484586806,8878.100216216488,598.5038667135254,70133,11.7,26.2
02275,AK-Wrangell,531.6,73.0,0.4713966516177577,0.5286033483822422,186.60648961625282,9562.076771068472,130.17308081264107,63750,12.1,21.4
01009,AL-Blount,4207.8,72.10684918484719,0.534201045677076,0.4657989543229242,239.41252200674936,2811.5404428394886,584.771136684253,64190,12.9,15.8
01077,AL-Lauderdale,11411.2,72.54949523275378,0.556529225673023,0.443470774326977,238.48500224340995,2360.1198917519628,510.16545596256304,62649,12.2,29.8
05025,AR-Cleveland,1301.4,72.74043337943753,0.540636929460581,0.45936307053941905,250.65315119102505,5573.2288242047025,642.5388072844629,54794,15.8,19.7
05031,AR-Craighead,11702.6,71.75371285013587,0.5689257019807564,0.43107429801924363,268.6411650539196,5819.185489886008,606.1559160186625,59548,20.1,29.7
05063,AR-Independence,5874.6,72.13270690770436,0.5493631464269907,0.45063685357300926,266.7075333571647,5996.39123484833,645.7631379225819,56609,20.4,18.1
05081,AR-Little River,1953.8,72.36011874296243,0.5425571706418262,0.4574428293581738,255.1950249360221,4410.891578830996,664.7558557273006,53344,15.5,17.2
05089,AR-Marion,2903.6,71.37133213941314,0.5031154911144786,0.49688450888552144,186.52708094778896,3577.834412976994,443.3117288882766,48619,18.0,14.9
04019,AZ-Pima,96434.2,73.79241389465562,0.5356412600508949,0.4643587399491052,168.12294580511895,2436.934209951242,444.8338813362894,70315,14.3,36.8
06007,CA-Butte,37922.4,71.9821741240006,0.5369783927177605,0.46302160728223957,289.4067886251925,5351.433447630424,619.3647911614244,67928,19.2,31.9
06017,CA-El Dorado,24890.4,72.59103911548227,0.5223979100376048,0.47760208996239517,164.8587218558159,6357.2863453009995,543.3420048315816,108845,8.0,40.0
06019,CA-Fresno,70290.8,72.0,0.5314186579182483,0.4685813420817518,212.28098125359224,2029.6994954713846,520.1790489671479,74201,18.3,24.3
06023,CA-Humboldt,26313.0,71.39027096872269,0.534230457188462,0.46576954281153804,158.50717800174817,3580.6787545715047,473.85703637213544,61160,18.7,33.1
06049,CA-Modoc,2390.0,72.19723849372384,0.5222017656903766,0.47779823430962354,186.5271791715481,6343.849368518828,843.2635813472804,59455,17.9,24.8
08041,CO-El Paso,55502.6,71.78595957666847,0.535838326492813,0.46416167350718707,169.22809822134457,3496.456008475999,552.0570546918523,90363,8.5,41.9
08051,CO-Gunnison,2073.6,72.39168595679013,0.4748484471450617,0.5251515528549383,131.26926221064812,5765.914353520447,446.95217328317904,84527,11.3,64.7
12005,FL-Bay,23040.2,72.58431784446316,0.5405378538380743,0.4594621461619257,236.29134982942855,2677.0774584934156,638.2062673735471,73533,11.9,29.6
12013,FL-Calhoun,1330.0,72.34195488721805,0.5174506165413535,0.4825493834586467,227.0676644360902,4130.526304842105,768.8721575789473,50517,20.7,13.6
12039,FL-Gadsden,2827.2,70.51131861912846,0.5132992642897567,0.48670073571024336,285.2999301570458,2184.49349586163,785.724367819751,48801,27.9,21.3
39083,OH-Knox,6803.2,71.7754880056444,0.5281920243414863,0.4718079756585136,223.07147893344307,9995.355126940263,667.8034021842662,73878,11.6,24.7
39091,OH-Logan,6155.0,72.37666937449228,0.5310052185215273,0.46899478147847284,211.11291999025184,6834.995945598699,618.9114435223395,71551,11.1,18.7
39109,OH-Miami,11091.4,72.58270371639288,0.544268774005085,0.455731225994915,241.12375986259624,4182.105054822655,689.8497883278937,76817,9.4,26.8
39145,OH-Scioto,9219.6,70.35099136621979,0.5277298754826674,0.47227012451733263,288.49407287734823,11210.48638837043,663.9767558831186,50609,21.8,18.2
39155,OH-Trumbull,19451.4,72.5658718652642,0.5391490412001192,0.46085095879988075,260.82440989440346,4719.310694617354,564.576329619462,56435,16.6,20.9
39165,OH-Warren,18600.2,73.0,0.5390753583294803,0.4609246416705197,222.99758280556122,4943.882328743777,573.01534505758,110132,6.0,45.6
39175,OH-Wyandot,3166.2,73.37281283557577,0.5419159118185839,0.4580840881814162,228.2862547280652,9078.706350167393,606.7209873728759,69768,8.8,19.6
40009,OK-Beckham,3261.2,72.18870354470747,0.549128903471115,0.45087109652888513,208.57353317183856,4296.823260775175,717.4046454249969,53328,21.7,12.9
40045,OK-Ellis,778.0,73.78303341902314,0.5475577892030848,0.45244221079691516,201.54239850899745,6398.45760344473,654.755772133676,61016,13.0,21.4
40051,OK-Grady,7036.2,71.96506637105256,0.5367279838549218,0.46327201614507835,209.60177163525768,5392.939356024558,651.0616574969443,75419,12.2,22.8
40105,OK-Nowata,1463.8,72.0,0.5496454433665802,0.4503545566334199,209.8647307965569,4384.888654379013,592.2940313020904,54333,17.2,16.8
40109,OK-Oklahoma,71229.8,72.57324322123605,0.5617561919309054,0.43824380806909463,218.51809241244533,5384.075198359675,667.5071348766949,66679,16.0,35.9
41013,OR-Crook,4517.0,72.75054239539517,0.5123272880230241,0.48767271197697587,149.03697318131503,4727.473981682532,560.5047364976755,81965,11.3,21.3
41029,OR-Jackson,30657.0,72.74459340444271,0.5340034204260038,0.4659965795739962,157.40615062334865,4658.074822541019,490.89602909286623,73999,12.4,31.7
41057,OR-Tillamook,6107.6,72.03569323465845,0.524180575021285,0.47581942497871504,143.9190776409719,5931.233222355754,525.0835034219662,69105,12.7,26.2
41059,OR-Umatilla,12822.2,72.0,0.5363430565737549,0.46365694342624514,169.8148659262841,5345.447741637161,715.4622384364617,67728,11.8,18.3
41071,OR-Yamhill,8692.0,71.19263690750115,0.5368145398067189,0.46318546019328116,166.95811002531062,4924.942472825585,628.8311159779107,90063,10.3,29.6
42059,PA-Greene,2614.8,71.12108000611902,0.527080105553006,0.472919894446994,227.93330476518278,5123.8335582147765,579.7001720896435,68041,13.5,21.7
42067,PA-Juniata,2277.2,72.17442473212718,0.5287228087124538,0.4712771912875461,230.28280268751098,6244.77429569647,516.5993516160196,66318,9.7,15.0
45005,SC-Allendale,828.0,71.71280193236716,0.5408390821256039,0.4591609178743961,193.236704057971,5262.318828381643,850.7246450241547,32328,28.2,14.3
45029,SC-Colleton,5017.2,71.74101092242685,0.5310901977198438,0.4689098022801563,220.7605674918281,3616.5988869170064,726.9791860240773,51114,19.6,17.4
45053,SC-Jasper,4415.8,72.01327052855655,0.5333093527786584,0.4666906472213415,156.7100149961502,3833.9598757190092,608.7232164771956,65613,17.8,26.0
45059,SC-Laurens,8068.2,71.36260876031828,0.5440560521553753,0.45594394784462455,219.33021171760743,4197.813631937731,629.8059111226792,57623,18.1,17.6
45067,SC-Marion,3770.6,70.88569458441627,0.5617717763751128,0.4382282236248873,249.1380528775261,4096.80159403278,675.2241136211743,36301,30.0,14.5
45079,SC-Richland,40504.6,72.16242599605971,0.5660661653244323,0.4339338346755677,181.76206440206792,2509.497713397984,490.90229574863105,63784,17.2,40.7
45089,SC-Williamsburg,3533.0,71.47449759411265,0.555109380130201,0.44489061986979905,236.7393303707897,4218.794217877158,661.0246243532408,46213,23.3,17.4
46027,SD-Clay,1458.4,72.58145913329676,0.5346789769610532,0.4653210230389468,181.98025761108062,8182.803080403181,492.3203679100384,56850,19.7,45.4
46073,SD-Jerauld,443.0,74.39097065462754,0.5453658690744921,0.4546341309255079,190.0677206772009,7707.90066302483,407.2234776523702,73750,8.3,21.3
46105,SD-Perkins,623.2,74.0,0.5105987483953787,0.48940125160462133,169.12708485237485,5906.611034306803,353.6585273106547,66908,13.7,24.9
47007,TN-Bledsoe,1559.0,72.3661321359846,0.512018960872354,0.48798103912764595,207.82553003207184,3288.1334138806924,507.7613841565106,54720,20.7,12.4
47055,TN-Giles,4283.0,72.75054868083119,0.5398669203829092,0.46013307961709077,238.8045822274107,3582.9091830025677,580.5743662619659,62307,12.8,20.1
47161,TN-Stewart,2092.0,71.77963671128107,0.5336571797323135,0.4663428202676865,218.1644685659656,2508.9866257265776,553.6328723135755,63114,16.4,17.6
47173,TN-Union,1462.6,69.34021605360317,0.4881667441542459,0.5118332558457541,179.81677192670585,2039.108442896212,425.4067835361685,62727,13.8,14.2
47185,TN-White,3798.8,72.57170685479625,0.5345816994840475,0.46541830051595245,225.22900432241764,3073.654834732021,585.9218773560073,52188,13.2,15.1
48031,TX-Blanco,2268.8,73.4046191819464,0.5326222055712271,0.46737779442877286,163.8751659026798,3331.3645877115655,426.3046563205219,92425,8.4,35.4
48111,TX-Dallam,565.2,73.18966737438075,0.5229777070063694,0.4770222929936306,212.66807324840764,5484.784160863412,610.7572361641896,71500,11.5,11.9
48121,TX-Denton,55845.4,72.79910252232055,0.5582175355535103,0.4417824644464898,224.14021497634545,2742.034234961519,545.1908317322465,111498,7.1,49.4
48149,TX-Fayette,4823.0,74.38838896952105,0.5252257723408668,0.47477422765913324,209.45469484967865,3947.377149736679,510.4706571304168,75854,8.6,27.5
48177,TX-Gonzales,2290.8,73.3802165182469,0.5114206914614982,0.4885793085385019,192.59646290378905,5015.191197284791,595.3378744194167,58672,15.8,11.9
48227,TX-Howard,2925.0,73.0,0.5248773538461539,0.47512264615384614,209.64103255384612,2962.1196734495725,664.5470131623931,69649,13.8,15.7
48253,TX-Jones,1979.6,72.36532632855122,0.5244411396241665,0.47555886037583345,257.4257547080218,5287.835930369772,660.94159427157,59464,14.1,12.0
48259,TX-Kendall,6811.2,74.0,0.533838145994832,0.466161854005168,179.11671640239604,1429.439769802678,424.0368781037115,114962,5.0,48.9
48317,TX-Martin,459.6,73.78067885117494,0.5330711923411663,0.4669288076588337,201.91469277632726,4825.935610966058,708.442140948651,93734,8.3,20.9
48321,TX-Matagorda,3490.2,72.0,0.5021585009455046,0.4978414990544955,248.98286721677843,5134.433574362501,678.1846009340439,58628,20.7,22.2
48361,TX-Orange,7315.4,72.36957650982858,0.537182603822074,0.46281739617792605,224.15726511742352,3682.7514546873717,569.1281280996255,72104,12.5,17.7
48385,TX-Real,809.8,73.0,0.5025958014324524,0.49740419856754753,221.28919056557174,3392.1955870338356,569.0293896517659,39605,17.9,21.1
48425,TX-Somervell,1099.6,72.3865041833394,0.5189240269188796,0.4810759730811204,182.24810913059295,5210.985792033466,592.761001764278,79825,7.5,29.3
48431,TX-Sterling,164.4,73.37834549878346,0.5012139902676398,0.49878600973236015,287.1046343065694,5030.413644403893,588.807794890511,64954,4.3,24.5
48435,TX-Sutton,558.2,73.58043711931208,0.5084221784306701,0.49157782156933,219.6345251164457,6384.808299570046,642.7803912934432,78906,4.5,18.3
48451,TX-Tom Green,12080.2,72.57436135163326,0.5292509014751411,0.47074909852485886,265.856521848976,5477.094738992732,599.1788340077152,68370,11.1,25.5
48453,TX-Travis,71138.6,72.5740287270202,0.5369683221204803,0.46303167787951965,196.36876967187993,2291.4001529054553,491.93263131717515,99611,10.9,56.6
48457,TX-Tyler,2615.0,72.56068833652007,0.5249699885277247,0.4750300114722753,223.63288341873803,3984.5506644359466,635.5640409713193,55396,17.9,12.4
48487,TX-Wilbarger,1595.0,71.77918495297806,0.5340446144200627,0.4659553855799373,278.8714939310345,5670.219452351098,880.0000032100314,54102,17.5,17.2
48499,TX-Wood,8166.0,73.57634092578986,0.529486696056821,0.47051330394317903,215.25837351212343,6372.618196370316,507.20058344599556,60300,12.5,21.5
49047,UT-Uintah,3023.8,71.17825252992922,0.5256488127521661,0.4743511872478338,177.92182029896156,5012.6992528011115,631.1264066340367,73746,11.8,16.8
49051,UT-Wasatch,2359.4,73.1946257523099,0.5145363397473933,0.4854636602526067,150.71629177757055,4756.887333576333,421.54785904043405,117608,4.7,51.3
51021,VA-Bland,1080.4,71.74102184376157,0.5216628470936691,0.478337152906331,204.1836193076638,3431.877081766013,649.0188726027397,61216,13.6,18.4
51037,VA-Charlotte,2058.2,72.73549703624526,0.5349401127198523,0.46505988728014774,244.09676518316974,3625.9838614614714,637.353020104946,58000,18.9,20.0
51075,VA-Goochland,4484.8,73.6074295397788,0.5358242195861577,0.46417578041384233,163.93149974134855,3647.0745611130924,447.7345557483054,118931,5.1,45.8
51680,VA-Lynchburg City,8801.0,73.33175775480059,0.5784313600727191,0.42156863992728094,236.10951335302806,3608.2717893716626,507.1241791160095,57947,18.6,38.5
51117,VA-Mecklenburg,5792.0,73.12458563535911,0.5375104316298343,0.4624895683701658,211.46409726174036,4658.908850162293,595.0276239053867,57045,16.3,20.7
51173,VA-Smyth,4550.4,72.11497890295358,0.5460121659634318,0.4539878340365682,235.62764652777778,4269.558718899438,735.3639175984529,49883,16.8,16.8
51830,VA-Williamsburg City,1910.8,75.12664852417835,0.5687652501570024,0.43123474984299764,169.35314681808666,6898.1578372828135,555.7881454783337,75604,18.8,45.8
51197,VA-Wythe,4397.4,72.3536180470278,0.5460902442352299,0.45390975576477016,206.2127691135671,4161.459036153181,735.4345553827261,57745,15.2,19.4
50007,VT-Chittenden,20785.6,72.0,0.5572757245400662,0.4427242754599338,176.44908014971904,7720.979913959664,553.4312162218074,96759,9.7,56.8
53003,WA-Asotin,4918.8,72.36923639912173,0.531142514434415,0.4688574855655851,151.05310559892655,7469.667417313166,785.8420674717412,72283,14.2,24.7
53015,WA-Cowlitz,9118.8,71.35741544940123,0.5136700640435146,0.48632993595648544,190.11270092994695,5936.197741941922,626.7710815852963,76531,12.2,17.6
53053,WA-Pierce,76411.4,72.57082058436306,0.538667905312558,0.4613320946874419,191.40077911097035,3613.3273066814636,562.8139261340585,99564,8.8,30.9
53063,WA-Spokane,48120.8,72.57164885039317,0.5353927752655816,0.4646072247344184,162.5076999014979,2295.007565409137,573.5856343506342,78582,11.7,33.1
55007,WI-Bayfield,3007.0,71.38782840039907,0.5019910142999667,0.49800898570003327,155.03825096109077,6199.06882446292,573.3288964349849,71151,9.8,35.0
55023,WI-Crawford,2418.0,70.96633581472291,0.5119067659222498,0.4880932340777502,163.6890268899917,8243.093472779157,704.5492072622002,64094,13.8,18.3
55037,WI-Florence,812.4,72.18389955686854,0.488927744953225,0.511072255046775,150.418507779419,5827.4249117183645,471.9349903741999,61086,7.3,25.0
55051,WI-Iron,976.4,71.37095452683326,0.4782741294551413,0.5217258705448586,164.2769317697665,6353.543657824662,533.5927772634167,60625,10.5,26.0
55078,WI-Menominee,430.2,68.32357043235704,0.527669549046955,0.4723304509530451,232.45002375639237,3940.492776476058,740.5857781496978,62108,21.7,18.1
55085,WI-Oneida,6372.8,72.0,0.5151236159929701,0.4848763840070299,177.88100205561133,6486.693446237133,609.2769352027367,69371,8.5,28.7
55095,WI-Polk,5433.4,71.18975227297824,0.5142962675304598,0.48570373246954024,193.24916327897816,7958.368608996209,583.5756691574336,77219,8.2,24.3
55103,WI-Richland,3139.8,72.37454614943627,0.5313759857315752,0.4686240142684247,188.92923018663612,9750.68476090834,602.8409412446653,66420,14.5,21.2
54015,WV-Clay,963.6,69.67227065172271,0.4705367579908676,0.5294632420091324,228.3104904732254,5397.467827895392,605.6454994396015,42318,26.4,11.3
54035,WV-Jackson,3651.4,71.5937448649833,0.5233806923371858,0.47661930766281424,238.9220537218601,6602.892030793668,680.5608922605029,58845,18.5,19.6
54057,WV-Mineral,4623.4,72.3727559804473,0.531994674914565,0.46800532508543496,226.32694756672578,6273.564898490289,736.8170621404162,69375,14.0,23.7
54077,WV-Preston,3997.4,71.94091159253514,0.519079131435433,0.48092086856456695,217.84160359733826,7520.388262430581,639.9659815480062,61880,13.8,17.5
54087,WV-Roane,1816.8,69.69198590929106,0.4900950022016733,0.5099049977983268,197.15982350286217,6851.387067998679,675.9136794693967,45778,19.1,15.2
12117,FL-Seminole,35861.4,74.0,0.5690019670174618,0.4309980329825383,312.6704726402204,2825.2271241384888,623.5952970910226,85761,9.0,42.7
12129,FL-Wakulla,2136.6,71.5789572217542,0.5256979874567069,0.47430201254329313,251.05308214920902,1759.1500427220817,615.9318682111766,81895,6.7,23.3
13003,GA-Atkinson,515.0,71.27223300970874,0.5195867961165048,0.4804132038834952,253.5922509902913,4034.563116427185,631.8446500582525,42347,25.0,8.9
13077,GA-Coweta,11480.8,72.58217197407846,0.5515502299491325,0.44844977005086756,209.88080948191762,2920.0926614382274,508.1701406504773,95548,7.4,36.2
13081,GA-Crisp,1668.6,72.29425865995445,0.5326571377202445,0.4673428622797555,263.21467685484834,4745.055736941148,614.7668579288027,45105,23.3,15.3
13087,GA-Decatur,2604.0,71.88095238095238,0.5425546774193549,0.45744532258064513,243.0875594623656,5940.553014938556,705.3763580184333,53317,22.0,15.1
13101,GA-Echols,268.2,71.69500372856078,0.5384082774049217,0.4615917225950783,287.0991753914989,4117.076833184191,657.7181154362416,59489,14.2,15.7
13123,GA-Gilmer,5215.8,72.5795851067909,0.5162647417462326,0.48373525825376745,202.30834191111623,3630.7373877641016,577.8595875071896,74499,16.0,24.9
13125,GA-Glascock,291.6,73.11796982167353,0.5171465020576131,0.48285349794238686,264.06037270233196,2947.187914128944,537.7229172839506,54934,12.6,17.0
13137,GA-Habersham,4651.4,73.37360794599475,0.5347681816227373,0.4652318183772628,194.65107423571396,3513.7377878359207,574.6226816786343,67309,14.1,24.6
13171,GA-Lamar,1642.2,70.94750943855803,0.5268577030812326,0.4731422969187675,208.98795714285717,2718.182921227621,567.4095982949701,67062,9.6,19.2
13173,GA-Lanier,823.0,70.28821385176185,0.5079023329283111,0.49209766707168895,261.968422235723,6505.710826609963,868.529777472661,47186,26.1,19.3
13231,GA-Pike,1649.8,72.37943993211299,0.5360687962177234,0.46393120378227665,203.41857349981817,2568.432558310098,509.0314086798399,86719,9.3,21.5
13285,GA-Troup,5535.8,71.71444055059793,0.5461232233823476,0.45387677661765236,275.660248567506,3304.888190288667,704.5775042414828,56776,16.9,23.8
13301,GA-Warren,467.8,71.94185549380077,0.5348489097905088,0.4651510902094912,266.353164942283,3016.673794100043,642.1547507909363,44289,21.4,12.3
13311,GA-White,3493.4,73.18245835003148,0.534390307436881,0.465609692563119,214.06079335890539,3042.0793323982366,523.2152022041564,70666,12.4,24.0
15001,HI-Hawaii,22406.4,72.76180019994287,0.5072457985218509,0.49275420147814913,122.58104207458584,2016.548853789096,463.53720265638395,78639,14.9,31.4
15003,HI-Honolulu,64946.0,75.19334216118006,0.5422841643827179,0.4577158356172821,147.4609634613371,3763.619016813352,459.82508735749695,106195,9.2,38.5
19021,IA-Buena Vista,2870.6,74.0,0.5413544067442346,0.45864559325576526,155.3682036926078,7620.636786365219,465.96529857172715,71719,7.8,22.2
19041,IA-Clay,3500.4,74.0,0.5478644612044338,0.4521355387955662,186.95006628385326,10378.87099369215,535.424509787453,65428,11.4,27.5
19145,IA-Page,3165.0,73.37744075829384,0.5444119557661927,0.4555880442338073,211.05845422432859,11896.935254698263,642.1484968151658,57953,13.8,19.2
19149,IA-Plymouth,3908.0,73.79447287615149,0.5441505015353121,0.45584949846468786,178.91503017400206,8738.58752569601,491.70932428863864,83251,6.9,21.7
19153,IA-Polk,44860.2,73.0,0.5676362615414109,0.4323637384585891,188.42983192852464,3006.5091035630694,424.2424084899309,83576,10.3,40.3
16013,ID-Blaine,3997.0,73.80430322742056,0.5010760020015012,0.4989239979984989,130.29772652989743,9531.598692589441,427.1703664898674,92566,6.6,48.0
16015,ID-Boise,996.2,70.97249548283477,0.46717229471993577,0.5328277052800642,133.10583073679985,5057.819707207388,345.11142061834977,78774,7.7,31.2
17027,IL-Clinton,5112.8,72.77867313409482,0.5288646847128775,0.4711353152871225,268.2678827022375,6567.516810851196,668.3617579721484,86588,7.4,25.9
17049,IL-Effingham,5900.6,72.78659797308748,0.537887523302715,0.462112476697285,215.3340225570281,5746.093607114532,636.6810189845099,80404,10.1,26.9
17063,IL-Grundy,6681.2,72.78006944860205,0.5448385080524456,0.45516149194755434,239.17856614679997,6551.3979425223015,672.6935275519368,92235,6.0,23.6
17071,IL-Henderson,1163.4,73.77462609592574,0.5262081141481862,0.47379188585181353,185.31891481863502,7589.822918033351,596.3554949114664,62227,13.9,20.6
17105,IL-Livingston,4983.6,72.77413917649892,0.5201516855285335,0.4798483144714664,228.87071873344576,5599.807357332049,586.96522916767,73790,10.5,19.0
17125,IL-Mason,2246.4,73.76353276353277,0.5160010327635328,0.4839989672364673,213.5861562767094,7127.403846696937,634.5263722934474,62845,14.8,17.1
17137,IL-Morgan,4750.4,72.76448299090603,0.5373417733243516,0.4626582266756483,225.11789680026948,6060.163328995453,698.8885199562142,66306,13.4,22.6
18005,IN-Bartholomew,9544.2,72.95792208880786,0.5605628046352759,0.4394371953647241,245.8246529536263,7195.155165380021,628.1092189497285,79901,10.5,34.1
18057,IN-Hamilton,28581.0,73.20177040691368,0.5649014464154508,0.43509855358454913,185.8017661663343,5217.23523728281,510.4369889108149,121530,4.4,61.9
18111,IN-Newton,2009.2,72.17917579135974,0.5197979593868206,0.4802020406131794,258.11266208441174,5200.378272526378,570.0776297531355,75481,14.0,15.3
18147,IN-Spencer,2817.8,73.0,0.5303176662644616,0.46968233373553836,207.253873213145,5694.797356192775,482.78798966569656,74506,7.5,22.0
18161,IN-Union,1059.8,72.3617663710134,0.5308719569730138,0.4691280430269862,280.0528226457822,5405.925642932629,636.7238899792414,76424,8.5,18.4
20001,KS-Allen,2287.8,73.37066177113384,0.5522074569455372,0.4477925430544628,217.5889473730221,7149.051493871842,663.4321038552321,60689,9.9,22.4
20021,KS-Cherokee,2880.8,72.55165231880034,0.5377742432657595,0.4622257567342405,222.1605078728131,7165.23189023188,588.5865048111635,57668,14.1,19.4
20025,KS-Clark,427.2,75.0,0.5711684456928838,0.42883155430711617,237.35954386704117,10117.977510720975,615.6367043539325,63043,9.9,31.1
20055,KS-Finney,3914.2,72.0,0.5391806397220377,0.4608193602779622,212.0484223800521,7631.597775892904,660.007150293802,73009,11.1,19.0
21005,KY-Anderson,1932.4,71.55630304284827,0.5173768370937695,0.48262316290623053,242.49636549368662,2847.8576058269505,557.3380162492236,74488,11.5,26.2
21029,KY-Bullitt,7866.6,71.56525055297078,0.5328422851041111,0.46715771489588886,250.4512800600005,3597.437287257519,580.0981281468487,80558,9.7,19.5
21045,KY-Casey,2035.4,70.7027611280338,0.5187239068487766,0.4812760931512234,249.18936269038028,5358.946633231797,674.1672368281419,45510,21.7,12.9
21135,KY-Lewis,1363.0,70.0564930300807,0.49393214966984594,0.506067850330154,253.26487103448278,6277.769640278798,593.1034597505502,46838,22.0,15.3
21149,KY-McLean,1187.6,71.53115527113506,0.4925632536207477,0.5074367463792523,222.2970469013136,4283.2603442741665,553.3849746379252,65596,9.5,16.8
21209,KY-Scott,3866.8,71.19297610427226,0.5381552446467363,0.46184475535326364,190.90722441295125,4556.894572737147,593.8760827350782,85158,10.6,34.7
22067,LA-Morehouse,3257.4,71.71664517713513,0.5425319702830478,0.45746802971695216,268.9261556026279,4563.701125990053,678.271027482041,39454,29.3,13.8
22089,LA-St. Charles,2276.0,69.70922671353252,0.5247852108963094,0.47521478910369064,222.14412991212654,8746.221440158173,689.6309463268892,80897,11.7,26.9
22113,LA-Vermilion,6944.8,72.55932496256192,0.5401235427946088,0.45987645720539105,231.91453524075564,5076.632871215874,625.8207672215182,55707,20.2,17.6
22117,LA-Washington,4624.8,70.87900017298045,0.5432464755232659,0.45675352447673406,295.4073558770109,8217.652637623249,928.7320147682065,45380,24.3,12.8
25013,MA-Hampden,53766.4,70.76548922747293,0.5453585146113559,0.4546414853886442,258.86052598946554,5677.118060741281,666.4459624858647,71306,16.3,29.3
25019,MA-Nantucket,1898.8,74.0,0.5293694543922477,0.47063054560775225,199.2837693069307,7898.567538508532,775.6477695175901,139688,3.2,56.3
25021,MA-Norfolk,83702.2,74.19382286248151,0.5723742097579275,0.4276257902420725,271.23303420268525,6534.043315041183,587.9654237683119,130739,6.7,58.8
25025,MA-Suffolk,55863.4,71.93710014070035,0.5571664800209081,0.44283351997909187,285.009484691945,8737.430947472585,736.4535632417648,95631,16.2,50.6
24001,MD-Allegany,14733.2,72.18795645209458,0.5520873673064914,0.44791263269350856,261.87114965248554,3532.2944424524208,660.4539474818775,59603,16.9,21.1
24033,MD-Prince George's,80661.2,72.57145442914313,0.5858777779155281,0.41412222208447186,217.45524502338176,1660.4414245081896,548.6082477297634,101798,10.8,36.7
26033,MI-Chippewa,3670.4,71.36083260680034,0.5040798605056669,0.4959201394943331,194.52919576068,8037.707072907585,617.6983438862248,62217,14.0,23.3
26055,MI-Grand Traverse,9180.4,72.17925144873861,0.5441062568079823,0.4558937431920178,198.1177290619145,5588.776080717616,458.52031042220386,81647,9.6,40.6
26129,MI-Ogemaw,3416.8,70.7120697728869,0.5052794076328728,0.4947205923671271,207.67969664013114,5955.689548536642,705.5724616892999,54666,16.7,17.2
26141,MI-Presque Isle,2518.2,72.36128981018187,0.5086101421650385,0.49138985783496153,183.86149706933526,5222.381074426177,498.1335924787546,59321,14.0,21.4
27005,MN-Becker,4063.4,72.0,0.5101103410936654,0.4898896589063346,216.4197327656642,9427.720657912092,603.1402192892651,71388,12.9,28.0
27021,MN-Cass,4091.6,71.95111936650699,0.5092728125916511,0.4907271874083488,189.41244602111644,9077.231402077427,560.5631330628604,68874,12.8,26.0
27041,MN-Douglas,5057.6,71.57865390699146,0.525822421701993,0.47417757829800694,183.5653096211642,9653.827927930244,614.0066401455235,79043,9.0,29.7
27051,MN-Grant,811.4,72.61671185605127,0.5124665023416317,0.4875334976583683,179.68941934927287,11250.677818511213,560.5126822282474,73917,11.6,21.0
27063,MN-Jackson,1512.6,73.97183657278858,0.5418266164220548,0.45817338357794524,197.8050921195293,9083.035833849002,618.2731994049981,75743,8.6,26.1
27077,MN-Lake of the Woods,514.0,71.62023346303502,0.489875953307393,0.510124046692607,171.98442105058365,8310.116738054476,671.2062341245138,77546,6.4,25.4
27169,MN-Winona,5040.4,72.18423141020554,0.5320857114514721,0.46791428854852796,172.88309509165936,12120.426950170622,583.8425584358383,70744,14.8,32.7
27171,MN-Wright,7987.6,71.37320346537132,0.5340707621813812,0.46592923781861884,223.74681926736443,4063.2981056237163,601.4071881491312,107209,5.2,34.4
29041,MO-Chariton,1509.6,73.57591414944356,0.5420063460519343,0.4579936539480657,202.96766153948064,5345.124538261792,494.9655636327504,71520,8.8,22.6
29057,MO-Dade,871.2,72.54660238751148,0.5254875573921028,0.47451244260789716,180.21122408172636,5538.567486547291,409.09090137741043,53750,12.6,15.1
29061,MO-Daviess,1288.8,73.37849162011173,0.5231178150217256,0.4768821849782743,228.73990713842335,7252.638112988827,532.7436316728739,63984,11.4,18.4
29087,MO-Holt,927.8,74.0,0.5249026083207587,0.4750973916792412,243.37143632248328,7496.65876514335,544.2983439534382,61187,10.2,19.6
29095,MO-Jackson,51690.4,71.3645938123907,0.5572404578026093,0.44275954219739067,281.3172260319131,4964.090036909754,680.1766064189869,68577,14.1,34.0
29105,MO-Laclede,2873.8,70.3481105156935,0.526440302039112,0.473559697960888,211.2185906256524,5550.8386001739855,676.2474896722109,53282,18.2,16.3
29121,MO-Macon,2875.4,73.0,0.5453211587952981,0.454678841204702,219.8650589483202,6191.973288321626,544.2721035681992,62357,9.5,19.4
29141,MO-Morgan,3158.0,72.76307789740342,0.5182220519316023,0.48177794806839774,202.976571450285,5468.967696333122,549.8417069664345,53412,18.3,16.6
29159,MO-Pettis,4998.2,72.56096194630067,0.5445682885838902,0.45543171141610983,240.60663030691046,5969.4690101916685,614.4612195830499,60430,15.6,18.4
28023,MS-Clarke,2538.0,72.11757289204098,0.555885390070922,0.4440367218282112,237.27343601260839,6158.786447257683,655.5555544050433,46108,17.4,17.5
28083,MS-Leflore,3405.8,70.68553643784134,0.5700895942216219,0.42991040577837814,215.57343475248106,4365.4354460097475,680.3687974748957,35277,31.5,21.2
28107,MS-Panola,4393.0,70.36002731618484,0.5415042249032552,0.4584957750967448,263.1914319735944,3214.4320496198497,652.9478776735716,45945,23.3,17.7
28123,MS-Scott,3007.4,71.71802886214006,0.5683580501429808,0.4316419498570193,281.9711455343486,4701.802196122897,701.2036999068964,48786,22.2,13.5
28155,MS-Webster,1948.2,71.47407863669028,0.5554777024946104,0.4445222975053896,243.50684182322146,4844.6771307463305,723.9502901755466,58789,16.4,20.9
30037,MT-Golden Valley,171.8,73.18044237485448,0.4994159487776484,0.5005840512223516,137.3690259604191,5181.606536903377,402.7939720605355,58333,17.0,20.9
30049,MT-Lewis and Clark,11202.6,71.60075339653295,0.5261857229571706,0.47381427704282936,163.1228448842233,7514.112793205149,450.8774754539125,78237,8.1,43.0
30089,MT-Sanders,3122.0,72.19205637411916,0.4772763549007047,0.5227236450992953,146.06022253683537,4973.030102575272,455.1569303651506,57476,15.4,21.5
37037,NC-Chatham,9619.8,74.57248591446807,0.5471876005738165,0.4528123994261835,159.10933915673922,4053.4314776461056,397.4510671947442,94317,11.0,48.9
37047,NC-Columbus,6620.4,71.68382575070993,0.5355805087305903,0.4644194912694097,241.31472006223188,4779.711208902785,692.3750871367289,49442,18.2,14.6
37091,NC-Hertford,2868.8,71.86105688789738,0.5421674288901283,0.4578325711098717,245.39880527746794,4109.453415811488,730.2704811837701,45537,22.9,16.6
37115,NC-Madison,2843.4,71.74509390166702,0.5355166279805866,0.4644833720194134,201.02695774073288,2414.152092304987,403.24964775269046,58531,12.1,32.2
37117,NC-Martin,3537.2,72.47382110143616,0.5435855365826078,0.4564144634173923,256.70018902521764,3308.718770937465,752.0072400373176,48578,20.4,16.7
37157,NC-Rockingham,6490.8,70.68450730264374,0.5221927189252481,0.477807281074752,230.48005366056572,3584.149859397917,645.8679770259445,57053,16.3,17.0
37167,NC-Stanly,6523.2,71.54289305862153,0.5367321376011773,0.4632678623988226,256.53052511344123,4190.3360339281335,689.814806410964,60704,15.2,19.9
38103,ND-Wells,979.2,74.0,0.5261441380718954,0.47385586192810464,222.63071615604574,7452.205883067811,479.1666538194445,66114,9.1,21.7
31017,NE-Brown,778.0,74.0,0.5336708740359897,0.4663291259640103,174.80720467866323,8709.254504344475,420.56556601542417,54676,13.4,24.0
31027,NE-Cedar,1359.2,73.22071806945262,0.5281099764567393,0.4718900235432607,178.92876442024723,5334.6085988522655,364.77340197174806,73578,7.1,24.0
31045,NE-Dawes,1439.8,73.80247256563412,0.5378912904570079,0.4621087095429921,170.57925796638423,7643.978337435754,404.50062528128905,56280,13.1,36.2
31067,NE-Gage,3695.0,74.0,0.5375955020297699,0.46240449797023003,186.57644034100133,7222.571040313937,464.6820116373477,67247,12.6,23.1
31071,NE-Garfield,365.2,74.23274917853232,0.5481742059145673,0.45182579408543266,168.67470985761227,7536.692215279299,400.8762396495071,62804,8.8,29.7
31089,NE-Holt,2148.0,73.38715083798883,0.5437524674115456,0.4562475325884544,226.7225403445065,8157.262591005587,368.9944129888268,68513,11.7,29.1
31105,NE-Kimball,902.4,73.80075354609929,0.5336789893617021,0.46632101063829784,227.1719786569149,7713.874104432624,604.3883080230496,56712,12.2,15.0
31133,NE-Pawnee,610.6,75.19751064526695,0.5358729118899443,0.4641270881100557,165.41108421225027,10842.450036193908,432.03406252866034,62188,13.5,21.2
31151,NE-Saline,1854.6,74.37247924080664,0.5464323951256336,0.4535676048743664,169.63226642941876,6892.699234843093,410.7624390596355,79910,8.9,21.8
33007,NH-Coos,6795.0,70.55673289183223,0.517094395879323,0.48290560412067696,166.21043840470935,7814.216320426785,654.3046134481236,57677,13.2,20.1
34017,NJ-Hudson,31975.6,73.36304557224884,0.5772829451206546,0.4227170548793455,257.5714319756314,2947.053395536597,591.7386992331652,91795,14.9,48.9
35041,NM-Roosevelt,2184.0,72.93846153846154,0.5373469322344322,0.4626530677655678,191.57511878205128,5492.399276739927,679.8534846153846,52685,21.8,21.2
35055,NM-Taos,5525.8,72.75370082160049,0.5305764088457781,0.46942359115422194,115.78415831191863,5011.835401675776,485.1424125882225,58950,15.5,38.5
32033,NV-White Pine,1722.2,73.0,0.49971299500638716,0.5002870049936128,187.55082006735572,5397.7470552200675,665.7763329346185,72865,8.2,12.4
36009,NY-Cattaraugus,6663.0,70.55887738256041,0.5229556025814197,0.47704439741858023,231.66742219120516,4137.6557145099805,637.9108566501576,59540,19.1,21.1
36015,NY-Chemung,7937.6,71.55031747631526,0.5292650196532956,0.4707349803467043,270.6108012396694,8149.1886532629505,705.9564583098166,63716,16.3,27.2
36019,NY-Clinton,11635.8,71.37917461627048,0.5225835009195758,0.47741649908042416,215.31823013630344,7778.253297815363,600.5946922979081,71224,13.7,27.6
36093,NY-Schenectady,11139.6,71.95717979101583,0.5417033214837157,0.45829667851628425,224.08343719702683,4948.508033629574,576.6095961776007,79623,13.3,36.1
02230,AK-Skagway,178.2,72.60044893378226,0.49157340067340066,0.5084265993265994,122.56266949860722,2085.2974306397305,173.96183108866444,81136,5.9,28.5
01013,AL-Butler,2074.8,71.5391363022942,0.5456951127819548,0.4543048872180451,227.39542410834778,4009.6394768074033,603.2388544534413,44755,22.4,13.5
01103,AL-Morgan,13250.2,72.72712864711477,0.5527775610934175,0.4472224389065826,240.690694086127,2958.113830041811,540.8522190140526,68845,13.5,23.3
01107,AL-Pickens,2347.8,70.83593151035012,0.5363338529687367,0.4636661470312633,236.22114992759177,2559.07656118068,552.5172503450038,46274,20.0,13.1
05009,AR-Boone,6027.2,72.36670427395806,0.5519443987257764,0.44805560127422356,184.49694429917707,4371.947172013539,536.3684380972923,55143,11.7,17.2
05035,AR-Crittenden,4813.4,69.88141438484232,0.5575324386088836,0.4424675613911165,263.51438175094523,2504.799095790917,708.605124581377,55358,21.0,17.0
05095,AR-Monroe,1066.2,72.53648471206152,0.5270970737197523,0.47290292628024766,209.52919142749954,3815.606846707935,582.6299166197712,43214,20.6,12.7
05103,AR-Ouachita,3216.2,72.1242460046017,0.5397708475841054,0.4602291524158945,201.60440725079286,3209.8128154530186,661.0285384864126,49268,18.9,16.3
05109,AR-Pike,1744.2,72.35844513243894,0.5366307533539731,0.4633692466460269,235.06477855750487,3418.759317864924,570.0034502235982,49269,20.7,19.1
04017,AZ-Navajo,15635.4,72.18382644511813,0.518601412180053,0.481398587819947,214.78185893933,4220.4484672230965,423.8842747687939,54606,24.7,19.1
06045,CA-Mendocino,19255.0,71.98661126980005,0.5249437102051415,0.4750562897948584,179.93250058686058,5417.647367755907,702.1968223900285,68092,15.4,25.2
06061,CA-Placer,35568.4,73.5923797528143,0.5461209613027294,0.4538790386972706,181.09335136694366,2891.4148547283544,518.7188728545564,115998,6.8,43.2
06079,CA-San Luis Obispo,50646.0,73.20015006120917,0.5425439829404098,0.45745601705959016,144.81696353315166,2892.0862657137777,511.8903779856257,97446,12.9,39.8
08091,CO-Ouray,1203.8,72.7924904469181,0.49826708755607246,0.5017329124439276,91.37731581658082,5168.134232613392,302.37580136235255,91020,4.3,56.5
08095,CO-Phillips,912.4,74.59776413853572,0.5306824638316527,0.46931753616834715,242.43755997369573,12533.976327181063,616.177135313459,64674,16.8,31.5
12009,FL-Brevard,79544.4,73.39056929211861,0.5413829664941844,0.4586170335058157,234.46527098375248,2787.6556816472307,549.8514127875752,78476,10.2,34.2
12069,FL-Lake,51339.2,74.58191401502167,0.5496703785801104,0.4503296214198897,265.13072852089635,2896.0677355046437,606.6514495664132,73161,8.9,27.8
36105,NY-Sullivan,10813.8,71.37990345669422,0.5084741459986314,0.4915258540013686,246.8512277145869,2923.3017013797185,683.6449788326028,72382,15.9,30.1
39013,OH-Belmont,6791.0,70.57264025916655,0.5271132557797085,0.47288674422029153,251.24429161242824,6972.0218142276535,697.4230589486085,57017,15.8,18.9
39111,OH-Monroe,1577.0,71.77717184527584,0.521743449587825,0.47825655041217496,201.64868513633485,6815.726077019658,635.0031687507927,60134,15.2,12.1
39123,OH-Ottawa,6215.8,73.37214839602304,0.5218852537082919,0.47811474629170825,205.95900862640366,7149.554357788216,584.3817403101774,76101,8.4,29.5
39139,OH-Richland,14857.4,72.3580034191716,0.5500746456311333,0.4499253543688667,250.32640985906013,6873.490670955888,705.3858503479748,59509,13.8,17.9
39171,OH-Williams,5002.4,72.57836238605469,0.5365702782664321,0.4634297217335679,181.15303599072445,6137.853819398689,596.1538510634895,61048,12.7,13.7
40019,OK-Carter,7428.8,71.94793237131165,0.5534114608012062,0.4465885391987939,279.2106443813267,4482.850535076998,753.2844955147533,60723,16.2,19.9
40081,OK-Lincoln,4347.2,72.36662679425838,0.5379717013249908,0.4620282986750092,207.44386178229664,5243.421033653846,629.8306994249172,62216,17.3,16.1
40093,OK-Major,1355.2,74.19155844155844,0.5394012987012986,0.46059870129870134,208.0873874409681,7050.61982288961,631.9362563902007,71266,11.0,20.1
40103,OK-Noble,1903.4,72.37406745823263,0.5304341389093202,0.4695658610906798,222.5490947777661,7418.829443217401,673.6366308185353,66365,12.9,18.2
40135,OK-Sequoyah,5670.6,70.72348605085881,0.5357013649349275,0.4642986350650725,255.1052934222128,5212.393756935774,671.1106552393045,51093,20.2,15.2
40147,OK-Washington,8337.0,72.23670385030587,0.5602845483987046,0.43971545160129544,204.62997786733837,3532.4217435768264,623.0778371500539,60162,16.1,30.1
41021,OR-Gilliam,487.8,72.40549405494055,0.5174428454284543,0.4825571545715457,145.9614749487495,3548.9954838868384,441.5744238622386,66917,15.3,21.0
41031,OR-Jefferson,3246.0,71.74929143561306,0.512228268638324,0.48777173136167584,167.28282634627232,3407.5785727849666,629.2051646210722,76260,13.4,21.2
41069,OR-Wheeler,375.6,74.0,0.5228998935037275,0.4771001064962726,161.34187252396165,2389.243876464324,428.64750740149094,55284,10.8,18.8
42025,PA-Carbon,10220.6,72.37688589710976,0.5377866309218637,0.4622133690781362,272.2540921354911,7167.876661284074,660.2547725456432,67554,12.3,19.2
42081,PA-Lycoming,13400.6,72.35765562735997,0.550978054713968,0.44902194528603195,225.4973435547662,6027.297289361671,531.304559494351,63917,12.8,24.8
44003,RI-Kent,14256.0,72.93080808080808,0.5537312373737373,0.44626876262626264,240.62850968855219,5246.324350016835,548.2884447895624,94345,7.5,34.7
45021,SC-Cherokee,5805.4,71.5608571330141,0.5425746305164157,0.45742536948358425,206.22179679264133,4853.894667595687,609.1225371895133,50288,18.4,18.4
46003,SD-Aurora,423.0,74.0,0.49077191489361705,0.509228085106383,209.9290655791962,7161.22931498818,409.92910037825055,72885,10.6,21.4
46051,SD-Grant,964.6,72.0,0.5017670744349989,0.498232925565001,191.58201658718642,8926.1870010367,416.1310273688576,75028,11.6,25.3
47051,TN-Franklin,5723.8,73.36954470806108,0.5429891400817638,0.45701085991823615,205.07356547049164,3669.450341423529,606.7297930500715,63494,12.0,23.9
47075,TN-Haywood,1939.0,72.72418772563177,0.557514976792161,0.44248502320783906,219.18514727178956,2315.5234486436307,519.7524568540484,50472,21.5,14.5
47087,TN-Jackson,1742.6,71.94227017100884,0.5209601170664524,0.47903988293354755,257.7757595546884,3141.6274508779984,532.9966463674969,47951,20.3,15.0
47171,TN-Unicoi,1795.0,73.54885793871867,0.5383679331476322,0.46163206685236774,248.022285626741,3405.5710220055707,602.3398475431754,52218,14.3,21.3
48087,TX-Collingsworth,483.6,73.40157154673284,0.5487908188585608,0.45120918114143915,270.0579024813896,5526.468154549214,799.4209873862696,61280,21.8,25.6
48167,TX-Galveston,26459.6,72.56220048677984,0.5400939061814993,0.4599060938185007,264.0100296421715,7380.262732791123,582.4199885425328,86105,11.7,34.8
48181,TX-Grayson,16032.0,72.78191117764472,0.5464968051397207,0.4535031948602794,297.18063442240515,2823.802411686627,655.8632898752495,72182,11.2,23.9
48207,TX-Haskell,884.0,73.0,0.5364345022624435,0.46356549773755656,236.6515987556561,6428.959273461538,690.0452550226245,60653,16.6,22.8
48247,TX-Jim Hogg,394.2,72.04515474378488,0.5291923389142568,0.4708076610857433,326.23036194824965,2058.3460410451544,897.0066129883309,42211,31.4,14.8
48257,TX-Kaufman,10351.8,71.58132885102108,0.5466360594292781,0.453363940570722,234.0462645549566,2939.063729838289,636.6815499043645,89485,9.7,26.5
48265,TX-Kerr,11050.0,74.38535746606335,0.5417653954751132,0.45823460452488685,170.71492213574658,4394.316734635294,521.1221618805431,69395,11.4,31.3
48267,TX-Kimble,889.0,73.39235095613049,0.5381335433070866,0.4618664566929134,215.2980846794151,4384.476948728909,584.7019129133857,69455,11.7,27.1
48287,TX-Lee,1998.4,72.7779223378703,0.5176319955964772,0.48236800440352284,220.47635412329865,3143.815058276621,539.1313068354684,76371,11.3,20.9
48351,TX-Newton,1544.2,71.17057375987567,0.48388432845486334,0.5161156715451367,252.1694310581531,3699.132221810646,732.4180777360446,42618,19.0,6.8
48365,TX-Panola,2764.0,72.77698986975398,0.5238282706222865,0.4761717293777134,242.76411170767003,4658.3936330173665,669.7539831186685,64894,11.2,17.0
48377,TX-Presidio,940.0,75.0,0.4738275531914894,0.5261724468085107,157.44679963829788,1424.0425779361701,411.91487576595745,43802,32.0,28.0
48461,TX-Upton,313.6,72.37946428571429,0.47255229591836734,0.5274477040816328,216.19899285714288,5375.637753061225,847.5765574617346,49167,16.0,8.7
48497,TX-Wise,6468.6,73.0,0.5301144018798505,0.46988559812014963,254.61460035247194,3747.64244508549,600.8719060569521,93421,8.9,22.2
49037,UT-San Juan,1987.2,71.39281400966183,0.5212419585346215,0.4787580414653784,184.48067462761676,4062.3993529891304,545.1892068941223,64481,18.1,20.5
51013,VA-Arlington,14541.8,74.78501973620872,0.5646212807217813,0.43537871927821864,167.50335831740225,3151.8519153241,454.71673036487914,142114,7.4,77.1
51033,VA-Caroline,3672.0,72.56285403050109,0.5497820860566449,0.4502179139433551,264.86927504357294,3115.0871413071895,659.8039270043573,87407,11.2,21.8
51580,VA-Covington City,1021.0,72.9537708129285,0.5790384916748286,0.4209615083251714,259.74533527913815,4641.7238025857,807.2478154946131,41944,25.7,9.5
51079,VA-Greene,2973.4,73.17730544158202,0.5473377144010224,0.4526622855989776,163.9873373780857,4590.435183076614,600.6591909463914,89808,13.7,31.5
51087,VA-Henrico,34037.0,73.98218996973881,0.5897768028909716,0.4102231971090285,219.20851125304816,4032.9641303093695,554.6375932720275,88783,8.8,46.5
51670,VA-Hopewell City,2524.6,72.72423354194724,0.5724262695080409,0.42757373049195907,296.75988748316564,2882.3575883704348,802.6618096252872,54729,21.8,13.7
51101,VA-King William,2391.6,72.96956012711156,0.5508450744271617,0.44915492557283826,216.75864693092493,4248.787419468138,569.9113621341362,86056,5.9,23.0
51097,VA-King and Queen,1169.8,72.95896734484528,0.519563446743033,0.48043655325696705,214.56659743545907,4716.874675465892,594.9735183279194,70469,17.9,18.6
51157,VA-Rappahannock,1493.2,74.3748995446022,0.5251653227966783,0.4748346772033218,174.9263321725154,3707.0720589204393,540.0482284623628,83380,10.3,33.3
51163,VA-Rockbridge,4355.6,73.7484617503903,0.5176375103315273,0.4823624896684727,168.65644686839929,4852.6035467995225,512.3978278537974,65469,7.5,32.8
51187,VA-Warren,5646.2,72.78151677234246,0.5447574014381353,0.4552425985618646,207.46696582480251,4808.862609889838,664.4822892989976,84682,11.6,25.0
50015,VT-Lamoille,4014.0,71.77857498754359,0.5281203537618336,0.4718796462381664,171.3004635924265,6399.2027974838065,585.052310692576,74908,8.5,44.3
53005,WA-Benton,28588.8,72.95823539288112,0.5355546759570181,0.46444532404298183,189.73165514537163,6345.114158534111,601.33338041121,89874,11.0,33.2
55013,WI-Burnett,3082.2,71.57601713062098,0.5000997144896503,0.4999002855103497,163.5195588475764,7059.178481266627,514.6972902277594,62819,12.8,22.4
54011,WV-Cabell,9609.8,71.10637058003289,0.5390007325854856,0.46099926741451436,243.3973542487877,8511.477871529063,631.2722698079044,55832,19.2,32.6
54033,WV-Harrison,7559.6,71.93475845282819,0.5506640192602784,0.4493359807397217,265.67545186782365,6858.484606585004,648.7645072437695,60377,14.4,27.2
54059,WV-Mingo,2601.0,67.31387927720108,0.45321041138023843,0.5467895886197616,286.3514110495963,5382.391387712418,842.9834612149174,38119,32.4,9.5
54063,WV-Monroe,2119.4,71.36340473718977,0.5064717655940361,0.493528234405964,201.9439671227706,3309.238485835614,584.4106842313862,56750,14.0,15.4
54089,WV-Summers,1901.8,71.34283310547902,0.5243178252182144,0.4756821747817857,225.47062723735408,4974.3400939951625,571.668963497739,40699,23.8,18.8
56007,WY-Carbon,2457.8,72.36788998291155,0.5146774839287167,0.4853225160712833,150.0528991944015,4547.4814766213685,487.0209038977948,70511,12.2,24.4
56023,WY-Lincoln,3612.6,72.37917289486796,0.5046195427116205,0.49538045728837954,157.83646301832476,7576.7591191164265,422.5211797320489,89330,7.5,26.0
56041,WY-Uinta,2827.4,70.75871825705595,0.5011060691801655,0.49889393081983446,161.20816269364082,4774.28024238523,534.4132340737074,82980,9.2,22.9
12071,FL-Lee,107037.4,74.37991954214135,0.5299186695491482,0.4700813304508517,216.38230143893628,3398.556015421339,495.0194967985022,76107,12.0,31.2
12099,FL-Palm Beach,169226.8,76.0,0.5622619970359305,0.4377380029640695,239.1169927684031,2994.437048233613,542.8336289048779,83581,11.3,40.5
12107,FL-Putnam,9191.6,72.5593803037556,0.5262175312241612,0.47378246877583885,296.2269853931851,2538.187031885635,676.2696465990688,47934,23.4,14.5
12109,FL-St. Johns,39337.6,74.0,0.5454028451151062,0.45459715488489383,205.8996895941796,3690.4793602954937,496.37497813338894,109839,6.5,50.9
12123,FL-Taylor,2634.0,72.17152619589977,0.5175964236902051,0.482403576309795,208.12451383447225,3231.207270463174,659.301455801063,49073,17.3,16.5
13013,GA-Barrow,5894.0,71.37641669494401,0.5496904920257889,0.45030950797421104,247.81133783508653,3479.233132548354,621.4455378995589,80653,9.6,21.2
13023,GA-Bleckley,1440.4,73.56803665648431,0.5491554845876145,0.45084451541238546,212.16326324632044,5210.219387906137,752.1521772146626,62008,19.3,19.8
13029,GA-Bryan,3144.6,71.20180627106787,0.5283950200343446,0.4716049799656554,193.79255759079058,2368.377523882211,449.65973406474586,103408,6.7,36.1
13033,GA-Burke,1519.8,70.32951704171602,0.5202934070272405,0.4797065929727596,225.42438699828924,4047.111476128438,569.9434381102776,53014,18.3,15.5
13109,GA-Evans,883.0,72.35900339750849,0.528886342015855,0.471113657984145,237.14608387315965,4614.043035356738,836.46659596829,53259,19.1,14.5
13221,GA-Oglethorpe,1566.4,72.12959652706844,0.5287247574055157,0.47127524259448417,248.72320360061283,3333.631276953524,545.7099155898876,75034,11.6,25.3
13251,GA-Screven,1247.6,71.70727797370952,0.5161834241744149,0.4838165758255852,240.14104729079835,3982.045550160308,751.3626128566849,52792,17.2,14.7
13261,GA-Sumter,2252.4,72.34638607707335,0.5317072367252709,0.46829276327472913,220.47594280767183,4168.9753012697565,604.2443396110815,42653,23.7,21.4
13289,GA-Twiggs,844.0,70.70284360189574,0.5170613981042654,0.4829386018957346,259.24169253554504,2364.4549683412324,655.6872081042654,56324,18.2,10.5
19035,IA-Cherokee,2441.2,74.38792397181714,0.5444761183024742,0.4555238816975257,174.75014038997213,7632.1481253891525,531.2960850565296,71269,12.1,23.4
19099,IA-Jasper,5291.2,73.368271847596,0.5478205208648321,0.4521794791351678,162.4962162609616,5299.96972523813,490.4747496673722,71311,8.3,20.0
19105,IA-Jones,2862.8,73.3641190442923,0.5394824088305156,0.46051759116948443,190.02374814866567,6411.485227846863,563.9932835685343,73531,12.0,22.0
19183,IA-Washington,3539.2,74.57849231464738,0.5534987567811935,0.4465012432188065,174.95477405063292,7267.292045812613,607.2558648960216,75647,8.2,26.2
16011,ID-Bingham,4658.4,71.72823286965482,0.5189728404602438,0.48102715953975617,170.01543749785336,6886.656362184442,490.3400273140993,77878,11.7,21.8
16043,ID-Fremont,1767.4,72.57745841348874,0.4987091433744484,0.5012908566255516,123.45818966843953,4145.863976983139,411.5650025347968,72683,10.1,22.8
16055,ID-Kootenai,22975.8,72.38780804150454,0.5295259177047154,0.47047408229528465,145.95355284777898,5829.5249854281465,440.80292518824155,81861,9.0,30.0
16075,ID-Payette,2655.2,72.37074420006026,0.5118399668574872,0.48816003314251283,153.28412005122024,7101.68726626996,573.2148314552576,67673,10.2,17.3
16085,ID-Valley,1753.2,72.38535249828884,0.48014425051334697,0.519855749486653,124.45812156057495,7994.75246769336,456.0803095482546,76078,11.7,40.1
17003,IL-Alexander,986.6,71.54206365294952,0.5287009122237988,0.4712990877762011,206.1625886884249,4450.030414737483,594.5671932090006,47043,19.0,12.6
17013,IL-Calhoun,802.0,73.77581047381545,0.5067593266832918,0.49324067331670823,221.6957579551122,5905.985054314215,577.5561083790524,93203,6.3,20.1
17031,IL-Cook,413975.4,73.36992198087133,0.5704112783513223,0.4295887216486776,269.3729991348761,5109.372698604507,568.4564747781149,83498,13.5,42.7
17081,IL-Jefferson,6003.6,72.77470184555933,0.5495151076021054,0.45048489239789463,272.6031115630622,5947.56480346792,802.6517260343795,63118,13.5,18.2
17087,IL-Johnson,1820.6,71.9722069647369,0.5244446885642097,0.47555531143579033,241.45886281445678,4893.771284378776,630.3416403822915,62528,17.6,19.6
17095,IL-Knox,6875.4,73.0,0.5335714227535853,0.4664285772464148,224.21968323879338,4668.557471469296,605.3175123600082,57030,14.6,21.0
17127,IL-Massac,2887.4,71.70859596869155,0.5416720440534737,0.45832795594652626,276.99659776269306,5728.544689270624,735.6098921521092,65116,16.3,17.0
17131,IL-Mercer,1972.0,74.36774847870183,0.5261651724137931,0.4738348275862068,199.4928984989858,5700.608521430021,594.1176576470588,74182,8.9,20.9
17165,IL-Saline,4044.4,71.94797745030165,0.5491240035604786,0.4508759964395213,246.76095207200078,6759.717145415884,743.5960760953417,53117,18.9,19.6
17173,IL-Shelby,4032.4,73.77546870350163,0.5281552574149391,0.471844742585061,238.76599709850214,6248.685629352247,685.9934472572165,72095,9.2,18.3
17191,IL-Wayne,3092.8,73.77722452146922,0.5338908949818933,0.4661091050181066,235.3853938308329,7863.2953721870135,721.6114962105536,55521,16.1,16.3
18017,IN-Cass,4435.0,72.1789853438557,0.5496500248027058,0.4503499751972942,214.565982151071,8399.41373859752,696.279618669673,56403,13.2,16.5
18021,IN-Clay,3651.8,72.36979024042938,0.5489956952735637,0.45100430472643627,224.21819592529712,5183.74497444548,571.937137751246,70010,11.7,20.3
18069,IN-Huntington,3354.8,72.0,0.5506751102897341,0.4493248897102659,217.18136773578158,5687.8502501430785,634.5534830273042,66301,9.9,21.3
18101,IN-Martin,1687.0,72.97960877296977,0.5314804860699467,0.46851951393005337,194.90217376407827,5827.9786420272685,578.4232203200949,68594,16.3,13.3
18115,IN-Ohio,779.2,72.89065708418892,0.5274537731006159,0.472546226899384,291.0677816221766,4614.733063680698,612.6796688398357,70392,8.1,17.8
18125,IN-Pike,1613.2,72.7692784527647,0.5220479171832383,0.47795208281676166,213.86064411108353,5949.417319390033,540.0446201710885,71334,10.7,16.0
18131,IN-Pulaski,1899.6,72.77647925879133,0.5272790903348072,0.47272090966519265,198.25224895767528,6697.094120172668,562.539470509581,62792,12.1,14.1
18155,IN-Switzerland,1157.0,71.34503025064822,0.5230923076923076,0.4769076923076923,235.6093220570441,4537.25151642178,515.6439035955057,65343,12.6,8.9
20015,KS-Butler,7958.6,73.0,0.5413085844243962,0.4586914155756038,201.76914678461037,3787.1484808383384,529.5403540647853,81610,8.5,32.4
20087,KS-Jefferson,2861.8,72.38325529387099,0.5307111817737088,0.46928881822629115,208.67984900412327,5123.418829925221,448.8084478859459,81278,5.6,24.6
20091,KS-Johnson,57490.0,73.5961419377283,0.5682814364237259,0.43171856357627414,222.97442765454863,6170.610537114629,530.9723198385806,109208,5.4,57.6
20161,KS-Riley,6740.4,73.1999584594386,0.5518690137083854,0.4481309862916147,168.95137975194353,3355.4981805768207,487.21144230609457,61098,19.9,48.9
21003,KY-Allen,2307.6,70.54073496273185,0.530412731842607,0.4695872681573929,235.569438325533,5104.957521026175,617.5247115531288,61403,13.5,18.4
21027,KY-Breckinridge,2767.0,71.35590892663535,0.5174657318395375,0.48253426816046263,231.3697024864474,6291.796177520781,543.0430038886881,55843,21.4,14.2
21053,KY-Clinton,1348.6,70.35310692570073,0.5352350734094617,0.4647649265905383,236.54160415245437,4191.309512679816,653.2700776805576,44844,17.5,18.0
21067,KY-Fayette,21548.2,72.57289239936514,0.5599793384134174,0.4400206615865826,219.37795570117228,4266.101103076823,568.1773791509268,69479,14.9,48.3
21075,KY-Fulton,849.2,71.10456900612341,0.5452248704663213,0.45477512953367877,268.72347995760714,4417.804994371173,738.5774861516721,38217,22.6,16.1
21113,KY-Jessamine,4332.0,72.3713296398892,0.5468730701754385,0.4531269298245614,208.26408993536472,3559.83380657433,597.7839133056325,74576,11.3,33.5
21191,KY-Pendleton,1285.2,70.30936819172113,0.5083814659197012,0.49161853408029876,271.24181321195147,4245.253645284781,579.2094676470588,64669,15.9,15.4
21205,KY-Rowan,1749.2,69.4299108163732,0.5274555911273726,0.47254440887262755,271.3240396524125,7385.5476637205575,742.968214795335,54321,24.2,25.9
22007,LA-Assumption,2109.2,71.25241797838044,0.528173146216575,0.47182685378342504,203.01536445097668,4570.168776607245,708.8943533851698,51423,15.3,13.8
22041,LA-Franklin,2617.8,72.35380854152342,0.546729612651845,0.45327038734815495,299.1824922224769,4646.955463518985,805.332717144167,47020,24.1,17.5
22053,LA-Jefferson Davis,4441.2,72.1387913176619,0.5439198054579844,0.4560801945420157,245.96956167702422,3991.5338291002436,631.631108304062,57341,14.6,15.4
22097,LA-St. Landry,10619.8,71.72234882012845,0.5360749015989001,0.46392509840109986,239.89152984048664,5081.69645901241,714.3825756341927,44462,26.8,14.9
25005,MA-Bristol,77469.6,70.93139760628685,0.5546018624079638,0.44539813759203617,277.13581603312787,5337.334884001208,690.5056908901039,85625,11.3,30.8
25017,MA-Middlesex,161557.0,73.59030806464591,0.5683608665672177,0.4316391334327822,250.83407989328848,7299.2405143730075,591.5868652010128,130847,7.7,59.5
24039,MD-Somerset,4162.6,71.17287272377841,0.5312105991447653,0.46878940085523474,226.39696558400996,3304.425119886609,731.7061332628646,64943,16.4,19.4
26005,MI-Allegan,7036.8,69.70853228740337,0.5183518929058663,0.4816481070941337,191.734854595839,7048.658463122442,633.7823983515234,83283,8.4,27.1
26023,MI-Branch,4560.0,72.35618421052632,0.5321487675438596,0.4678512324561403,208.50878319736844,6317.456136583333,581.2719135482456,63724,16.4,17.3
26037,MI-Clinton,5045.4,72.17025409283704,0.5490475086217148,0.4509524913782852,208.4671392753795,7537.915733293693,539.6202428826258,88210,9.7,35.4
26049,MI-Genesee,31998.0,70.35159697481093,0.5608857834864679,0.43911421651353205,268.5042728076755,3016.1697573142073,586.5429080198762,62281,16.4,23.3
26057,MI-Gratiot,3821.8,71.53639646239992,0.5554411272175415,0.4445588727824586,235.28180308755037,7256.162020294102,687.0584727091947,63556,14.0,18.7
26063,MI-Huron,5192.2,73.17518585570663,0.5309430222256462,0.46905697777435384,221.71719247332538,8066.638447887215,680.2896728785486,58870,12.6,18.5
26071,MI-Iron,1982.4,72.36995560936239,0.501822508071025,0.498177491928975,169.7941849778047,6870.762717322436,609.2614808313156,55940,17.0,22.5
26079,MI-Kalkaska,2127.0,70.16652562294311,0.48670287729196043,0.5132971227080395,204.23130626234135,7011.283479849553,717.3483433004233,68578,12.2,19.0
26091,MI-Lenawee,10483.6,71.35993361059178,0.5476529970620779,0.45234700293792207,216.66219715555724,6244.038315611049,632.2828150864207,70518,10.7,22.7
26093,MI-Livingston,17949.0,72.37321299236726,0.5417402206251044,0.45825977937489554,215.61089773803553,6502.144967867847,568.8004920318681,103039,5.1,40.2
26101,MI-Manistee,3496.0,72.3512013729977,0.5235195366132722,0.4764804633867277,188.15790380434782,6324.542315783752,664.073217597254,63516,12.7,24.9
27013,MN-Blue Earth,6672.8,71.77080086320585,0.5407941014266875,0.4592058985733125,220.32730545498143,4437.327671133557,621.718015360868,74477,15.7,34.2
27025,MN-Chisago,3722.2,70.5984632744076,0.5126592713986353,0.48734072860136485,200.7952332545269,4284.186788093063,677.0189546451023,99400,6.0,24.4
27075,MN-Lake,1115.0,72.36843049327354,0.4864626726457399,0.51353732735426,194.61881587443943,10712.645739928254,758.5649975246637,75541,8.6,26.8
27095,MN-Mille Lacs,1845.4,69.0,0.49810495285574946,0.5018950471442506,198.76450962392977,5343.0150660994905,875.5825168093638,72729,10.4,18.2
27107,MN-Norman,963.2,72.7765780730897,0.5209636004983389,0.4790363995016611,193.7292486503322,9865.65616164867,553.3637901993355,72260,10.1,22.8
29015,MO-Benton,3765.0,72.173598937583,0.509271272244356,0.49072872775564413,213.2270794050465,6776.467450597609,477.34395389641435,52567,19.9,15.0
29075,MO-Gentry,1196.4,73.0,0.5371135071882315,0.4628864928117686,253.0926168004012,10216.148460548313,586.258774857907,55848,17.9,21.6
29085,MO-Hickory,1092.0,72.0,0.49121501831501824,0.5087849816849818,177.2893722161172,6582.2344469230775,462.82051613553114,39390,19.8,12.8
29127,MO-Marion,4729.2,71.36496659054386,0.5441801784657025,0.4558198215342975,259.6211041656094,3725.3235156813,612.5771934957286,62903,14.2,24.6
29169,MO-Pulaski,4436.6,70.36911148176532,0.5149585763873236,0.4850414236126764,211.64857297029255,5300.996255091737,469.18813000045077,64466,12.7,25.8
29181,MO-Ripley,2169.2,71.1214272542873,0.5223832011801586,0.4776167988198415,213.16614598930482,4658.307212308685,561.6817468375438,42037,24.8,12.6
29189,MO-St. Louis,85979.2,73.37219467033887,0.5686918270930644,0.43130817290693557,267.1343828360813,5580.456649231442,603.9646677133538,82936,9.8,47.4
28005,MS-Amite,2031.8,71.89004823309381,0.534526459297175,0.46547354070282504,235.16091935229844,4536.273276316567,692.7847405059554,37222,27.6,11.2
28007,MS-Attala,2467.4,72.35519169976493,0.5540242684607279,0.4459757315392721,215.28734336548592,3274.864223514631,754.7215731215043,51639,18.0,19.8
28011,MS-Bolivar,4139.6,70.60276355203402,0.5533386704029375,0.4466613295970625,300.17391824330855,5230.11885662866,717.7505121316069,39585,32.6,28.0
28031,MS-Covington,2292.4,71.89740010469377,0.5433551823416507,0.4566448176583493,266.7073868434828,3398.359798185308,752.1375202495201,45051,19.8,17.4
28085,MS-Lincoln,5106.2,71.91328189260115,0.5627423720183308,0.43725762798166934,202.42058369824917,5544.82784390349,709.9604482746465,51119,21.2,19.3
28127,MS-Simpson,3756.8,69.5645762350937,0.5361344814735947,0.4638655185264054,266.18397619250425,4656.037043356048,677.917376464012,56381,20.0,16.7
30077,MT-Powell,1236.8,72.59233505821474,0.492405352522639,0.5075946474773609,168.01421313065978,6925.937902554981,567.1086805465718,66923,5.6,19.3
30103,MT-Treasure,155.6,74.39717223650386,0.4845902313624679,0.5154097686375321,137.53210167095116,5553.984562467867,384.31875501285344,67917,12.3,37.5
37033,NC-Caswell,1981.6,70.33235769075495,0.5321071558336697,0.46789284416633026,213.56480819539763,3126.7662567622124,635.9507599111829,59755,18.6,17.9
37065,NC-Edgecombe,5933.2,70.97144879660217,0.5372789354816963,0.4627210645183038,252.88211617339712,3472.1229854581006,794.5122287130048,51265,21.7,17.5
37085,NC-Harnett,10661.2,71.11415225302967,0.5355203054065208,0.46447969459347915,230.87457749033877,2861.6666127058866,650.4333527839267,71287,13.7,24.5
37103,NC-Jones,1546.0,72.0,0.5284863777490297,0.4715136222509702,231.95344793014232,2618.499371953428,570.504549534282,59641,18.4,19.8
37189,NC-Watauga,5275.0,72.77850236966825,0.5302836170616114,0.4697163829383885,173.76305080947867,5577.592420690047,492.85307792227485,51693,25.5,48.1
38001,ND-Adams,507.0,74.36883629191321,0.5467507692307692,0.45324923076923074,187.77119175542407,9178.303760946745,425.2465586982249,62500,14.8,24.4
38041,ND-Hettinger,464.8,73.2211703958692,0.5167669535283993,0.4832330464716007,186.3166934165232,5398.450943459553,389.41481166092944,73026,11.0,22.0
38053,ND-McKenzie,1076.4,73.19639539204756,0.5059442586399109,0.4940557413600892,217.94874977703458,7546.079516945373,662.0215628576738,93404,12.0,19.1
38085,ND-Sioux,259.2,67.94907407407408,0.5339624999999999,0.4660375,331.0185347222222,8149.691357870371,557.8703750000001,42083,43.3,16.3
31009,NE-Blaine,106.6,74.0,0.4859234521575985,0.5140765478424014,236.5339456674473,4855.5347148217625,399.62476941838645,69583,9.0,25.0
31019,NE-Buffalo,6116.2,73.57712305025997,0.556183872339034,0.44381612766096595,206.46808195284655,5903.273286324842,488.50593464569505,75911,9.9,34.4
31061,NE-Franklin,617.2,75.0,0.5197712248865847,0.4802287751134154,192.1581125729099,7781.594318438108,479.26119679196364,60195,12.3,21.3
31087,NE-Hitchcock,676.6,73.0,0.5172872893881171,0.482712710611883,201.00502172627844,7631.392265799586,455.2172648241206,51567,12.8,20.9
31129,NE-Nuckolls,1122.8,75.0,0.5486641432133951,0.4513358567866049,242.42963489490558,9514.428198788744,465.62168024581405,73976,5.7,23.1
31135,NE-Perkins,599.2,74.41989319092123,0.5327238651535381,0.46727613484646185,220.29371815754342,10167.556730574099,518.3578192256342,72778,7.2,25.8
31137,NE-Phelps,1759.0,74.37418988061398,0.5609047413303012,0.4390952586696987,219.2154762819784,9601.70554002274,479.93180012507105,68919,12.2,29.9
31143,NE-Polk,1083.4,74.20472586302381,0.5200363116115931,0.47996368838840686,195.8648529998154,6473.140092708141,433.8194706110393,69768,7.9,20.0
31185,NE-York,2583.8,74.37975075470237,0.5470311788838146,0.45296882111618547,208.60746094124931,7917.718073248703,471.7857476894497,77757,9.2,25.7
33009,NH-Grafton,14997.6,72.79031311676535,0.5339049687950073,0.46609503120499285,163.09275887875393,7437.469985997759,531.8451170347255,88261,10.4,46.7
34023,NJ-Middlesex,73733.0,74.0,0.564438983087627,0.43556101691237303,233.697234677824,3253.8592117646103,480.0292978291945,111549,8.6,45.6
35015,NM-Eddy,6760.6,72.3578380617105,0.532184717332781,0.46781528266721895,190.13105946513622,4185.456895328817,727.183990024554,78426,13.8,19.3
35035,NM-Otero,8292.0,72.56944042450554,0.5226107814761215,0.47738921852387844,180.07718379643032,6756.319338379161,621.7800239580318,55876,19.3,22.7
32015,NV-Lander,846.4,72.0,0.5018890831758034,0.4981109168241966,152.64649914933835,6003.071823653119,596.172031805293,89014,10.7,19.3
32019,NV-Lyon,8596.8,72.36148334263912,0.5103363926112042,0.48966360738879583,176.01900067466963,4135.934261213474,502.14033430346177,80812,11.7,17.0
36045,NY-Jefferson,10834.8,71.96823199320707,0.5222742237973936,0.4777257762026064,224.3880835954517,5917.469659438107,603.2967991398087,66301,13.7,26.5
36051,NY-Livingston,3636.0,69.9515401540154,0.5125987953795379,0.48740120462046205,213.03629348184816,8815.291537854788,555.4455460451045,74001,11.1,30.6
36069,NY-Ontario,6719.2,70.3609655911418,0.5302701720442909,0.46972982795570906,230.53339016251937,9076.97344216871,689.3677951988333,82324,9.0,38.0
36081,NY-Queens,131660.8,74.38054303179078,0.5727687931411628,0.42723120685883725,259.264731722578,2636.9245715898733,481.1044820443139,86136,12.9,36.1
02063,AK-Chugach,186.0,68.47670250896057,0.5161516129032259,0.48384838709677414,137.99998639999998,4449.8207584229385,480.2867430107527,90509,5.9,31.4
02122,AK-Kenai Peninsula,11955.4,71.61782960001338,0.49497958746675147,0.5050204125332486,161.5002307425933,6468.374113197384,575.0706912508156,80538,11.8,29.8
02185,AK-North Slope,452.4,70.00618921308576,0.48760366931918653,0.5123963306808135,407.1617988947834,10929.266135322723,189.21308726790454,95694,11.1,15.6
01057,AL-Fayette,2328.6,71.27037705058834,0.5481164648286524,0.45188353517134755,245.03995244352828,5290.045519135962,647.7711887829597,49488,21.8,14.9
01093,AL-Marion,4273.2,71.88542544229149,0.5548079191238416,0.4451920808761583,262.7539152204437,4609.145337545633,672.7042939062061,50088,16.2,13.3
05015,AR-Carroll,3735.4,72.35969374096483,0.5303937730898967,0.4696062269101033,166.7291271242705,2804.6795651657117,548.8568825132515,54230,17.2,20.0
05017,AR-Chicot,1422.0,72.52644163150492,0.5483772151898734,0.4516227848101266,232.20815327707453,4641.350215738396,683.6849235161743,39045,22.6,18.0
05065,AR-Izard,2453.6,71.72587218780568,0.5193240789044669,0.4806759210955331,224.40495809422887,4467.639375986306,545.0766146886208,49405,22.3,19.7
05077,AR-Lee,921.4,71.46993705231169,0.5383158671586716,0.46168413284132837,238.55002602561322,3115.693530844367,687.6492185587151,34375,39.4,7.2
05099,AR-Nevada,1243.8,72.30840971217238,0.5227710242804309,0.47722897571956907,221.09662998874416,3395.883625389934,602.8300295224312,53886,20.3,13.8
05121,AR-Randolph,2494.4,72.13037203335472,0.5599644323284156,0.44003556767158436,259.70174083547147,5113.855051916292,584.4291037604233,50911,22.4,12.1
06063,CA-Plumas,5606.2,72.38721415575613,0.5111481431272519,0.488851856872748,165.06725045842103,5348.435680275409,660.6613938068567,66031,10.6,22.5
06077,CA-San Joaquin,47110.2,71.57342995784353,0.5341747693705398,0.4658252306294603,204.44826684412294,2603.6442207381842,632.8650565134515,92179,12.4,22.7
06097,CA-Sonoma,46067.0,73.19541971476328,0.5490321475242582,0.45096785247574184,176.43867286995027,3733.7356413449975,596.82200370417,104674,8.9,38.5
08053,CO-Hinsdale,195.2,72.75819672131148,0.4815753073770491,0.5184246926229509,158.81146598360655,4658.811470081967,360.65574282786883,75972,4.1,47.7
08063,CO-Kit Carson,1358.6,73.18798763432946,0.5172660238480788,0.48273397615192115,220.66836954217578,7597.085247077874,639.9234652583542,70259,9.8,20.4
08119,CO-Teller,3183.0,71.15287464655985,0.4968760917373547,0.5031239082626453,147.21959229029218,3878.2909181966697,468.0490213823437,85361,7.6,37.9
10003,DE-New Castle,68588.6,73.38354478732617,0.5691164595865785,0.4308835404134215,226.6528235301493,4175.078676513297,522.5095702548238,91166,10.1,39.7
12021,FL-Collier,68948.0,75.5971775831061,0.5324882000928236,0.46751179990717645,206.93566985467314,2873.9339800107323,473.55398390120087,90045,10.7,40.3
12029,FL-Dixie,1935.2,72.11564696155436,0.5023648305084746,0.4976351694915254,310.56221452046293,1614.8201550434064,591.7734372778008,50110,20.9,10.7
12053,FL-Hernando,20465.8,73.36756931075257,0.545721629254659,0.454278370745341,304.35164099717576,1753.5889156807943,591.5234306941336,66058,11.7,21.1
12061,FL-Indian River,33854.0,74.7937614462102,0.5470545572162816,0.45294544278371834,204.82070598274944,4631.80127330537,554.758659888344,73491,11.1,33.8
36089,NY-St. Lawrence,13341.2,71.56489671094054,0.524804728210356,0.4751952717896441,217.2968102959254,9484.094387875155,694.0605047252121,62850,16.9,25.3
39031,OH-Coshocton,4398.2,71.52571506525396,0.5331972670637989,0.4668027329362012,268.15516310763496,6563.503254558684,759.0832777045155,55577,18.5,16.7
39081,OH-Jefferson,8285.6,71.95758907019408,0.5428993796466158,0.4571006203533842,293.90749226610023,7014.700199727237,790.1660747586174,59055,16.5,20.3
39089,OH-Licking,15225.4,71.3763053844234,0.5348885034219134,0.46511149657808665,224.83479789824895,4950.319865666584,749.4712720716697,84426,10.2,29.3
39121,OH-Noble,1440.8,71.94419766796224,0.5108196279844531,0.48918037201554687,221.54359261521378,7384.23098019156,554.6918657828984,56098,10.6,15.7
39125,OH-Paulding,2272.2,71.96065487193029,0.5302300501716398,0.4697699498283601,239.50355326115655,9238.095260522841,693.7769728545022,67731,8.9,16.9
40017,OK-Canadian,13901.4,72.59392579164688,0.5576214669026142,0.4423785330973859,202.74218305206668,4767.57735286518,631.9795157422994,87751,8.0,31.9
40041,OK-Delaware,6889.4,72.3531802479171,0.5237839898975237,0.4762160101024762,209.9166834238105,4703.109121038116,550.1494996400266,56676,19.0,19.9
40059,OK-Harper,706.4,74.0,0.551255690826727,0.4487443091732729,221.97054142129105,6832.389595668176,642.9784940543602,64053,13.1,29.3
41015,OR-Curry,7599.8,72.59075238822074,0.5177342430063949,0.4822657569936051,132.39824498276272,5882.1021780599485,616.3056817232032,62244,15.2,22.1
41041,OR-Lincoln,11682.8,71.98406203992194,0.541720471119937,0.458279528880063,141.01069015646934,6763.823752867462,594.0356736997979,63165,15.9,28.6
42033,PA-Clearfield,8696.2,71.73231986384857,0.5362321519744255,0.4637678480255744,231.4344537522136,9118.787484257493,618.7070297808237,62152,14.6,20.2
42077,PA-Lehigh,38977.2,73.18735055365701,0.5584156778834807,0.4415843221165194,261.7684195550219,6786.449500130333,569.3020641636649,80079,11.6,34.2
42101,PA-Philadelphia,93687.4,70.90718282287693,0.5645077775666739,0.43549222243332614,287.76121207248787,4877.795737132208,672.4105987223469,61953,21.4,35.4
42133,PA-York,45784.8,73.1872324439552,0.5485566598521779,0.451443340147822,224.1879348137373,6558.464833861456,472.9255215329105,84829,8.4,27.6
45007,SC-Anderson,22486.6,72.95995837521012,0.5506042772139852,0.44939572278601475,215.8974768448765,3775.9376879208066,467.60292742789045,66651,14.6,26.5
45019,SC-Charleston,48095.8,73.58683710427938,0.5578905234968543,0.44210947650314575,188.68175180078094,4161.5026885915195,562.5647380623672,88494,11.3,50.3
45023,SC-Chester,3793.4,71.72457426055782,0.5452707070174514,0.45472929298254866,224.8642190910529,2315.5480577423946,625.1384092898192,52458,18.7,14.0
45035,SC-Dorchester,17205.8,72.38757860721384,0.5596852142882052,0.4403147857117949,210.75452078020203,3078.531649440305,586.0233344546607,78198,11.4,29.8
45061,SC-Lee,1932.6,71.70899306633551,0.5518010141777916,0.4481989858222084,245.98985277864017,3397.5990797888853,637.4832184207802,44760,25.0,11.6
46011,SD-Brookings,3472.6,72.37706617520014,0.5450025744399009,0.4549974255600991,174.10587374301673,7044.519961890226,510.3956898577435,70064,13.2,42.5
46041,SD-Dewey,603.2,71.375,0.5238788793103448,0.4761211206896551,336.53848196286475,7956.56498816313,381.9628232758621,54104,33.0,18.8
46081,SD-Lawrence,4312.0,72.0,0.5186599768089055,0.4813400231910947,136.45639303803338,9620.547325579777,434.69387188311686,73384,11.6,32.9
46085,SD-Lyman,496.4,72.0,0.5201317082997582,0.47986829170024176,176.47058311845285,6292.103141458501,502.4174124899275,67143,23.7,24.5
47013,TN-Campbell,3432.2,71.11986480974302,0.530290315249694,0.46970968475030594,234.7765105122079,2834.858121339083,603.9274973428122,51557,18.5,12.7
47031,TN-Coffee,6940.8,73.5690122176118,0.5573898282618719,0.4426101717381281,233.9499794576994,3020.1129411307056,594.3118915859843,61505,17.4,21.4
47057,TN-Grainger,2233.0,70.57044334975369,0.49322425436632333,0.5067757456336767,189.25212521271834,2276.578603000448,467.9802765427676,50538,17.1,15.9
47097,TN-Lauderdale,2640.4,72.12384487198909,0.5560030071201333,0.44399699287986677,225.26888597939703,3272.3829494167553,697.6215727238298,49879,21.0,12.0
47137,TN-Pickett,1008.2,72.913112477683,0.522310236064273,0.477689763935727,264.63002003570716,2514.7788192422136,549.0974183098592,49030,23.9,18.9
47139,TN-Polk,2387.2,71.95031836461126,0.5222916806300268,0.47770831936997316,193.5321752010724,2510.4725231735924,533.0931414795576,62522,13.9,16.6
47141,TN-Putnam,9822.2,72.76422797336646,0.5560416403657022,0.44395835963429786,244.2426505955896,3244.161174814197,527.2953024678789,58912,18.4,29.8
47149,TN-Rutherford,20747.8,72.18997676862125,0.5636519679194902,0.4363480320805097,229.92317339669748,2182.139794588342,497.7780916126048,85470,9.3,35.8
47153,TN-Sequatchie,2099.4,69.94865199580832,0.49147124892826527,0.5085287510717348,236.35327387825092,2562.4464166619036,591.4070432313994,58750,21.9,20.6
47157,TN-Shelby,75777.2,72.96043400917426,0.5807635745316534,0.41923642546834666,242.06490252160282,2963.5774252131246,517.6068654592674,63767,17.8,34.3
48007,TX-Aransas,3310.0,73.3838670694864,0.5164374441087612,0.4835625558912387,186.10274609667673,1669.969799208459,563.806638489426,69466,14.2,28.8
48035,TX-Bosque,2575.0,73.37918446601942,0.5229306097087378,0.47706939029126205,199.3786364893204,5234.873799526213,550.3689349669903,68914,9.3,20.4
48045,TX-Briscoe,246.2,75.19740048740861,0.5142268887083672,0.48577311129163286,221.77092136474408,6791.226652965069,541.0235668562145,45417,16.8,23.1
48089,TX-Colorado,3420.4,74.0,0.5270591041983393,0.4729408958016606,209.3322364694188,6594.4918793474435,549.7017770377734,66377,10.7,22.9
48099,TX-Coryell,5795.4,70.3731235117507,0.5302059598992304,0.4697940401007696,207.5784065396694,8304.344836411636,584.6705971046002,71301,11.2,19.3
48103,TX-Crane,337.6,71.95142180094787,0.5159721563981042,0.48402784360189577,220.3791452606635,4313.981048518957,588.8625538507109,62212,10.9,12.6
48113,TX-Dallas,133193.0,72.9589407851764,0.556044086100621,0.44395591389937905,237.52599232482186,3238.5185480505734,566.1438771785304,76547,13.9,35.7
48147,TX-Fannin,4346.6,73.3681038052731,0.5314354115860672,0.4685645884139328,283.1638543045139,2704.5046712418903,643.031338563475,72295,13.7,19.5
48271,TX-Kinney,520.2,73.37254901960785,0.5228841983852365,0.4771158016147636,200.692030603614,3615.5324941560934,571.3187320261437,70000,8.4,11.8
48285,TX-Lavaca,3653.8,74.0,0.5406424106409765,0.4593575893590235,254.96745571186162,7340.357979916799,606.053984974547,63240,11.5,22.2
48291,TX-Liberty,5227.6,71.37286709006045,0.5249822059836254,0.4750177940163747,307.7129205141939,2895.6308813528194,694.3147772782921,68703,18.7,11.9
48299,TX-Llano,4621.6,74.0,0.5176733209278173,0.48232667907218274,181.4955877791241,6580.231943067335,480.74260292539384,67530,12.0,32.4
48335,TX-Mitchell,785.2,73.0,0.5348954151808456,0.4651045848191544,185.4304672694855,5186.958751961283,750.8914990320937,60550,13.8,11.5
48363,TX-Palo Pinto,3872.0,73.1834194214876,0.531916714876033,0.468083285123967,266.37397459194216,3098.7086842665285,761.776862427686,67674,16.7,17.8
48371,TX-Pecos,1216.0,72.54769736842105,0.49425041118421054,0.5057495888157895,182.7302802796053,3600.8223919901316,610.6907716776316,72750,21.6,14.1
48447,TX-Throckmorton,279.0,75.17777777777778,0.5412290322580645,0.4587709677419355,264.51613440860217,7564.8745554838715,690.3225994265233,59216,24.2,22.4
48505,TX-Zapata,821.4,72.3954224494765,0.5286149013878744,0.47138509861212563,266.61797163379595,2500.8521972729486,589.2378898466034,39239,38.4,15.2
49013,UT-Duchesne,1901.6,72.17690366007572,0.5090675536390408,0.49093244636095923,174.06392518931426,5856.752196865797,603.9124925010517,78445,11.8,18.5
49035,UT-Salt Lake,56657.4,72.57559647989494,0.5489645836201449,0.45103541637985506,178.32797691457782,5023.968635320011,511.2341704617579,97494,8.1,39.4
51530,VA-Buena Vista City,910.0,73.13714285714286,0.5736370109890109,0.42636298901098896,229.89009349450552,4992.967023802198,655.8241865274725,57833,18.8,23.3
51063,VA-Floyd,2727.6,73.96355770640857,0.5368665640123185,0.4631334359876814,199.8093621792052,3808.6229489221296,514.5915976389499,62191,9.8,24.4
51067,VA-Franklin,8945.8,73.15622973909544,0.5268237944063136,0.4731762055936864,176.6639204185204,4596.235085997899,484.89793657135186,68849,12.7,25.1
51073,VA-Gloucester,6350.4,72.98406399596875,0.541248863063744,0.458751136936256,172.61904937641725,7336.4197460474925,616.1816789493575,84306,5.2,25.3
51660,VA-Harrisonburg City,4011.6,74.18830391863595,0.5667565360454682,0.4332434639545319,208.79448743643437,5947.651804621598,630.3719195084255,62254,25.7,37.5
51685,VA-Manassas Park City,580.0,72.13827586206897,0.5520683103448276,0.4479316896551725,213.79309851724136,2133.793095,608.965493137931,103250,5.1,26.9
51139,VA-Page,4353.4,72.95359948545963,0.5289268387926678,0.4710731612073322,226.35182954931776,6377.681790177791,789.4978590113474,57037,11.3,15.2
53017,WA-Douglas,5509.8,73.38135685505826,0.5228524628843152,0.4771475371156848,169.4072589930669,9078.333151678828,626.4837136012195,80363,8.3,21.5
53023,WA-Garfield,647.0,72.97527047913447,0.5115906027820711,0.48840939721792886,136.01235570324573,9317.465242009273,715.6105159814529,64884,12.0,31.8
53029,WA-Island,14920.2,73.58256591734695,0.5387886864787336,0.4612113135212665,131.67384132652379,4819.519824530503,473.14379302690315,90551,7.7,36.6
53051,WA-Pend Oreille,3618.2,71.73671991598032,0.5010225802885413,0.49897741971145887,119.83858345033441,3910.1763521032553,535.6254342269636,67436,14.4,20.9
55129,WI-Washburn,2967.6,70.78871815608572,0.5081609179134654,0.4918390820865346,178.73028965494,8476.951067050817,662.0838343509907,63441,11.5,25.5
54007,WV-Braxton,1557.0,71.69287090558767,0.5009698394348104,0.49905482337829155,196.01800132305718,6595.632656660245,713.5517037379576,50331,20.4,14.4
54067,WV-Nicholas,3135.4,70.33533201505391,0.4906487210563245,0.5093512789436755,213.05096223767302,5676.851439790777,750.7176003954838,54639,15.4,23.3
54107,WV-Wood,12138.0,71.12860438292964,0.5371706969846762,0.4628293030153238,299.48921790575054,8341.357720828802,738.4907059367276,57810,14.7,24.1
12085,FL-Martin,28821.4,75.39306209968981,0.5456226873087359,0.4543773126912642,237.0460705538246,3978.2869558806997,560.9443001762579,82943,11.3,37.1
12125,FL-Union,1184.6,71.57403342900557,0.5343376498396083,0.4656623501603917,302.3805690021948,2361.472212392369,786.0881031909506,64146,19.5,11.1
13007,GA-Baker,228.0,71.17456140350878,0.508780350877193,0.491219649122807,243.85964964912284,3904.385964385965,599.1228288596492,46012,26.3,16.7
13027,GA-Brooks,1786.0,72.92541993281075,0.54074960806271,0.45925039193729,238.52184816349384,4760.022400459126,683.2026782642777,46807,25.4,15.8
13037,GA-Calhoun,494.8,71.51495553759095,0.5287041228779304,0.47129587712206955,242.118035327405,6635.40825214228,603.880372716249,46940,22.8,13.0
13093,GA-Dooly,788.4,72.07331303906646,0.5053222729578893,0.4946777270421106,237.4429,3880.0101387874174,546.9305259512937,60987,15.7,14.8
13197,GA-Marion,674.0,70.913353115727,0.5029750741839762,0.4970249258160238,206.528207388724,3500.5934760534124,486.9436254599407,51667,20.9,17.7
13225,GA-Peach,2855.2,72.1586578873634,0.5425141986550854,0.4574858013449145,232.7682954398991,2904.595117483889,652.4936947534322,71293,17.3,22.8
19011,IA-Benton,3497.6,73.38900960658738,0.527674302378774,0.472325697621226,184.46935522644102,6227.984895728499,514.4670693332571,86962,7.4,25.6
19065,IA-Fayette,3566.8,73.79275541101268,0.5397722664573287,0.4602277335426713,156.10630822025345,11019.289011068744,575.6981039026579,60165,12.0,20.7
19073,IA-Greene,1618.8,74.0,0.5485491104521868,0.4514508895478132,161.72474178403758,7364.961684371139,506.4245272794663,63409,9.8,21.2
19107,IA-Keokuk,1667.4,74.37963296149694,0.5330495981768022,0.4669504018231978,160.609334556795,7662.948311718844,626.1245102674824,62329,12.1,17.0
19159,IA-Ringgold,1061.2,74.18394270637015,0.534872691292876,0.46512730870712404,156.42667352054278,11086.882777497174,560.8744703354693,73346,8.8,24.6
19185,IA-Wayne,1032.2,74.1896919201705,0.5384417360976556,0.46155826390234445,200.73630798294906,6413.485762255377,609.5717908932378,61964,10.1,17.2
16003,ID-Adams,906.4,72.96999117387467,0.4682278243601059,0.531772175639894,126.65489108561343,5345.101475242718,405.1191471756399,61808,17.9,21.6
16031,ID-Cassia,2621.0,73.36795116367799,0.5227637314002289,0.4772362685997711,168.40901331552843,6350.629540320489,532.8500342617323,70830,12.4,21.3
16063,ID-Lincoln,555.0,71.90162162162162,0.46377481081081084,0.5362251891891892,167.20722403603605,6849.369374846847,498.7387381981982,71453,10.5,11.1
16077,ID-Power,876.2,72.17530244236475,0.5083409495548961,0.4916590504451039,154.7591954804839,5789.317499497831,547.8201338963706,61146,9.5,15.3
17047,IL-Edwards,1215.0,73.5837037037037,0.5356499753086419,0.46435002469135805,211.52262075720162,7398.6831405102885,549.3004132510288,60519,16.5,13.9
17103,IL-Lee,5020.2,72.77271821839767,0.5305274371538982,0.4694725628461018,209.4737372813832,11165.29220624278,594.2392879048643,70292,11.8,19.4
17159,IL-Richland,2766.0,73.7710773680405,0.5403613665943602,0.4596386334056399,240.63628036876355,8258.351419132321,654.9530056543745,62455,12.1,19.1
18019,IN-Clark,13371.4,71.78065124070778,0.571147458007389,0.42885254199261114,259.74839345767833,3994.0320366274286,648.144534157979,74214,10.2,27.7
18051,IN-Gibson,4221.2,72.38690419785843,0.5392053254998579,0.46079467450014217,213.25690265327395,7191.177849488297,568.6060661375913,67573,10.8,18.5
18055,IN-Greene,4572.0,72.56535433070866,0.5357962860892389,0.4642037139107611,210.93616083989502,7069.685027996499,624.1032459186351,62094,12.8,16.1
18121,IN-Parke,2124.2,72.56039920911402,0.5228070614819696,0.4771929385180303,245.55125389323035,5034.4600115431695,608.8880651633556,68485,16.2,15.4
18181,IN-White,3682.6,73.0,0.5395226633356867,0.4604773366643132,217.72661802530823,5892.793119497094,653.722909281486,67303,10.2,19.2
20023,KS-Cheyenne,659.2,74.60133495145631,0.5364131978155341,0.463586802184466,245.44901738470872,11455.70389217233,505.4611722087379,55429,17.0,22.0
20041,KS-Dickinson,3717.8,73.1904889988703,0.539524971757491,0.460475028242509,216.36452640271128,7151.433657480229,633.6542952444994,68417,8.1,23.7
20047,KS-Edwards,659.0,74.0,0.5520607283763278,0.44793927162367225,205.4628040060698,9015.781471198787,515.9332199696511,52692,18.9,20.5
20051,KS-Ellis,4897.6,73.0,0.5506284547533487,0.4493715452466514,220.51617776053575,10291.97974571627,627.2459927719699,63084,18.3,38.9
20113,KS-McPherson,5406.6,74.0,0.551246321163023,0.44875367883697703,192.24650690637367,7625.568757751637,535.5306480116894,78851,9.5,34.3
20179,KS-Sheridan,579.0,74.2006908462867,0.5336614162348877,0.4663385837651122,302.24525198618306,10467.357534093264,534.024189015544,73750,8.9,24.3
20187,KS-Stanton,319.6,74.80100125156446,0.5432015018773467,0.4567984981226533,217.14645100125153,7874.843548247809,545.0562939299124,71700,1.5,24.2
20197,KS-Wabaunsee,1243.2,73.38883526383526,0.517042277992278,0.482957722007722,190.1544579150579,4304.858432158944,462.35523775740023,76908,8.5,25.0
20209,KS-Wyandotte,9369.4,70.54562725468013,0.5387084188955535,0.4612915811044464,310.52149635835804,5284.735399141887,693.7263877494822,63631,15.8,21.2
21039,KY-Carlisle,643.4,72.09138949331675,0.5287538078955548,0.4712710599937831,241.2185267640659,3703.7612827168173,538.0789637239665,62439,15.1,14.9
21077,KY-Gallatin,612.6,69.36238981390794,0.5040918380672544,0.4959081619327457,293.5030820111002,4302.318000359125,617.0421066274895,63346,13.8,15.0
21109,KY-Jackson,1261.4,69.18582527350563,0.4977004915173616,0.5022995084826383,227.36640840336133,3275.7253949421274,623.1171820041224,40000,19.5,8.8
21145,KY-McCracken,9194.2,72.56416001392182,0.5482114789758762,0.451788521024124,246.65547837332232,4720.4759352222045,587.8706053881795,64373,15.2,29.0
21175,KY-Morgan,1058.8,69.04476766150358,0.47978864752550054,0.5202113524744995,225.7272433698527,5937.09860793351,704.0045544200982,47913,17.1,18.7
21185,KY-Oldham,5760.4,72.79709742379002,0.5314043434483716,0.4685956565516283,181.4804706270398,4459.620867745296,502.6387040379141,122497,4.3,46.4
21219,KY-Todd,1406.0,72.12105263157895,0.5322726884779516,0.46772731152204844,224.32431261735422,4074.6799549217635,607.9658744950214,61103,20.9,16.5
21223,KY-Trimble,874.0,70.73180778032037,0.5178542105263158,0.48214578947368425,230.89247899313503,4625.400444050344,645.5377666590389,66027,13.3,17.1
21231,KY-Wayne,2414.4,69.82712060967528,0.5075398525513586,0.49246014744864147,175.03311902750167,3427.9323938783964,660.7024625082836,45739,24.8,13.9
22005,LA-Ascension,5503.8,70.37130709691486,0.5415393836985355,0.45846061630146445,205.6034070097024,4577.3102237763005,607.1078285511827,91549,10.3,29.1
22045,LA-Iberia,7582.0,71.35637035083091,0.5268509311527302,0.47314906884726987,241.4930301002374,5094.566098135057,664.3893466552362,56961,22.8,14.8
22077,LA-Pointe Coupee,1857.0,72.73516424340333,0.5643384598815293,0.43566154011847064,221.54011966612816,5632.9563842434045,682.3909426817448,65961,16.5,18.4
22115,LA-Vernon,5372.6,71.13732643412872,0.5291414882924468,0.47085851170755316,263.8573589770316,3448.609616941518,697.4649047686408,57270,19.0,19.8
25001,MA-Barnstable,59222.2,74.39345042906207,0.5608666702689193,0.43913332973108055,228.4751574730422,5102.559515457379,605.1953438490972,95241,7.7,48.2
25023,MA-Plymouth,77044.4,72.78106650191319,0.5594103753160515,0.4405896246839484,276.46138558467584,5257.308779950782,576.5065457139001,114201,7.1,41.8
24017,MD-Charles,19009.6,71.98266139213871,0.5666170734786634,0.43338292652133664,202.86593787980811,1588.4710578107904,592.8267772241394,122816,6.9,33.5
23001,ME-Androscoggin,8797.0,69.76264635671251,0.5227487939070138,0.47725120609298627,196.08956397635558,8667.04558422644,727.6344236989883,67873,14.4,23.4
23021,ME-Piscataquis,2678.4,70.92801672640383,0.49244448178016725,0.5075555182198327,178.68875238201912,8867.30885350209,657.7060724835723,61345,15.5,21.6
26097,MI-Mackinac,1627.4,71.7871451394863,0.5037675187415509,0.49623248125844904,182.99127706771534,7040.924172250215,653.9265074228832,63909,16.1,25.0
26149,MI-St. Joseph,6324.6,72.55516554406603,0.5408821237706732,0.45911787622932676,186.6046881826519,6648.072612323309,557.9167006514245,66425,11.4,16.9
27003,MN-Anoka,19501.2,70.0,0.5372769665456485,0.46272303345435145,242.25174028572604,2833.630762770496,636.4633807847722,101869,7.0,32.2
27015,MN-Brown,3756.8,74.18835178875639,0.5531217951448042,0.4468782048551959,206.34581725936968,9365.47060046316,542.9620919612436,69378,8.5,24.5
27019,MN-Carver,5691.6,72.0,0.5505175767798159,0.4494824232201841,230.12860969850306,4507.133336481833,670.1454697238034,125946,4.4,50.4
27037,MN-Dakota,26837.4,71.37394829603464,0.5549621557975065,0.44503784420249354,213.0906844604917,3280.4817329808398,572.2312802372808,106318,5.8,45.0
27067,MN-Kandiyohi,4585.2,71.0,0.5297133560150048,0.4702866439849952,185.68437752333594,4381.2701810302715,603.288828954026,76592,9.1,27.9
27091,MN-Martin,3191.0,73.0,0.5350679348166718,0.46493206518332814,211.78313617047948,10124.913815581322,752.0526219993733,59507,13.1,23.8
27085,MN-McLeod,2089.0,71.0,0.5414830445189086,0.45851695548109145,234.2747394159885,9910.196249803734,728.7697373958832,80084,8.7,20.2
27113,MN-Pennington,1281.4,72.56422662712659,0.5277260028094272,0.47227399719057284,210.70706496019977,11298.579683096614,674.8868564850944,77325,10.5,21.0
27119,MN-Polk,3915.8,72.0,0.5324104959395269,0.46758950406047295,200.62310649164922,10964.4517054395,603.5548232749375,73107,11.9,28.0
27127,MN-Redwood,1985.4,73.0,0.5382442832678553,0.46175571673214466,208.8244319028911,8831.268259222323,597.5621924347739,67866,13.3,22.2
27159,MN-Wadena,1761.6,71.0,0.5364476044504995,0.4635523955495004,202.54313334468665,9084.128071798365,659.9682290758402,61467,12.5,19.8
29037,MO-Cass,9723.4,72.57391447436082,0.559091704547792,0.44090829545220805,277.5778146821071,5070.983395810108,636.8143002900221,87535,6.2,29.6
29055,MO-Crawford,2439.4,70.69271132245635,0.5110193736164631,0.48898062638353695,249.89752913011392,5337.951941674182,655.2430823481184,57629,14.1,14.1
29077,MO-Greene,23909.6,71.56680161943319,0.5499626091611738,0.4500373908388263,218.26380800347977,5447.636084414629,495.5582644159668,61479,13.6,33.6
29199,MO-Scotland,766.4,73.98512526096033,0.5490899269311065,0.45091007306889347,251.82671722338205,9275.574122077243,717.379963256785,68913,7.3,15.2
28051,MS-Holmes,1921.2,70.20216531334583,0.5462152404747034,0.4537847595252966,262.1278217364148,3912.866958401,792.317295835936,32538,36.4,13.9
28059,MS-Jackson,15870.2,72.13071038802283,0.5481553490189159,0.45184465098108406,230.8603360134088,8135.032969608448,591.9270082191781,66201,13.8,26.7
28075,MS-Lauderdale,9800.6,72.36279411464604,0.5580057894414627,0.44199421055853727,238.55681430932802,6381.058312803299,602.6977945819644,50817,26.3,23.6
28079,MS-Leake,2598.0,71.94449576597383,0.5504789530408006,0.4495210469591994,256.88989652040027,4112.086221585834,765.204013548884,50728,20.5,15.7
28147,MS-Walthall,2023.8,72.10445696215041,0.5383051092005138,0.4616948907994861,243.4035122442929,4214.052759294396,804.032030279672,48905,18.8,12.9
30017,MT-Custer,2252.6,72.79454852170825,0.5302285359140548,0.4697714640859451,175.79682210778657,7772.085581274971,568.7649896386397,70605,11.3,27.0
30019,MT-Daniels,433.6,74.39206642066421,0.5184635608856089,0.48153643911439115,201.10700627306272,8016.605181826567,567.343167804428,55625,12.9,24.2
30031,MT-Gallatin,12497.0,72.60108826118268,0.521708107545811,0.478291892454189,142.8823118316396,7516.796022077299,439.81754973833716,93528,9.5,54.3
30053,MT-Lincoln,4428.8,71.37811596820809,0.47965624548410407,0.520343754515896,128.25143037843208,6054.64236325867,454.2539633941474,47143,15.4,18.9
30091,MT-Sheridan,876.0,74.0,0.5257765296803653,0.47422347031963474,191.7808321004566,8506.62100956621,500.22831803652974,70147,10.4,26.2
30093,MT-Silver Bow,5895.4,71.78562947382706,0.5282044814601214,0.47179551853987856,175.01778987006819,4821.487938413,521.7288178240663,61754,14.8,28.0
30109,MT-Wibaux,229.4,74.58151700087184,0.5143719267654752,0.48562807323452484,197.03574847428072,5853.530950741064,521.3600676547517,67462,15.8,22.5
37031,NC-Carteret,13823.8,72.96064757881335,0.5340994733720106,0.4659005266279894,191.4090031829164,3537.739267408382,526.4543641024899,72322,10.1,34.5
37061,NC-Duplin,5731.0,72.33421741406386,0.5366923399057757,0.46330766009422436,244.2854664526261,2843.83179495376,783.2490047879951,55148,20.5,17.6
37113,NC-Macon,7313.0,73.5691234787365,0.5423474141939013,0.45765258580609874,189.88102536305212,4521.974557888691,472.5830750991385,59061,11.6,27.9
37155,NC-Robeson,9549.6,69.78717433190918,0.5303084610873754,0.46969153891262455,295.6982572023959,4246.963206620173,831.8253953149871,41978,27.2,14.7
37173,NC-Swain,2363.4,71.56427181179656,0.5430252009816366,0.4569747990183634,247.27088385377,8699.839196581195,605.3143786832529,52349,19.1,21.4
38057,ND-Mercer,1354.2,73.0,0.51379131590607,0.48620868409393003,150.19938921872694,7045.488090075321,470.38842519568743,80946,9.7,23.3
38101,ND-Ward,7336.2,72.18423707096316,0.544669891769581,0.45533010823041903,203.29326144325398,10946.157412979474,548.6764141326572,78238,8.6,29.6
38105,ND-Williams,3077.8,72.18786145948404,0.5270660991617389,0.47293390083826103,210.47501422444603,6168.107089102606,694.3920984339462,85595,8.6,24.4
31011,NE-Boone,972.0,74.81255144032922,0.5491891975308643,0.45081080246913585,239.30041938271606,9869.341583312758,420.1645988271605,74947,9.6,19.7
31015,NE-Boyd,531.6,73.60421369450715,0.5169267494356659,0.48307325056433414,212.9420527088036,6577.878095598194,351.015800413845,67045,9.7,22.3
31043,NE-Dakota,1675.6,72.36930054905706,0.5393785151587491,0.46062148484125087,216.99690163523516,3517.187856266412,476.3666722129386,70329,11.5,14.6
31055,NE-Douglas,48437.0,72.37853293969486,0.5614901789953961,0.438509821004604,210.0419230212441,4766.005313234511,520.2221448677664,80391,11.8,42.1
31069,NE-Garden,522.2,74.0,0.5204934507851399,0.47950654921486013,242.81885185752586,9476.44581160475,542.7039472615857,41882,16.5,21.1
31095,NE-Jefferson,1393.2,74.0,0.5434948320413436,0.45650516795865637,168.53286218776918,8870.801034108526,481.48149052540913,59044,10.1,20.2
31101,NE-Keith,1803.6,74.0,0.5305027833222444,0.4694972166777556,191.06231026835218,8517.964096163229,535.8172530716346,60645,10.4,22.7
31117,NE-McPherson,77.4,75.20671834625323,0.5271390180878553,0.4728609819121447,303.5143744408945,7152.45477881137,542.6356354005168,58684,12.2,25.7
33017,NH-Strafford,16780.4,71.76774093585374,0.5496981490310123,0.45030185096898767,204.82226860027177,6896.986978435556,634.3949005744797,88570,8.7,39.3
33019,NH-Sullivan,7701.8,71.74811083123426,0.5393382352177413,0.4606617647822587,175.82902569529202,8189.643949876653,608.4291785115169,80858,10.1,30.3
34025,NJ-Monmouth,82969.0,73.79695789993853,0.5624023876387566,0.4375976123612434,244.81914566573056,3315.5371181002542,537.1042216555581,124845,6.5,51.3
34029,NJ-Ocean,93888.4,74.0,0.5765855882089801,0.42341441179101996,260.09390768209914,3160.891006898829,588.8160763804688,89863,10.5,34.4
32021,NV-Mineral,1030.6,72.3306811566078,0.5208656122647002,0.4791343877352998,204.34698441684455,7083.252486706772,687.560654531341,54855,18.5,13.2
36025,NY-Delaware,6301.6,73.17779611527232,0.5113544084042148,0.48864559159578513,208.45499584867335,9659.92766639901,668.90948072553,63337,14.4,27.6
02240,AK-Southeast Fairbanks,1255.8,72.0,0.4629815257206561,0.5370184742793439,119.92354839942666,2442.4271606465995,285.07723172479695,73882,12.7,23.2
01037,AL-Coosa,1167.2,71.43060315284441,0.496906305688828,0.503093694311172,225.32557117888967,4029.129553992461,588.2453663125428,57355,13.1,13.9
01067,AL-Henry,1840.2,72.54200630366265,0.5365590914031083,0.4634409085968917,250.84231011846538,2920.1173971959574,535.1592139550049,59931,18.3,21.8
01095,AL-Marshall,10219.4,72.54480693582794,0.5537443920386715,0.4462556079613284,216.94032192888037,4610.309808973129,577.098453173376,62571,16.6,21.5
01109,AL-Pike,2370.8,71.69048422473426,0.5346789185085203,0.4653210814914797,209.5495297199258,3197.486096465328,657.1621400455542,48677,23.3,28.0
01123,AL-Tallapoosa,4587.2,71.70962678758283,0.5453782568887338,0.4546217431112662,216.5154889693059,4272.802559317231,614.0565199773282,59356,16.3,20.3
05005,AR-Baxter,8847.2,73.57224884709287,0.5381395017632697,0.4618604982367303,215.7292593362872,4461.863650544805,511.4612730784881,48452,15.5,19.4
05079,AR-Lincoln,1433.4,71.54471885028603,0.548065745779266,0.4519342542207339,281.98688246128086,4335.286716185294,668.3410229663738,51778,15.4,12.0
05149,AR-Yell,2770.2,71.56234206916469,0.5381056963396145,0.46189430366038553,330.95080791278605,5230.813642625081,611.7969787957547,55934,15.6,14.9
06025,CA-Imperial,18725.4,72.0,0.5325151825862198,0.46748481741378023,191.21618375148196,3555.085618463691,700.1933300650453,57681,19.5,16.1
06035,CA-Lassen,4666.6,71.38983414048772,0.5166020443149189,0.4833979556850812,192.4741660823726,4294.47563315476,721.8102846526378,67403,14.0,13.1
06085,CA-Santa Clara,108687.8,74.39134659087773,0.5473314894587985,0.4526685105412015,189.85203925610787,3526.6055279933903,486.6286666556872,164281,7.1,56.5
06109,CA-Tuolumne,13930.8,72.7960921124415,0.5344885620352026,0.4655114379647974,176.98912807878946,9064.303538955408,704.9415798116404,77404,10.4,24.6
08079,CO-Mineral,212.8,73.57706766917293,0.5056422932330827,0.49435770676691726,156.954879981203,9103.383478007518,437.9699067669173,56250,10.0,51.7
08111,CO-San Juan,141.0,73.36170212765957,0.5049385815602837,0.49506141843971624,112.67606091549295,3526.241141276595,428.368774751773,77824,21.3,52.1
10001,DE-Kent,27394.8,72.16625782995312,0.5523969731481887,0.4476030268518113,218.23849248762542,5028.523648074087,605.6477984646722,74477,10.6,27.5
12031,FL-Duval,79425.0,72.97479886685552,0.5582051875354107,0.44179481246458924,276.1221174063582,3582.292729706264,681.8356663750708,71277,14.1,34.4
12045,FL-Gulf,2350.2,72.57833375882903,0.5184463705216577,0.48155362947834224,230.27827950812696,4270.70038115054,816.0156605565483,61179,12.5,23.5
12057,FL-Hillsborough,89235.0,72.97307782820643,0.5546341471395753,0.44536585286042474,284.76719993141705,2275.6003769848153,621.2539927544126,79540,12.7,38.1
36109,NY-Tompkins,9082.4,73.38212366775302,0.5592411521183828,0.4407588478816172,174.18302253809566,5810.402528071875,541.6409931493879,74024,16.4,58.8
36115,NY-Washington,5824.6,71.37135597294235,0.517771960306287,0.48222803969371286,208.04861765958177,6658.586002819078,495.41597613570036,73495,10.7,22.4
39001,OH-Adams,3189.0,70.12329883976169,0.511013446221386,0.48898655377861405,256.8203107180934,6877.8927400564435,670.0533074819691,50264,20.2,14.9
39023,OH-Clark,11667.8,72.37086683007936,0.5343144997343116,0.4656855002656885,252.02695721387065,5113.800363487548,605.1697926549991,63132,15.2,20.2
39027,OH-Clinton,4014.4,72.57019728975688,0.5330768035073735,0.4669231964926266,213.9796567457154,4553.856128024113,622.7580528846155,70407,12.9,19.3
39033,OH-Crawford,6013.8,72.55921380824104,0.5356461372177326,0.4643538627822674,202.9665337124613,8858.724942984469,719.7778532242509,58044,11.8,17.2
39075,OH-Holmes,2469.4,72.1790718393132,0.5002118409330202,0.4997881590669799,201.02048330768608,4254.9607158824,515.5908406981453,76140,9.3,11.1
39085,OH-Lake,23937.4,73.38289872751426,0.5491978970147134,0.4508021029852866,236.04902684167874,8655.309285564848,517.1906693784622,80925,8.3,31.6
39127,OH-Perry,3713.8,69.95266304055146,0.5029477516290592,0.4970522483709408,240.99306144111154,5400.82934128386,729.6031126124186,67460,14.7,16.2
39135,OH-Preble,4591.2,72.181651855724,0.5250388482313991,0.4749611517686008,255.79367867224255,4837.820188029274,673.070240773654,69223,12.6,18.5
39159,OH-Union,4442.2,72.59002296159561,0.5366558191886903,0.4633441808113097,208.0500673179956,6860.789699527261,542.6139988699293,112322,5.0,39.2
39161,OH-Van Wert,3524.0,72.37026106696935,0.5351119239500567,0.46488807604994326,215.83429588535753,7093.303056861521,610.3291824517594,67917,9.0,17.1
40057,OK-Harmon,483.0,72.52505175983437,0.5527813664596274,0.4472186335403727,280.7453505590062,4921.7391172670805,797.5155242236025,43333,22.7,13.4
41027,OR-Hood River,3010.4,73.38772256178581,0.5316667486048365,0.46833325139516346,124.03665916157321,6022.9870079325,438.6792265147489,88947,8.0,41.0
41065,OR-Wasco,4412.6,72.75293477768209,0.5226315188324343,0.47736848116756564,155.41854996147396,5946.970042170149,547.8402644563296,64175,11.6,22.4
42071,PA-Lancaster,54596.6,74.19151009403517,0.5593847312836331,0.44061526871636697,195.5872711667027,6194.642155444845,444.2218066692798,86959,8.2,32.4
42079,PA-Luzerne,41498.2,72.56664144468917,0.5622889971131279,0.4377110028868722,239.24412623824648,6844.229371786728,509.19317053125195,63691,15.3,25.3
42091,PA-Montgomery,99060.8,73.79692269797943,0.569253292927172,0.43074670707282803,232.59451253957164,4631.032638993831,488.5383361624376,113915,6.5,53.0
42111,PA-Somerset,6035.6,71.7342434886341,0.5269333753065146,0.47306662469348537,197.22975797269532,5977.566413625821,532.5402567068726,61446,11.0,17.9
42125,PA-Washington,14304.6,71.58389608936986,0.5357050710960111,0.4642949289039889,223.70426277561066,5197.684672010403,534.0100280301441,78958,9.6,32.9
42131,PA-Wyoming,3489.4,71.58199117326761,0.5291819911732676,0.4708180088267324,202.15508799220495,5780.821892497278,466.9570749469823,72460,11.5,22.1
44005,RI-Newport,10447.4,74.37795049485996,0.5497420353389361,0.450257964661064,212.18675432356378,6140.953735779237,564.7529529662883,103514,8.5,54.1
46021,SD-Campbell,317.6,74.0,0.49622991183879095,0.5037700881612092,178.84130119647355,7290.931955730478,439.5465801007557,68929,7.7,36.0
46059,SD-Hand,750.0,74.4112,0.53065296,0.46934704,218.39999951999997,11113.333333066668,393.06666709333336,74635,5.2,28.4
46063,SD-Harding,211.2,72.38541666666667,0.5179850378787879,0.48201496212121214,95.35159952324196,5468.750005681818,227.272728030303,80441,6.3,30.4
46099,SD-Minnehaha,21532.4,71.57090709814048,0.5393934935260352,0.46060650647396484,211.30946919525923,9439.867343788894,487.042779186714,76880,8.8,35.2
46102,SD-Oglala Lakota,1003.2,67.39214513556618,0.5667983253588518,0.4332016746411483,496.21212811004784,9260.167454585326,729.4657076355662,41417,57.6,11.8
47003,TN-Bedford,4533.2,72.78094943968941,0.5602726550780905,0.4397273449219095,224.03599174093355,3001.3676787434924,585.414277803759,67225,12.6,17.2
47023,TN-Chester,2080.2,72.56629170272089,0.552933314104413,0.44706668589558696,202.5766890875877,2261.8017573694838,476.2041867705029,59341,16.1,22.0
47065,TN-Hamilton,33794.8,73.5741060754909,0.5621054671132837,0.4378945328867163,205.38072804573486,2721.4896952661356,540.9530793713826,76183,13.1,37.5
47071,TN-Hardin,4646.8,72.96672979254541,0.5439459068606353,0.45605409313936474,212.4042310751485,3545.0202448222435,586.3389965524661,49956,21.5,15.1
47095,TN-Lake,810.8,71.55352738036507,0.567851850024667,0.4321481499753331,281.45039962999505,2717.562905426739,810.5574650715342,28814,32.2,9.4
47107,TN-McMinn,6612.6,72.5654659286816,0.5438395215195234,0.4561604784804767,190.4545781931464,3299.156151105465,590.085609252034,61470,13.0,18.6
47125,TN-Montgomery,17071.2,70.58281784525985,0.5336776711654717,0.46632232883452834,205.46885411218898,2429.8936396457193,514.3985329970944,75613,11.3,31.1
47129,TN-Morgan,1732.2,70.92102528576378,0.5222150906361851,0.47778490936381474,221.6834231843898,2430.781676746334,485.740703140515,65954,15.1,13.6
47175,TN-Van Buren,995.2,71.95377813504822,0.513236595659164,0.48676340434083604,218.44856083199355,2726.2861818327974,528.537009847267,54931,16.1,13.7
48023,TX-Baylor,655.2,72.56684981684981,0.5192395909645909,0.48078287545787546,269.8412731074481,8362.637373687423,730.1587298534798,45370,21.8,25.3
48029,TX-Bexar,119704.4,72.57532555194295,0.5435667905273324,0.4564332094726677,203.9256594427607,1713.9837914910397,488.65037208473547,72341,14.6,31.8
48083,TX-Coleman,1733.2,73.0,0.5302486383567966,0.46975136164320336,277.98292234018,4777.290573551812,667.6667281329334,49159,19.6,16.8
48115,TX-Dawson,1268.2,73.17079325027598,0.520749534773695,0.479250465226305,229.45906423277086,4816.905853477369,774.9566457971929,54360,19.6,12.7
48119,TX-Delta,784.6,73.36528167218965,0.5534096354830487,0.44659036451695133,258.9854630894724,3399.1842937292886,663.0130174611267,66575,11.4,14.9
48143,TX-Erath,4199.6,72.0,0.5286815268120774,0.4713184731879226,194.78045784360415,2495.0947859224684,587.8655011524908,65115,16.6,32.1
48159,TX-Franklin,1434.8,73.1902704209646,0.5352666991915249,0.464733300808475,202.67633378868135,4444.661275383329,538.1934865207695,72360,11.7,27.8
48219,TX-Hockley,1883.6,73.56997239328945,0.5278220216606498,0.4721779783393502,211.2975350923763,4268.209815332342,627.6279660543639,63140,13.1,18.9
48261,TX-Kenedy,24.6,72.82113821138212,0.537485,0.46251499999999995,,3219.5121837398374,876.2886546391753,38882,15.3,13.0
48281,TX-Lampasas,3155.0,71.58592709984153,0.5181535087163233,0.48184649128367674,192.0760782313788,6193.153717267829,573.3121869286848,81736,9.1,24.3
48293,TX-Limestone,2613.0,70.9467278989667,0.49995857634902413,0.5000414236509758,222.5028392039801,5949.712970264065,713.2797578415614,60573,17.1,18.5
48297,TX-Live Oak,1249.2,73.0,0.5036778258085175,0.49632217419148256,181.87639891130326,1722.382333637528,533.9417057476785,57150,17.1,15.9
48381,TX-Randall,14456.2,73.0,0.5549171594194878,0.4450828405805121,208.0629679473167,2577.357827470566,495.2477133396052,83864,9.7,33.7
48383,TX-Reagan,260.6,73.0,0.5310819646968534,0.4689180353031465,207.98157927858787,5987.720632463545,741.3660565617804,57813,11.8,13.6
48389,TX-Reeves,1227.2,72.73125814863103,0.5101138200782268,0.48988617992177313,249.51108034550197,4063.396346007171,857.3989502118644,64297,16.8,7.4
48419,TX-Shelby,2629.6,72.55787952540311,0.5306298524490417,0.4693701475509583,265.0593099863097,3017.7213305902037,709.4614909644052,49776,20.6,15.1
48493,TX-Wilson,4875.6,72.19476577241775,0.5170703010911477,0.4829296989088523,174.25548698826813,3467.5937212568715,543.3587352695052,94565,11.3,25.9
48503,TX-Young,3196.8,73.0,0.5335816003503503,0.46641839964964965,209.27176806181183,5496.934442817818,696.383905392893,68010,16.5,24.0
49017,UT-Garfield,932.2,73.38039047414718,0.48337680755202744,0.5166231924479725,156.18964095687622,3776.4428436387043,511.6927711006223,61875,9.8,28.3
49019,UT-Grand,1813.6,72.983568592854,0.5234744927216586,0.47652550727834136,144.905157509925,6492.721641155713,502.20555634097934,67106,13.3,37.5
49029,UT-Morgan,860.0,74.57581395348838,0.5267551627906977,0.4732448372093023,131.16277027906975,3410.930218511628,385.81397369767444,130929,1.4,38.4
51003,VA-Albemarle,17110.6,74.59464893107197,0.5683664851028017,0.4316335148971983,139.53924726310007,5814.9451539794045,451.07711885380985,104392,7.7,61.1
51005,VA-Alleghany,2997.0,73.5227894561228,0.5404047247247247,0.4595952752752753,215.6156070670671,4577.377371264598,691.4247553753754,56188,11.6,14.6
51009,VA-Amherst,4871.0,73.14407719154178,0.5507011701909259,0.44929882980907404,224.55350333401765,3951.139404389243,454.8963459002258,68724,10.8,24.7
51051,VA-Dickenson,1624.8,69.73116691285081,0.5044490521910389,0.49555094780896114,229.68981710979813,5310.5612888970945,859.4288538897094,47254,17.3,10.1
51595,VA-Emporia City,627.8,73.41956036954444,0.581723701815865,0.4182762981841351,285.44122593182544,3007.9643437719014,863.3322900605287,51899,15.8,16.0
51119,VA-Middlesex,2613.0,74.3768082663605,0.522780803673938,0.477219196326062,163.87293014925373,5338.461524646001,530.3482556525067,75060,7.3,33.8
51137,VA-Orange,6196.4,73.78100187205474,0.5483573526563812,0.45164264734361886,192.3374930830805,4243.205718901298,548.9316372990769,94008,9.8,29.6
51143,VA-Pittsylvania,9053.6,72.94382345144473,0.5504059048334364,0.44959409516656357,197.60093921533976,3312.516553901211,610.1661164376602,54085,14.6,16.1
51171,VA-Shenandoah,7568.6,73.77929868139418,0.5505793753137965,0.44942062468620353,209.761369032582,5636.260347985097,665.142826269059,67191,11.8,21.6
51177,VA-Spotsylvania,14846.8,72.78360320068971,0.5501537018077969,0.449846298192203,251.31340756661368,3302.5163774698926,634.5205537341379,112738,7.1,34.9
51800,VA-Suffolk City,10702.0,72.5798168566623,0.5551450177536909,0.4448549822463091,213.47413284432812,5676.920211936087,699.3645903793683,92666,9.4,33.3
50001,VT-Addison,5942.0,72.77882867721306,0.5289028004039045,0.4710971995960956,165.43250978795018,7820.363506415349,707.1692991787277,89639,7.6,43.6
50013,VT-Grand Isle,1381.6,72.0,0.4943591488129705,0.5056408511870295,145.1939601331789,6805.442970382166,476.9832093804285,97396,7.9,44.0
55019,WI-Clark,3002.6,69.0,0.5094205421967628,0.4905794578032372,238.99288433357756,8968.560556144676,817.4248955705054,67400,12.1,13.0
55115,WI-Shawano,3086.4,71.17444271643339,0.515292852514256,0.4847071474857439,180.92276231855882,5255.57284528901,603.4862694595646,66479,11.1,19.1
54021,WV-Gilmer,683.4,71.4451273046532,0.4948790166812994,0.5051209833187006,246.12231220368744,6171.495451214515,687.737772841674,47981,19.0,18.5
54041,WV-Lewis,1839.6,71.11219830397913,0.5146635681669929,0.4853364318330072,247.1189355946945,7748.532288899762,775.9295681778647,56477,16.1,18.9
54097,WV-Upshur,2632.0,71.35060790273556,0.5204400835866262,0.47955991641337387,220.06080126899695,8370.1367862462,813.7538073708207,54338,19.2,18.2
56019,WY-Johnson,2091.2,73.38083397092578,0.5081233645753633,0.49187663542463655,141.83243912586076,7261.476672876817,479.9158427410099,64871,9.1,30.3
56027,WY-Niobrara,538.8,73.1815144766147,0.518553711952487,0.481446288047513,238.30736050482554,4901.633262954714,616.9265223088345,64113,12.0,19.4
12089,FL-Nassau,14401.6,73.60371069881124,0.53345207476947,0.4665479252305299,204.21343182424172,3537.7319029649484,545.8699055229974,89804,9.7,35.6
12133,FL-Washington,3248.6,72.13753616942682,0.5306364095302593,0.46936359046974074,228.09824350797268,4429.477330068336,690.2665537646985,58210,17.3,11.5
13009,GA-Baldwin,3291.2,70.5480068060282,0.5112332219251335,0.4887667780748663,222.10744954423922,2647.484192227759,628.7068547885269,54403,21.7,24.4
13017,GA-Ben Hill,1492.0,70.86876675603217,0.511796581769437,0.488203418230563,232.43966148793564,4106.702407131367,679.3565457238606,41758,25.2,13.0
13045,GA-Carroll,9292.2,71.74107315813262,0.5435274380663352,0.45647256193366476,232.2377827274488,3131.034648388971,683.4118781472632,73714,15.4,23.8
13055,GA-Chattooga,2324.4,70.69342626054035,0.5304747031491998,0.46952529685080024,276.45844717776635,2294.7857284202373,657.8041470745138,50285,21.2,12.0
13139,GA-Hall,18075.8,73.37912568185087,0.5454208610407285,0.45457913895927154,201.6618837561823,3069.7286031500685,487.2260081578685,80901,11.8,27.3
13145,GA-Harris,3967.2,71.97171808832425,0.5183578493647913,0.4816421506352087,179.62290817705184,4466.273449107683,457.299855636217,97302,9.0,38.0
13159,GA-Jasper,1257.2,71.77330575882914,0.523063140311804,0.476936859688196,197.741009083678,4022.5898906140633,532.7712606586064,60134,16.0,19.5
13187,GA-Lumpkin,3702.0,72.37417612101567,0.5332529227444625,0.46674707725553755,206.591017639114,3242.085363387358,575.0945591788222,77448,14.1,31.6
13205,GA-Mitchell,1741.6,72.0767110702802,0.532844246669729,0.467155753330271,237.36794639412034,4355.075815491501,686.2654997358751,57613,23.4,14.3
13223,GA-Paulding,10109.4,71.37292025243832,0.5559519773675984,0.44404802263240145,261.06395896096706,4315.369836114903,636.3186707480166,98031,6.6,29.5
13239,GA-Quitman,312.2,72.14798206278027,0.4996679692504804,0.5003320307495195,236.38694311338884,3160.794364573991,738.6290762972454,40179,15.7,12.4
13255,GA-Spalding,6016.4,71.93909979389669,0.5469663453227844,0.4530336546772156,215.27823360813775,2605.2124112957913,543.4478986869225,62071,18.9,18.5
13299,GA-Ware,3677.0,72.10089747076421,0.5421169594778351,0.45788304052216483,276.0402599891216,3026.543389355453,707.0437710524884,47448,21.5,14.4
13315,GA-Wilcox,715.2,71.34815436241611,0.5047680928411633,0.4952319071588367,297.8187841722595,4366.051445525727,741.8903979306486,54138,21.9,15.4
19025,IA-Calhoun,2086.4,73.78220858895706,0.5375739934815952,0.46242600651840493,187.3082774156442,7433.953210621165,488.9762436445552,64964,9.3,21.8
19055,IA-Delaware,2626.4,73.80368565336582,0.5261969159305514,0.4738030840694487,159.3055157706366,7794.928406251904,519.875093885166,74989,7.8,22.6
19083,IA-Hardin,3140.4,75.0,0.5522286587695836,0.44777134123041645,172.39844170806268,8088.33271522099,550.0573269137689,65069,9.7,21.9
19119,IA-Lyon,1924.8,74.20968412302577,0.546328408146301,0.4536715918536991,175.91437589359933,7822.734824376558,414.27680758520364,76746,5.3,20.4
19133,IA-Monona,1577.2,74.0,0.556792467664215,0.4432075323357849,198.0725565812833,7926.198326883084,530.6873018260208,68377,10.6,19.6
19147,IA-Palo Alto,2021.2,74.0,0.5403747773599842,0.4596252226400158,202.15712988323767,9705.026716811793,581.2388728280229,72781,11.6,19.0
19165,IA-Shelby,2466.0,73.79172749391728,0.5406347201946472,0.4593652798053528,215.57177834549876,10153.852383633415,600.9732187347931,72738,7.6,24.1
19177,IA-Van Buren,1297.8,73.57713052858684,0.5199458314069965,0.48005416859300354,177.06888198489753,8893.974418600708,641.7013416242872,61161,15.1,18.8
17181,IL-Union,2696.6,70.75991989913224,0.5148071200771341,0.4851928799228658,221.5382261143662,5941.407697233553,646.4436729956241,55728,20.2,20.9
18039,IN-Elkhart,17341.0,72.77369240528228,0.5571787197970128,0.44282128020298717,197.24354127558965,3508.6788379159216,490.24853739922736,68561,12.4,20.1
18059,IN-Hancock,7930.4,72.78775345505902,0.5610366992837689,0.4389633007162312,196.28265628719862,5380.63651316201,534.1975071295269,93186,4.7,34.9
18065,IN-Henry,5610.0,71.91222816399286,0.5495337825311943,0.4504662174688057,249.7326260891266,6829.768261254901,688.6274473012478,63150,13.6,17.5
18091,IN-LaPorte,14319.0,72.3707381800405,0.5509296291640478,0.44907037083595225,262.29484137439766,4885.522735114184,622.4456920958168,71055,13.6,22.7
18093,IN-Lawrence,6084.4,72.55601209650911,0.5438022122148446,0.4561977877851554,216.75102210242588,6473.473166008151,681.7434638912629,66468,12.2,20.4
18095,IN-Madison,12451.8,72.17247305610434,0.5631877736552144,0.4368122263447855,238.96944134663264,6630.109719113703,682.5840464318411,63037,13.4,20.5
18109,IN-Morgan,7714.6,72.0,0.5440842299017449,0.4559157700982553,212.92093984652476,6029.735855442927,632.203873328494,79429,9.3,21.1
18113,IN-Noble,3557.0,71.13275231937025,0.5362866404273263,0.4637133595726737,227.3826254821479,5768.625233511386,635.9291510823729,71723,9.2,18.8
18129,IN-Posey,3465.2,72.78864134826273,0.5278760591019278,0.47212394089807225,252.91469956135288,6175.689688981876,465.0813684520374,78129,10.1,25.2
18177,IN-Wayne,10603.8,71.90527923951791,0.558535838095777,0.44146416190422294,274.5619597861144,5621.682798413776,636.0927207510514,55692,17.9,20.5
20013,KS-Brown,2016.6,72.97580085292076,0.5493434096994941,0.4506565903005058,248.14042724387582,9345.730459228405,602.9951339879004,62233,13.8,19.6
20027,KS-Clay,1847.0,74.0,0.5323217866811045,0.4676782133188955,222.5230114239307,8254.250152744991,600.7579866702762,66176,13.4,25.5
20031,KS-Coffey,1650.8,73.38308698812696,0.5404668039738308,0.45953319602616916,221.22607078992004,7720.256833232372,602.1322941240611,70346,10.7,19.7
20053,KS-Ellsworth,1276.6,73.59689801033997,0.5459685571048096,0.45403144289519043,239.54255547548178,8555.694801456997,648.5978480025067,65560,10.4,22.7
20057,KS-Ford,3607.4,72.0,0.5403432167211843,0.4596567832788157,182.29195190996285,5059.377928574596,509.45277692520926,70781,14.0,20.7
20077,KS-Harper,1155.0,73.79238095238095,0.5490979913419913,0.4509020086580086,245.88743269264066,7796.7099508917745,667.0129692987014,53488,17.3,22.8
20097,KS-Kiowa,514.8,73.3943278943279,0.532640442890443,0.4673595571095571,212.89824250194252,8337.606856915307,574.5920810023309,75539,5.9,28.3
20103,KS-Leavenworth,9190.4,72.78664693593315,0.5455826645194987,0.45441733548050145,239.81548768279941,4388.884043249478,525.526637569638,89218,8.8,36.1
20107,KS-Linn,1339.6,72.56016721409375,0.5144901612421617,0.4855098387578382,240.07165443415943,4532.84565002986,529.4117673335325,59069,8.4,22.7
20145,KS-Pawnee,1280.8,73.38382261086821,0.5441831980012491,0.4558168019987508,207.5265430199875,8992.973157838851,667.2392081043098,63517,11.5,18.0
20169,KS-Saline,9359.8,72.58099532041282,0.5548769033526357,0.44512309664736427,211.1797369046347,5511.015196181542,595.2263826962115,65422,11.9,29.1
20199,KS-Wallace,331.8,75.0,0.5328398432790837,0.4671601567209162,260.3978009644364,10355.635925617842,555.7564813140445,63207,12.3,24.5
21059,KY-Daviess,11893.8,72.13449023861172,0.543758186618238,0.4562418133817619,206.89773000050445,4709.546149760379,535.6908588962317,68214,14.7,26.2
21085,KY-Grayson,3386.2,71.11824464000945,0.5137578760852873,0.4862421239147126,237.49336583190598,5779.398737877267,698.9545875967161,50757,20.1,16.1
21115,KY-Johnson,2546.2,68.38111695860498,0.49579414028748725,0.5042058597125129,268.32140668447096,5757.756694603723,765.4544097164402,44904,22.8,16.8
21129,KY-Lee,697.2,68.88353413654619,0.5048924268502581,0.4951075731497418,286.5748472461274,2857.7165945496267,670.1089777108434,37568,27.4,9.2
21143,KY-Lyon,1314.6,71.7360413814088,0.5140557431918454,0.4859442568081545,219.38230126274152,4618.591220964552,566.5601540392514,65066,9.5,16.5
21159,KY-Martin,1141.0,66.43400525854514,0.4389327607361963,0.5610672392638038,247.15160867659947,4351.796663418055,769.5004279579316,37042,33.2,10.2
21147,KY-McCreary,1675.6,68.04070183814753,0.47396819049892575,0.5260318095010743,231.9169476605395,3243.8529438887563,625.4475747314395,33750,38.9,8.5
21181,KY-Nicholas,794.4,71.06847935548842,0.531465055387714,0.46853494461228595,196.87815382678752,5272.910391137966,618.8318189325278,59531,17.6,9.8
21201,KY-Robertson,275.8,70.09934735315446,0.4851422770123278,0.5148577229876723,186.36692081218274,4210.297327338651,534.4452312545324,51830,21.1,13.8
22059,LA-LaSalle,2122.2,72.14814814814815,0.544540684195646,0.455459315804354,311.84621091320327,6335.689391857506,818.7729619168788,68497,16.0,13.1
22121,LA-West Baton Rouge,1423.4,70.35464381059435,0.531544414781509,0.468455585218491,221.58212547421667,3686.946745440495,517.4933383448082,87299,12.9,23.3
25009,MA-Essex,99682.8,72.97065893012636,0.5676795599642065,0.4323204400357935,264.0094423346856,7364.448057325636,606.9050778627808,101883,9.4,43.0
24013,MD-Carroll,25979.4,73.58984426122235,0.5656457554831904,0.43435424451680943,201.96772856724945,1805.3842677321263,480.15734706344256,118211,5.2,40.7
24031,MD-Montgomery,113326.4,75.19589963150686,0.5841183524756809,0.4158816475243191,169.83332137101328,1556.6911276583392,434.8695302413206,132450,7.5,60.6
23027,ME-Waldo,4994.2,71.3615393856874,0.5118718873893717,0.4881281126106284,151.93623149653598,9437.827878214728,589.0432911617476,72782,12.0,34.4
26007,MI-Alpena,4974.2,71.51051425354831,0.5334300269390052,0.46656997306099474,197.70011892163566,6464.034407072495,636.5646719472478,53950,18.0,18.3
26015,MI-Barry,4711.2,71.93976057055528,0.5115026532518254,0.4884973467481746,198.0387069706232,6749.320750870267,601.4178935982341,77500,8.4,24.9
26019,MI-Benzie,2546.4,72.3554822494502,0.5204285186930568,0.4795714813069431,193.92081792334278,6746.072874630851,563.4621362629596,74834,9.7,36.9
26021,MI-Berrien,17180.4,73.36234313520058,0.5470562478172801,0.4529437521827198,193.44135354939348,5690.007227981886,567.7050766058998,65425,15.1,30.9
27011,MN-Big Stone,855.8,74.0,0.5354028277634961,0.4645971722365038,167.09510299135312,12268.754396167327,430.94180303809304,70400,12.9,25.7
27079,MN-Le Sueur,1683.0,71.3612596553773,0.5183584789067143,0.4816415210932858,205.70410108140226,5170.766514367201,667.3796814022578,94968,6.4,26.3
27097,MN-Morrison,3392.4,71.56426128994222,0.5360362928899893,0.4639637071100106,179.9316192076406,8690.425653236647,614.1374933439453,69446,11.0,18.9
27103,MN-Nicollet,3409.2,73.0,0.5460683210137276,0.45393167898627246,210.84124419805232,5274.257896362782,609.6445001290625,79756,8.0,36.1
27149,MN-Stevens,918.2,73.19908516663037,0.5358111958179046,0.4641888041820954,210.1938719886735,11108.255301110868,533.6527836636899,75733,11.1,31.2
29029,MO-Camden,7812.0,72.55931899641577,0.514144672299027,0.48585532770097284,177.62417914746544,6138.453635450589,526.0880758704558,66387,12.6,26.2
29031,MO-Cape Girardeau,11805.2,72.96526954223563,0.5588725832683903,0.4411274167316097,184.54579241859514,5715.125548602311,537.458061511876,68464,13.9,33.1
29033,MO-Carroll,1535.2,73.56539864512767,0.5329605002605523,0.4670394997394477,228.89525915841585,9702.058347941636,688.3793603569567,62154,13.7,19.3
29035,MO-Carter,943.8,70.92752701843611,0.5075433354524264,0.4924566645475737,210.00212466624285,3485.696114282687,547.7855392244119,50000,20.8,10.1
29049,MO-Clinton,2772.0,73.0,0.5367142135642136,0.4632857864357865,247.83549054834057,6481.74603051948,546.8253862698413,70627,12.3,22.1
29073,MO-Gasconade,1879.6,73.0,0.5461925516067249,0.45380744839327514,213.13046674824432,5706.001280219196,546.924895020217,64232,12.6,18.1
29083,MO-Henry,3295.8,72.12767765034286,0.5357213787244371,0.46427862127556285,262.39454112506826,9382.729557272893,607.0756973117301,57926,14.3,16.3
29111,MO-Lewis,1653.0,73.183908045977,0.5410683000604961,0.45893169993950395,246.58198289171202,2470.4174302601327,501.2704461222021,59934,12.7,16.8
29115,MO-Linn,2267.2,73.0,0.5463144142554693,0.4536855857445306,225.5645797900494,6707.215938099859,623.6767784668313,61635,13.7,19.2
29137,MO-Monroe,1502.0,73.0,0.5282640213049268,0.4717359786950733,238.34884304926766,4018.5086331424773,507.05728640479356,54516,14.2,18.9
29171,MO-Putnam,978.0,73.0,0.5255808588957055,0.47441914110429445,207.77094680981594,5851.942734601227,542.7402784049079,63510,15.5,22.6
29205,MO-Shelby,1185.4,73.58393791125359,0.5280759574827062,0.4719240425172937,208.19975785388897,3956.6391067150325,488.442721224903,51594,15.9,18.5
29225,MO-Webster,2656.0,70.77334337349397,0.5215520858433735,0.4784479141566265,222.51506620481928,4463.704817236446,469.1265034036145,71155,15.2,18.3
28061,MS-Jasper,2220.6,71.70422408358101,0.5409204359182203,0.4590795640817797,245.60928969647838,5923.534178393227,609.3848490768262,48660,19.4,12.2
28139,MS-Tippah,3924.2,70.66831456092962,0.5452682584985474,0.4547317415014525,247.43899180979562,3791.396954701595,685.235206763162,52542,18.9,17.9
30011,MT-Carter,312.0,74.39807692307693,0.5172898076923077,0.48271019230769235,191.66666916666668,7137.820496153846,414.1025481410256,54167,15.4,20.7
30069,MT-Petroleum,99.4,72.59557344064386,0.44064828973843057,0.5593517102615694,179.0744378269618,5790.7444503018105,490.9457058350101,60208,8.1,30.8
30075,MT-Powder River,372.8,73.59388412017168,0.507517381974249,0.49248261802575105,135.72962816523605,3944.742512392704,348.1759627682403,67045,8.1,26.1
30085,MT-Roosevelt,1541.0,72.0,0.5201733549643089,0.47982664503569106,210.2530832576249,7178.195967657365,863.4652940298507,57063,30.4,21.2
37043,NC-Clay,2562.6,72.58869897760087,0.5279933895262623,0.47200661047373765,145.32114165300865,3796.2225765550616,470.8499119019746,56971,12.9,31.8
37063,NC-Durham,23227.0,72.75525035519009,0.5754852731734619,0.4245147268265382,203.35815558703231,4234.322142304215,513.824437848194,82316,11.5,55.2
37077,NC-Granville,5570.2,70.9354421744282,0.5207065275932642,0.4792934724067359,223.69033622850162,3540.985959678288,603.1740166098166,71111,15.2,25.2
37089,NC-Henderson,19324.0,73.9735561995446,0.555472913475471,0.4445270865245291,169.8613130718278,7178.286074041606,471.36205527530535,68187,11.6,36.5
37097,NC-Iredell,16171.0,72.56454146311297,0.5390520845958816,0.46094791540411845,207.02490471832292,3190.1675683173585,526.5970190860182,81419,10.0,34.1
37101,NC-Johnston,16989.0,71.55800812290306,0.5396119159456119,0.46038808405438814,235.7760851315557,2689.328399509094,628.159365629525,83384,10.6,28.9
37161,NC-Rutherford,8306.4,72.1045699701435,0.5385067417894636,0.4614932582105364,212.72755195993454,3580.4199045747855,624.2897055932774,51410,16.8,21.5
37171,NC-Surry,6399.4,71.54373847548207,0.5340879894990156,0.4659120105009845,238.2098399818733,8197.924820173765,629.4652767978248,55656,16.8,20.4
31115,NE-Loup,144.4,73.52770083102493,0.49999044321329644,0.5000095567867037,147.89915731092438,6259.002759833796,314.4044293628809,71667,6.9,27.2
31119,NE-Madison,4490.8,73.0,0.5559445844838337,0.44405541551616645,193.50675474748374,4335.352290211098,476.84153222143044,63128,13.1,23.7
31149,NE-Rock,331.0,73.19154078549849,0.5329555891238671,0.46704441087613296,195.7704127492447,10114.803619456194,342.5981908157099,58125,10.8,27.1
31175,NE-Valley,839.4,74.0,0.5225223254705742,0.47747767452942586,180.84345987610197,8190.374067167024,458.4226796283059,61852,9.3,25.3
34013,NJ-Essex,50203.0,73.37705316415354,0.5726129964344759,0.427387003565524,248.88950227994343,3126.5023933187263,536.5615730024102,80789,14.6,39.1
34019,NJ-Hunterdon,16325.2,73.60179354617401,0.5428718925342415,0.45712810746575844,234.48413040575306,4356.271299873814,481.25597677455715,141715,4.0,57.4
34039,NJ-Union,40005.6,74.0,0.5664011593376926,0.43359884066230725,214.51996348861155,3200.3169719934212,464.12501772551843,103202,9.2,38.9
35006,NM-Cibola,2326.6,71.75964927361815,0.5314161093441073,0.4685838906558926,200.55017630877674,4379.008011665091,581.0195302931315,50759,28.4,17.0
36017,NY-Chenango,4839.4,71.93916601231558,0.5131037649295368,0.4868962350704633,213.86950945985043,9396.702073513246,684.3823634293507,62948,11.8,19.6
36083,NY-Rensselaer,12763.6,71.37751104704002,0.5463479958632361,0.4536520041367639,232.48927000846157,5398.398582412485,554.5143928358771,87915,11.8,37.6
02013,AK-Aleutians East,123.6,72.18608414239482,0.4692692556634304,0.5307307443365696,187.7022779935275,4870.550148381877,147.24919385113267,65365,13.2,18.3
02020,AK-Anchorage,36450.0,71.20961865569274,0.5258114628257887,0.4741885371742112,179.02331098161864,2846.4471766057613,562.6666847275719,103284,8.9,38.7
02150,AK-Kodiak Island,1641.0,71.81316270566728,0.503698537477148,0.4963014625228519,145.64289880560634,4146.25227635588,438.14744731261425,86250,8.7,28.7
02170,AK-Matanuska-Susitna,15269.0,70.81702796515816,0.5103508992075447,0.4896491007924553,160.665407297138,2097.6226171943154,516.2486162040736,94031,10.0,24.4
01007,AL-Bibb,1460.4,70.10572445905231,0.5302622843056697,0.4697377156943303,270.8846880580663,3272.2542019857574,653.656538318269,52541,22.5,11.7
01027,AL-Clay,1487.2,72.33378160301237,0.5341522189349113,0.4658477810650888,224.71759498386228,3841.1780694190425,550.8337787789134,55250,17.6,14.7
01033,AL-Colbert,6832.4,72.34052455945202,0.5546743223464669,0.44532567765353315,257.94744432117557,2871.2311945407178,622.5923560418008,60628,17.4,21.7
01035,AL-Conecuh,1604.6,70.53944908388384,0.5245963230711703,0.4754036769288296,338.5267343512402,3369.06395197557,722.5476641779883,41327,27.8,13.4
01049,AL-DeKalb,7431.2,71.51100764344925,0.5384957611152976,0.4615042388847023,219.58768252772094,2908.4670081225104,540.0204558913769,51204,22.4,14.1
01073,AL-Jefferson,39197.8,71.72499477011465,0.5553158121119043,0.4446841878880957,255.6266020909337,3209.0780657853247,595.1150428319957,66388,15.7,36.2
05043,AR-Drew,2394.2,72.11352435051374,0.5415515996992731,0.45844840030072675,313.84176212513574,4345.752237131401,592.34817255033,42824,22.4,25.6
05093,AR-Mississippi,4039.2,70.08457120221826,0.5447216379481085,0.45527836205189154,280.20400518914636,4196.62307150921,692.2162691622103,52548,21.1,13.7
05119,AR-Pulaski,44009.0,71.95132813742643,0.5661210625099412,0.43387893749005885,217.02379809902519,4163.966458752528,531.6276053275467,62873,16.7,37.9
04001,AZ-Apache,8323.8,71.76597227227948,0.5316343977510272,0.4683656022489729,277.66164029649923,6758.115264864606,452.89411361157164,41438,30.5,16.6
04007,AZ-Gila,10737.8,73.56350462850864,0.5204119875579728,0.47958801244202726,177.26164524762982,3639.292973117399,526.327563551193,61986,16.9,18.7
06021,CA-Glenn,5103.0,72.38506760728983,0.5263628022731727,0.4736371977268274,254.36016734077995,4881.951784918675,681.3639181422692,67139,16.0,15.1
06037,CA-Los Angeles,549735.4,73.0,0.5552299827880831,0.4447700172119169,251.35147483407474,2817.3084761997134,521.4606757379642,90112,13.7,36.0
06047,CA-Merced,27498.4,72.0,0.5359168278881681,0.464083172111832,215.83802527710705,2351.0895265870017,646.7939932686993,65510,19.1,15.3
06089,CA-Shasta,40415.4,71.58478203852987,0.5325977736209464,0.46740222637905354,194.23290025386362,2162.784490172063,570.4953858633096,72636,13.3,23.8
08027,CO-Custer,1138.8,71.78644186863364,0.4741674394099052,0.5258325605900949,129.25885221285563,3309.2729258693357,287.67123507200563,72674,12.7,43.7
08045,CO-Garfield,7279.0,72.77293584283555,0.5222637450199203,0.47773625498007977,142.05247059760958,6705.728805904658,476.4115814974584,91131,8.2,33.6
08069,CO-Larimer,33622.8,73.19724115778578,0.5415361112102502,0.4584638887897498,142.79596274670757,5581.66482349834,496.13954280845144,93765,11.2,53.0
08081,CO-Moffat,1933.8,71.94580618471403,0.4962358878891303,0.5037641121108699,168.89025069810737,5897.81777027614,578.6534309235701,73849,8.4,19.4
08087,CO-Morgan,3360.8,73.36866222328017,0.5329481432992145,0.46705185670078553,199.83336172339918,7305.105946709117,678.3504021959058,73278,14.3,17.8
39011,OH-Auglaize,6465.0,73.19758700696056,0.5420225645784996,0.4579774354215004,244.8569215034803,7350.3480225336425,565.0734665027069,78660,7.1,21.6
39037,OH-Darke,7040.8,73.18952391773662,0.5379370923758664,0.4620629076241336,206.1129288291103,4416.856035839677,637.3139339989773,64486,11.0,16.5
39101,OH-Marion,6688.2,71.1293322568105,0.5286591698812836,0.4713408301187166,286.74381695822495,6337.460008301187,679.1961960677014,59371,16.6,14.7
39103,OH-Medina,16646.0,73.0,0.5356286843686171,0.46437131563138284,237.2582116712724,8380.607970976811,574.6846220725699,94968,6.3,36.2
39137,OH-Putnam,4755.0,73.39541535226078,0.5300286940063091,0.46997130599369086,235.16297102839115,5811.735019676131,575.7728609589906,84928,5.5,26.4
40063,OK-Hughes,1896.8,72.36261071277941,0.5308779207085618,0.46912207929143823,263.28552858498523,5747.680301729229,711.9358925453395,51581,20.2,16.0
40079,OK-Le Flore,6955.8,71.35854969953132,0.5426403059317404,0.45735969406825955,259.06436771615057,5063.486574513356,674.0562090140602,51565,19.4,15.4
40087,OK-McClain,5407.0,72.38960606621046,0.5355020602922138,0.4644979397077862,205.58532670242275,5039.985193020159,598.8163525614943,84552,8.5,28.7
40113,OK-Osage,5337.2,71.50824402308326,0.537904365584951,0.46209563441504914,234.91719306003148,3783.2571472082736,628.2320288128607,62847,13.1,22.7
40125,OK-Pottawatomie,8619.2,71.95774549842213,0.5432166001485056,0.45678339985149435,203.31354838036012,7585.460353545572,700.9931190481716,61398,15.9,20.4
40133,OK-Seminole,3116.6,70.70641083231727,0.5275830584611435,0.4724169415388565,269.39615305781945,6347.94325835205,854.5209435153693,48062,21.7,15.9
40137,OK-Stephens,8086.4,72.38481895528294,0.5562478729719035,0.4437521270280966,241.76394550603482,5608.651587450534,750.8408917021172,61620,18.0,20.6
41011,OR-Coos,15259.8,71.57483060066318,0.5255082347081875,0.4744917652918125,186.0181697414121,4303.752346957365,636.9153060721636,62143,16.1,22.6
41039,OR-Lane,32026.6,71.36602074525551,0.5258326690938158,0.4741673309061843,158.48699555869183,3111.2762431965925,536.9411490848232,71544,15.3,34.0
41043,OR-Linn,10966.8,70.37558813874604,0.5177251395119816,0.48227486048801843,158.9889482364956,6456.19506433782,617.0441909180436,76329,13.0,21.6
42001,PA-Adams,14452.6,73.387944037751,0.5462368321270913,0.45376316787290866,205.208748865948,7364.446536922076,540.3318501805904,84092,8.2,25.8
42027,PA-Centre,9760.4,72.76404655546904,0.5559797200934388,0.44402027990656123,209.37666656899307,5923.71216503422,549.0349040346708,74291,16.3,46.2
42053,PA-Forest,694.8,72.11686816350029,0.48501986183074264,0.5149801381692573,222.2222376799079,6318.652833851468,584.6286678180771,52191,11.9,12.3
44001,RI-Bristol,4562.0,74.16058746163964,0.5481216264796143,0.4518783735203858,209.4256934590092,5257.825521784305,461.9464979570364,114490,6.5,53.0
45039,SC-Fairfield,2746.4,71.56765219924264,0.5301378022138072,0.4698621977861928,203.8304856466647,2400.305843023594,610.3990732522575,47885,15.6,15.2
45073,SC-Oconee,12730.6,73.1898732188585,0.5288947166669284,0.47110528333307156,181.38973139364995,3227.986119548175,509.57537388968314,62388,17.6,28.7
46013,SD-Brown,6087.8,73.0,0.55502247774237,0.44497752225763,214.36316044219586,10530.865019567003,565.2945205164427,70898,11.7,33.8
46015,SD-Brule,811.2,72.19699211045365,0.5157810404339249,0.48421895956607497,186.6371006903353,8151.380641691322,535.0098568540434,73720,10.7,28.7
46019,SD-Butte,1345.6,71.3788644470868,0.5130721759809751,0.48692782401902496,138.97146076099884,9102.705093489893,426.1296155618312,75652,8.6,19.9
46025,SD-Clark,426.6,73.17065166432255,0.5424350679793718,0.4575649320206282,185.65400154711674,4271.448658040319,420.5344676511955,70726,10.9,19.7
46103,SD-Pennington,17757.2,71.58200617214426,0.5161984716058837,0.48380152839411616,180.23113068952313,5828.295005774559,419.8860205741896,74517,11.2,34.6
47009,TN-Blount,14520.0,72.77421487603306,0.5448553553719009,0.45514464462809917,200.4683155413223,5782.906322418733,470.35811121074374,77365,8.4,28.6
47033,TN-Crockett,1940.4,73.36631622345908,0.5543014739229024,0.4456985260770975,200.78334576376005,2298.082867037724,477.83962065553493,62165,14.5,16.6
47035,TN-Cumberland,12341.8,73.56808569252459,0.5336052504496913,0.46639474955030874,205.25369729537022,3307.2161339091545,463.17390951400927,60375,14.4,19.1
47053,TN-Gibson,6836.2,72.96146982241596,0.563819768292326,0.4361802317076739,216.05571869752202,2484.625927509435,588.7481270822972,62755,13.7,20.5
47103,TN-Lincoln,4053.6,73.37033747779752,0.5554529504637852,0.44454704953621477,218.17644416814684,3770.2782791444647,617.3278062857707,64667,12.9,20.6
47115,TN-Marion,3155.6,72.35454430219292,0.5267419381417163,0.4732580618582836,221.5109570858157,2630.4347922170114,629.864356952719,61824,16.3,17.1
47123,TN-Monroe,5200.6,72.18797831019498,0.5285449140483791,0.471455085951621,200.16920767219165,4575.4336246202365,520.8245326923817,56895,15.5,17.1
48039,TX-Brazoria,22022.8,72.0,0.5405904081224912,0.4594095918775088,246.06317128248904,4451.1597298309025,610.4309946192128,97993,7.4,33.1
48175,TX-Goliad,1009.6,73.56398573692552,0.5223843898573692,0.47761561014263076,214.93661685816167,4368.066573791601,612.9159971275752,59359,13.0,21.4
48185,TX-Grimes,3036.4,72.0,0.5062930114609406,0.4937069885390594,240.81146565011198,5038.795933085232,619.4836002239496,69803,14.6,19.7
48223,TX-Hopkins,4790.4,73.3681947227789,0.5452154600868404,0.45478453991315965,229.0414420632933,6293.545437057448,698.8560627755511,70888,11.9,21.9
48301,TX-Loving,12.25,76.06122448979592,,,,,,51250,6.1,0.0
48319,TX-Mason,898.2,74.79336450679136,0.5212849254063683,0.4787150745936317,169.6726945223781,2995.101309752839,529.0581019372077,74180,7.0,38.8
48309,TX-McLennan,20112.6,72.36826665871145,0.5443693545339737,0.4556306454660263,223.16358817557153,5102.771384264591,521.5934480196495,66643,16.6,28.7
48387,TX-Red River,2062.0,72.76973811833172,0.5297966440349176,0.4702033559650824,239.47624274490784,2045.295822017459,583.9961278079535,48491,15.6,15.4
48405,TX-San Augustine,1346.8,72.35506385506386,0.4950832937332938,0.5049167062667063,267.1517704484705,3349.7178516335016,761.8057738936739,50408,27.1,13.8
48427,TX-Starr,2573.6,73.0,0.5462890658999067,0.4537109341000933,339.21356200652787,3510.8019977618897,710.7553489664283,37639,33.5,13.6
51007,VA-Amelia,1859.6,72.78317917831792,0.5300236502473651,0.469976349752635,240.48182144547215,2877.3930013336203,646.6982282318778,76717,9.7,18.6
51017,VA-Bath,1017.0,73.79587020648968,0.5182031268436578,0.4817968731563422,195.6735634414946,5651.13078906588,676.4995061750246,56184,23.8,16.7
51027,VA-Buchanan,2753.2,68.68582013656835,0.5084276696208049,0.4915723303791951,238.34083223158504,4571.044615153276,745.3145313453437,42886,25.2,11.5
51071,VA-Giles,2765.8,72.73288017933328,0.5514694554920818,0.4485305445079181,232.41017810398435,4681.032608612336,738.3035605611395,65691,9.3,17.6
51081,VA-Greensville,1089.4,72.12006609142648,0.5434324765926197,0.45656752340738027,231.87075959243617,3331.37506416376,709.7484960895906,54668,14.3,14.7
51111,VA-Lunenburg,1926.0,73.10290758047768,0.5412415784008308,0.4587584215991693,224.610590145379,3851.9210511214956,628.3489212772586,54842,15.9,11.6
51690,VA-Martinsville City,1956.4,72.13361275812717,0.5668723778368432,0.4331276221631568,239.72602688611738,4125.843391668371,672.766280310775,46727,23.5,22.1
51165,VA-Rockingham,13292.6,73.96456675142561,0.5437478567022253,0.4562521432977747,196.3348017016987,6099.544110301973,563.9980295758543,80693,9.8,29.0
53065,WA-Stevens,9129.6,72.36312653347353,0.5049767481598318,0.49502325184016827,129.14036042762007,3702.9223648615493,572.5114002059236,69327,12.0,22.2
53067,WA-Thurston,30496.8,72.15707221741297,0.5373352253351171,0.46266477466488287,156.04261550261012,2788.3515692052933,438.77390146966235,96563,9.5,38.5
55047,WI-Green Lake,1832.8,72.0,0.5197698057616762,0.48023019423832386,167.8306566783064,5069.29288838935,554.5613116542995,68196,13.8,22.8
55049,WI-Iowa,3216.0,70.80398009950248,0.5174974067164179,0.4825025932835821,163.68159802238807,6293.718899371891,580.1616584577115,82182,7.6,28.4
55055,WI-Jefferson,9746.2,71.18840163345715,0.5339479551004495,0.4660520448995506,176.21225831400955,7440.787179815724,612.484845810675,83750,8.1,28.5
55137,WI-Waushara,2346.2,70.56457250021312,0.4979211661409939,0.5020788338590061,171.42612168613078,5275.850313264002,560.821755792345,67107,10.9,17.7
54069,WV-Ohio,4601.0,71.95644425124974,0.5394394131710498,0.46056058682895024,249.85874757661378,7688.7632931015,626.124748663334,57094,17.7,33.9
56009,WY-Converse,2568.0,72.19345794392524,0.5105089797507788,0.4894910202492212,193.38006615264797,5980.218045007788,552.8037313862928,81558,10.6,24.9
56043,WY-Washakie,1737.0,73.57156016119747,0.5133025446171561,0.48669745538284404,174.32355508347726,5738.284405434658,645.5958582843983,65714,8.8,23.5
13011,GA-Banks,1605.6,71.36808669656203,0.5274973094170404,0.47250269058295963,216.36771792476333,2762.954663739412,545.216721350274,77063,11.3,18.6
13051,GA-Chatham,22837.4,72.78198043560126,0.5483782558434848,0.4516217441565152,219.06171278954696,2994.762951707288,552.4884675794967,71097,14.3,37.7
13073,GA-Columbia,14077.8,72.39305857449317,0.5396387617383398,0.4603612382616602,181.05102032561908,3001.6621798960064,382.0625119336828,95592,7.5,38.5
13113,GA-Fayette,12656.8,74.0,0.5501475681056824,0.4498524318943177,189.49497341824156,2809.8097353580683,415.1760532456861,111978,5.6,49.9
13115,GA-Floyd,9880.8,72.1141000728686,0.5422278722370658,0.4577721277629342,290.2599061776374,3195.449744486277,680.6938802202252,65565,16.0,25.9
13127,GA-Glynn,10754.2,73.38347808298153,0.5467131316136951,0.4532868683863049,230.19841635826003,3079.857172680441,486.1728416395455,69799,16.1,32.4
13135,GA-Gwinnett,41718.6,72.37691581213176,0.5539910322973445,0.44600896770265547,211.11926419247052,2954.0204974203352,458.9080293260081,87890,10.8,39.0
13149,GA-Heard,899.6,70.44019564250777,0.5044684526456202,0.49553154735437976,257.8923832814584,2626.9453133614943,659.8488088483772,65868,17.9,12.8
13165,GA-Jenkins,621.8,71.60662592473464,0.5175154068832423,0.48248459311675773,226.76102984882598,4383.724672177549,762.6246203924092,44389,22.9,10.3
13175,GA-Laurens,4683.4,71.71674424563352,0.5380625016014007,0.46193749839859927,238.20303969765556,2582.6963330571803,591.365235717641,55010,22.6,19.1
13219,GA-Oconee,4029.4,73.59204844393706,0.5435632898198244,0.45643671018017573,196.75385944309326,4324.217011584851,419.9632720653199,121217,6.2,55.9
13245,GA-Richmond,14898.4,71.11503248670998,0.5457898163561188,0.4542101836438812,205.5388522015787,3556.4355829968317,456.2771511813349,55637,20.0,24.5
13263,GA-Talbot,592.0,71.71317567567567,0.5246593243243243,0.47534067567567573,204.72974358108107,4333.445938547297,521.9594663513514,41597,25.2,12.1
13283,GA-Treutlen,490.2,71.39861281109751,0.5328473276213791,0.46715267237862096,230.51815720114237,2902.4887822521423,606.2831449204407,55518,13.8,11.9
19037,IA-Chickasaw,2265.2,74.0,0.5352223026664313,0.46477769733356866,178.96877104008476,9957.35477645241,520.7487199099418,75675,8.8,21.2
19097,IA-Jackson,2747.6,71.37429028970737,0.5164726233804048,0.4835273766195953,179.8660817222303,4835.856743972922,552.7005231693114,74186,9.7,19.5
19129,IA-Mills,2290.8,71.96228391828183,0.5183291863104592,0.4816708136895408,227.60607297887202,5680.024427588614,511.8735974681335,90753,8.2,31.0
16005,ID-Bannock,8072.4,70.74153907140379,0.5265432436450127,0.47345675635498746,184.38134499281503,5184.852084549825,510.15807889599125,66499,12.3,30.6
16007,ID-Bear Lake,1392.6,72.19919574895879,0.5006510843027432,0.49934891569725687,164.87146112307914,6344.8226151946,445.0667648427402,75260,7.0,21.6
16053,ID-Jerome,1900.6,71.36335893928234,0.4968076502157213,0.5031923497842786,182.36347962748607,7843.417861443754,520.1515180048406,71724,12.6,14.0
17011,IL-Bureau,5847.4,73.78195437288367,0.5450119916544105,0.45498800834558956,172.65795062420904,8388.753963618017,570.0995333857783,69257,10.8,21.7
17017,IL-Cass,1597.8,72.57441482037802,0.5193227312554763,0.48067726874452366,206.78433016647892,4992.990335361122,635.7491647264989,68125,11.1,20.8
17023,IL-Clark,2315.2,73.32947477539737,0.5430199291637872,0.45698007083621284,262.0939898669661,5542.50173551313,586.385614806496,72927,9.1,24.9
17025,IL-Clay,2625.6,72.77909811090798,0.5353294256550885,0.46467057434491166,247.48630025137115,7523.004237522852,861.8982320688604,60417,17.5,13.1
17069,IL-Hardin,773.8,71.3383303179116,0.5456254587748772,0.4543745412251228,339.364160790902,7792.969754225898,1149.6510624450761,54271,11.0,13.3
17119,IL-Madison,26063.2,72.3294913901593,0.5521947120844716,0.44780528791552837,255.248783314405,5270.419605186624,684.2060702431014,75793,11.1,31.0
17121,IL-Marion,7019.4,71.77394079266034,0.5331315012679146,0.4667252186796592,299.1423754907827,6333.390327298631,734.165321463373,61240,15.4,16.8
17149,IL-Pike,2657.4,73.76676450666065,0.5352808534657937,0.4647191465342063,261.38331158275,3793.783377429066,679.9879514638368,59777,14.8,18.5
17151,IL-Pope,787.4,71.54127508255017,0.5128312674625348,0.48716873253746507,222.75845857251716,5419.608834315469,749.5554946151892,60050,13.3,15.7
17157,IL-Randolph,3888.2,73.31551874903555,0.5533225862867137,0.4466774137132864,243.55742536392162,7520.703673705057,674.4509198703771,68131,14.6,15.2
17169,IL-Schuyler,1112.2,73.58065096205718,0.5195131091530301,0.48048689084697005,180.36323731343285,6613.558694281604,570.9405050350657,65948,20.8,19.1
17185,IL-Wabash,2280.2,73.16937110779756,0.5364354881150776,0.46356451188492237,233.22514795193402,9448.557137900185,694.0619196210858,57086,16.7,18.6
17187,IL-Warren,2506.0,73.33607342378292,0.528089489225858,0.4719105107741421,230.3272121548284,5497.685577023143,594.094176632083,67385,14.6,22.0
18025,IN-Crawford,1504.0,71.11502659574468,0.5037335239361702,0.49626647606382984,204.78724208776597,4936.702123085106,571.1436174734042,49640,22.9,11.4
18033,IN-DeKalb,3230.2,70.5558788929478,0.5410710358491734,0.4589289641508266,229.1499041978825,6108.414345508018,623.8623125069655,74331,9.5,20.2
18049,IN-Fulton,2316.6,72.14495381162048,0.5372638953638953,0.4627361046361047,202.6245357938358,6895.363887179487,572.9085473538807,61360,15.3,16.9
18097,IN-Marion,62222.6,70.55286342904347,0.561284789128066,0.438715210871934,249.58135569326902,5175.547146890036,648.7096401333278,66346,15.3,34.8
18103,IN-Miami,4253.2,72.36386720586852,0.5383248753879433,0.46167512461205684,221.71542262766857,5812.658692241137,606.4610208689927,61139,15.1,16.1
18133,IN-Putnam,3901.0,72.0,0.5368440553704178,0.46315594462958215,209.07462894642396,5911.612409792361,640.9125861009998,78378,8.7,20.2
18157,IN-Tippecanoe,14905.4,72.57194037060394,0.5633051229755659,0.4366948770244341,231.52682857622068,4471.386199726274,564.2384718357105,60636,19.2,40.5
18159,IN-Tipton,2018.4,73.37485136741974,0.5559931430836306,0.4440068569163694,237.11850592548555,6744.847400792706,642.1918521601268,76156,11.2,23.5
20059,KS-Franklin,3898.8,73.16538422078588,0.5499020262644917,0.45009797373550836,245.51141780547857,6820.149783128142,663.5374927721349,77207,8.7,24.6
20061,KS-Geary,3115.4,71.18475958143416,0.5463801373820376,0.4536198626179624,186.30031480387748,4357.7710783334405,568.9157145727675,59317,18.0,26.2
20067,KS-Grant,958.2,72.38530578167398,0.5399727196827385,0.4600466499686913,233.77165612606973,5940.095995929869,647.6727415362137,66476,9.3,25.1
20075,KS-Hamilton,354.8,74.0,0.5372105411499437,0.4627894588500564,263.2469002818489,7990.9808456595265,598.0834173055242,70250,7.0,20.5
20129,KS-Morton,487.8,73.5789257892579,0.5383451004510045,0.4616548995489955,278.3927939729397,6202.952045469455,618.2861801558016,66447,14.8,17.1
20137,KS-Norton,989.0,73.21334681496461,0.5395421031344794,0.46045789686552063,205.66228293225484,10270.576338887766,608.4934478665318,54050,7.2,22.5
20155,KS-Reno,10783.0,73.0,0.5514987906890476,0.44850120931095244,192.3397775628304,3000.445140042659,504.2937864082352,60645,12.5,20.4
21017,KY-Bourbon,1931.8,72.55305932291128,0.5474634330676054,0.45253656693239463,208.61373755047106,4154.053213769542,645.9260580080754,61354,14.2,26.3
21091,KY-Hancock,1230.2,71.95691757437815,0.4841443667696309,0.5158556332303691,212.64834691920012,4489.026171614372,547.8783694683792,65464,16.2,17.3
21093,KY-Hardin,12190.8,71.57057781277685,0.5387610558782031,0.4612389441217968,215.50675793385176,4956.327734640877,567.6411849394626,67647,13.1,24.8
21095,KY-Harlan,3085.2,67.95539997406975,0.4761435433683392,0.5238564566316609,293.7248859976663,4276.351602644885,663.8791627836121,41693,27.4,13.0
21133,KY-Letcher,2308.0,67.79220103986135,0.4676001559792028,0.5323998440207972,297.8336433102253,5516.724430571924,605.459265320624,41793,24.4,12.5
21157,KY-Marshall,5035.6,72.37159424894749,0.5222602351259036,0.4777397648740965,242.47360000397174,5222.416410048456,566.2086035864644,65831,12.3,21.2
21177,KY-Muhlenberg,3561.8,71.70099387949912,0.5422511370655286,0.4577488629344713,236.39730712561064,6161.266784698748,671.1775016733112,51927,18.4,14.7
21211,KY-Shelby,4528.0,72.57610424028269,0.5346206846289753,0.4653793153710247,209.2314644920495,3939.001796815371,541.2986016784452,82604,9.7,32.8
21225,KY-Union,1482.8,71.71756137038037,0.5175234691124899,0.4824765308875101,269.759928028055,7112.759634826004,802.1311210952252,60327,18.4,13.1
22093,LA-St. James,1400.2,71.90172832452507,0.515356206256249,0.48464379374375094,196.40052006856166,6693.758017840309,674.0465701899728,65531,11.1,19.5
22103,LA-St. Tammany,19791.8,71.3824007922473,0.5418593013268121,0.4581406986731879,234.8447347891551,8610.222425725804,601.3803592851584,81202,11.4,37.7
22111,LA-Union,3103.0,72.3760232033516,0.5276039445697712,0.47239605543022883,258.0083615726716,4812.826321011924,715.1788812826297,42885,29.4,14.8
22123,LA-West Carroll,1500.2,73.36821757099054,0.5497758032262365,0.45022419677376346,287.96159945340617,5855.2192848286895,710.1719922676976,49134,16.2,15.2
24009,MD-Calvert,13912.8,73.0,0.5518653110804439,0.4481346889195561,201.0379060864815,1660.9453148208843,565.6230132611696,133922,3.9,37.0
26045,MI-Eaton,7847.4,70.54071412187476,0.5494230267349696,0.4505769732650305,217.29490879272117,8399.393403524735,637.1027492035579,79597,8.3,30.8
26075,MI-Jackson,16479.6,70.93576300395641,0.5384907764751571,0.4615092235248428,246.54726762178694,8399.354354144518,628.8380629444889,66073,11.6,23.4
26083,MI-Keweenaw,440.0,73.16181818181818,0.48409681818181816,0.5159031818181818,174.54546786363636,6457.727267181817,504.54545063636374,52583,15.2,41.2
26095,MI-Luce,652.0,71.0,0.48467444785276076,0.5153255521472392,187.73005996932514,7608.895712116564,548.159487607362,54893,16.7,17.3
26117,MI-Montcalm,5475.6,70.33713200379867,0.5226120899992694,0.4773879100007305,227.3358040835707,6856.19843864782,742.2382771641464,67344,12.6,16.0
26131,MI-Ontonagon,1379.2,72.74666473317865,0.47883122099767983,0.5211687790023202,145.44666154292344,6827.436209976799,528.5672838892111,54398,12.5,18.4
26137,MI-Otsego,3449.6,71.36699907235622,0.517441581632653,0.482558418367347,173.469386630334,6173.933211439006,580.5890520118274,68183,8.0,26.3
27029,MN-Clearwater,926.4,71.17810880829016,0.5153391623488773,0.48466083765112267,198.40243881692572,11185.664946286703,688.6873929620033,64475,12.6,19.8
27121,MN-Pope,1801.6,72.79351687388987,0.5291853574600355,0.4708146425399644,201.931605794849,10431.838348612344,622.8907638987566,76220,9.4,23.9
27161,MN-Waseca,1966.6,72.18610800366115,0.5251810332553646,0.47481896674463536,230.44848020949863,8645.377786545307,758.7714791416657,76261,7.5,21.0
29023,MO-Butler,7100.4,70.49687341558221,0.5487416342741255,0.45125836572587463,230.66306153737818,3884.062883524872,643.2877066334291,49089,20.5,15.8
29027,MO-Callaway,4483.2,71.18147751605996,0.509715364025696,0.49028463597430416,208.51177061920055,6127.007516840649,544.5217707798001,74176,11.6,24.6
29103,MO-Knox,726.8,74.2063841496973,0.5522725371491469,0.447727462850853,250.13758651623553,3938.0847540451296,554.7606084204733,57788,11.9,15.8
28029,MS-Copiah,3165.8,71.12312843515068,0.5475964053319856,0.4524035946680144,238.3600071387959,3895.697759252006,663.8448556636552,49089,23.0,19.7
28089,MS-Madison,12803.4,73.39759751316056,0.5710219176156334,0.4289780823843667,199.46264534108127,4162.050722779886,436.77461794679533,83441,11.2,49.6
28157,MS-Wilkinson,1122.2,70.98271252896097,0.5496336838353235,0.45036631616467654,243.0939372126181,4382.997681126359,687.7562192122616,35311,27.4,8.8
30035,MT-Glacier,1598.8,70.58694020515387,0.5228986990242682,0.4771013009757318,209.03176397297975,6832.499401463597,487.36551938954216,46875,31.1,16.5
37003,NC-Alexander,3465.0,72.69171717171717,0.5384176565656565,0.46158234343434346,209.35066211255412,3266.6089601904764,488.6002715670996,65354,12.6,16.7
37015,NC-Bertie,2945.2,71.06858617411382,0.5437324052695912,0.45626759473040884,256.07767632079316,4851.487181189733,922.3142661007741,48750,16.1,19.0
37137,NC-Pamlico,2828.2,73.17488155010254,0.504152973622799,0.495847026377201,178.2759197227919,2333.4276352450324,426.5610534262075,59717,15.2,25.4
37143,NC-Perquimans,2676.4,72.77664026303991,0.5145067852338963,0.48549321476610374,197.27994913316397,4173.516685749514,678.9717551785981,67917,9.8,21.7
38033,ND-Golden Valley,381.2,74.60283315844701,0.5262123294858342,0.4737876705141658,171.56347476390343,5547.219296379853,449.1080885099685,68021,19.8,22.6
38065,ND-Oliver,282.0,72.56099290780142,0.5106237588652482,0.48937624113475175,146.0992661702128,6107.8014322695035,427.6595641843972,77240,5.2,23.0
38079,ND-Rolette,1732.2,69.5833044683062,0.5134773582727168,0.48652264172728327,264.4036413578109,8722.433909791018,570.7193383904861,59517,24.3,18.0
31075,NE-Grant,145.6,73.57005494505495,0.479385989010989,0.520614010989011,181.31868434065933,6129.120885576923,435.4395739010989,70147,12.2,28.6
31127,NE-Nemaha,1259.6,73.18640838361385,0.5503293585265163,0.4496706414734837,189.425216290886,7424.261677723087,525.4048928707526,60924,13.3,29.4
34001,NJ-Atlantic,32563.8,72.78319483598352,0.5578420110675044,0.44215798893249564,258.0902657871624,3126.1892076766226,570.8977542780633,78050,13.2,31.8
35007,NM-Colfax,2227.6,72.73639791704076,0.5054863889387681,0.4945136110612318,133.32735897827257,4028.1917775273837,547.7644185401329,53554,18.2,25.4
35011,NM-De Baca,402.6,72.1698956780924,0.5106776453055141,0.48932235469448576,161.94733661202184,2811.7237877297566,478.390457277695,,15.5,9.3
35029,NM-Luna,2623.2,73.17070753278439,0.4705179399207075,0.5294820600792924,196.0201263494968,3278.5910295516924,601.2503875571821,36419,28.6,14.6
36037,NY-Genesee,3697.8,70.73427443344691,0.5178676294012655,0.4821323705987344,271.0260227216183,7312.131547190221,636.4865679376926,73314,10.6,23.8
36047,NY-Kings,147792.8,73.96870348217234,0.583788702291316,0.41621129770868404,266.0535763303761,2956.8111677848988,526.4153597868096,80263,19.1,42.1
36049,NY-Lewis,3139.8,72.94674820052232,0.5353962290591757,0.4646037709408243,224.4091886425887,6861.838323300847,637.1106364099625,68182,12.3,18.6
36061,NY-New York,129137.6,75.3874440906444,0.5919052745288746,0.40809472547112535,225.8025539697191,4356.666079995602,515.5833719187905,103931,16.5,64.2
36077,NY-Otsego,8272.8,72.56991586887148,0.5367373972536505,0.4632626027463495,222.89913981239727,11394.134987503627,623.5132291340295,68885,12.5,34.4
36097,NY-Schuyler,1993.2,72.3662452337949,0.5302904876580373,0.4697095123419627,210.1143783062412,7728.276146498094,728.3764739815372,67663,14.8,26.4
02070,AK-Dillingham,426.4,71.20356472795497,0.4643593808630394,0.5356406191369606,222.79550666041274,6963.88366163227,90.05625131332083,78533,19.5,18.9
02164,AK-Lake and Peninsula,136.6,71.20937042459737,0.46998989751098097,0.530010102489019,193.26501918008785,4079.062964714495,153.28466076642334,65625,12.8,16.3
01017,AL-Chambers,3495.4,70.84596898781255,0.5513426503404475,0.4486573496595525,232.13364154603195,3938.3761554957946,632.4884377009785,49656,15.7,14.9
01047,AL-Dallas,3038.4,69.96175618746709,0.5360585966298052,0.46394140337019485,304.83146634412856,3011.255921274355,688.5202837480252,35627,31.0,17.5
01061,AL-Geneva,3164.2,72.08362303267809,0.5277015548953922,0.4722984451046078,228.1145292775425,3178.117694867581,674.040841552367,52771,19.2,13.2
01065,AL-Hale,1650.8,68.51417494548097,0.549066900896535,0.45093309910346496,280.1066220499152,3196.6319239277927,763.3874571359341,39250,24.6,17.6
01071,AL-Jackson,6735.2,72.31078512887517,0.5473990260125906,0.45260097398740945,219.91924151918278,3498.723133032427,543.6512677752702,51908,17.3,15.9
01083,AL-Limestone,9811.4,72.37582811831135,0.5502191308070205,0.44978086919297955,221.61976684265244,4694.702083961514,569.8676947632346,83629,10.0,30.2
01089,AL-Madison,36822.6,73.57866093105865,0.5565649443548256,0.44343505564517444,221.9886920532499,4082.5525767642703,526.7363160922911,86499,10.1,46.4
01113,AL-Russell,4917.6,69.76256710590532,0.5318498007157964,0.46815019928420365,214.8202495851635,3889.051572177485,598.584697677729,51197,22.2,18.2
01131,AL-Wilcox,1180.0,68.32627118644068,0.5013502881355932,0.49864971186440676,227.28811910169492,3606.7796745084743,824.5762713898305,40640,28.2,12.9
05075,AR-Lawrence,2399.0,72.31588161734057,0.5373118215923302,0.46268817840766985,280.2000652188412,6590.162549003751,664.9437499708213,44882,20.1,14.5
05105,AR-Perry,1580.8,72.13701923076923,0.5166971280364372,0.48330287196356275,212.80364216852226,3959.6406848304655,519.1042438006073,55764,14.2,16.5
05135,AR-Sharp,3447.2,71.55894639127408,0.5406816314690183,0.4593183685309817,240.89116086679044,5257.948468084243,596.3680440821536,44637,16.5,13.9
06001,CA-Alameda,95873.2,72.58316609855517,0.5466259442680541,0.45337405573194595,196.30302238331464,3418.369266917971,567.0573186930237,129367,9.2,52.2
06113,CA-Yolo,14008.0,72.19457452884066,0.5446913435179898,0.45530865648201024,175.69960594660196,2980.5111571801826,594.2461585094233,91752,16.7,44.8
08037,CO-Eagle,5471.0,72.59473588009504,0.4826669786145129,0.5173330213854871,114.67740319137268,4751.453115002741,336.83056001096685,104096,8.7,50.9
08089,CO-Otero,2332.6,71.81394152447912,0.5198646488896511,0.480135351110349,186.22997117379748,3731.8014305496013,650.0042850210066,54037,22.1,18.2
12059,FL-Holmes,2423.4,72.36609721878352,0.5219104563835932,0.4780895436164067,218.04076378641577,4083.766595815796,681.5218358587109,49343,14.0,12.5
36103,NY-Suffolk,198400.2,73.59488851321723,0.5563108964607899,0.44368910353921015,265.0249389392753,2941.9234468479367,543.3542904635176,130686,6.4,40.2
36123,NY-Yates,1794.0,71.35629877369009,0.5071251839464883,0.4928748160535118,199.33108241917503,8322.408022753623,664.4370234894092,69701,12.7,25.5
39051,OH-Fulton,5086.6,73.5836511618763,0.5344448275862069,0.46555517241379313,185.7429251091102,6670.192287323555,567.530384822868,72864,9.4,20.2
39115,OH-Morgan,1569.0,70.92848948374761,0.49521309114085404,0.504786908859146,224.6016386488209,5611.982165965584,540.726567903123,59351,12.9,14.4
40001,OK-Adair,2422.6,70.54173202344589,0.5247393461570213,0.4752606538429786,310.32775998513995,5955.419803137125,627.0123072896888,48041,21.5,12.3
40005,OK-Atoka,2308.0,71.54870017331022,0.5427998526863085,0.4572001473136916,314.73137539861347,3788.1282413691506,688.4748687521663,54785,17.3,16.9
40107,OK-Okfuskee,1599.8,70.54044255531942,0.5007879234904363,0.4992120765095637,284.4105542942868,6079.13488768596,646.7058277534692,48363,25.8,14.3
40111,OK-Okmulgee,4900.8,71.16376918054195,0.5463197967678747,0.4536802032321254,273.50637458374143,3825.7835288116225,765.7117174216455,54029,18.0,17.7
40149,OK-Washita,1802.2,72.78259904561092,0.5440900898901343,0.45590991010986576,206.8582872267229,4902.230626323382,689.6016061480412,63501,14.1,20.3
40153,OK-Woodward,2940.0,73.0,0.5387647074829932,0.4612352925170069,218.43537857142857,4813.8775530068015,675.9183807619048,61417,14.0,20.7
41005,OR-Clackamas,24627.6,72.19474898081828,0.5321700807224415,0.4678299192775585,158.29392491838425,4708.39222167487,498.2296291096169,103517,7.7,40.5
41007,OR-Clatsop,9551.2,72.032749811542,0.5325568347432783,0.4674431652567217,150.89202519892785,7487.875862756512,616.2157721877879,71822,12.3,28.7
42005,PA-Armstrong,4203.4,71.35804348860447,0.5106811485939954,0.4893188514060046,210.82931662939527,6418.898972036922,591.0929325260503,65008,11.8,19.0
42043,PA-Dauphin,20952.6,72.18452125273235,0.5475309460401095,0.45242830388591393,244.4183709735307,6047.784019620476,522.7322647738229,76242,12.9,34.4
42055,PA-Franklin,21030.0,73.37218259629101,0.5517514484070376,0.44824855159296245,224.14645469709936,5899.667132844508,581.7879183642416,77003,8.5,24.7
42073,PA-Lawrence,6395.2,71.74186890167626,0.5334361927695772,0.46656380723042284,228.20240859707283,5461.5336568926705,546.2534212221666,61931,11.9,23.4
45003,SC-Aiken,23366.0,72.78559445347942,0.5490313455448087,0.4509686544551913,192.79293699477876,3170.786606450398,456.55226909098695,70609,14.3,31.9
45017,SC-Calhoun,1894.0,72.35923970432947,0.524307793030623,0.475692206969377,200.42241007391763,2751.8479446040124,506.65258901795147,58682,12.9,24.5
45025,SC-Chesterfield,5350.8,71.35527397772296,0.5499406032742767,0.45005939672572326,241.5713316924572,3733.7968025603645,674.8149866225612,49235,20.3,13.6
45063,SC-Lexington,35854.6,72.9868189855695,0.5572080647950333,0.44279193520496674,193.6822404957802,2103.038398692497,444.8913183217775,77408,11.1,34.1
45085,SC-Sumter,12328.0,72.12999675535367,0.554931341661259,0.4450686583387411,212.16741408500974,3236.7942576784553,561.9889588854641,56693,16.6,23.5
46037,SD-Day,982.0,73.0,0.4936868635437882,0.5063131364562118,186.76171226069243,8429.53158556008,465.78412680244395,66033,14.8,22.0
46087,SD-McCook,785.0,73.37324840764332,0.5352740636942676,0.4647259363057325,207.6432920764331,6706.496810802548,376.05097151592355,83852,6.8,29.9
47005,TN-Benton,2640.2,72.56147261571093,0.5267730853723203,0.47322691462767974,215.1352072191501,3312.855092720248,652.8293551549126,51746,17.8,12.8
47169,TN-Trousdale,852.2,71.37854963623562,0.5454130955174841,0.4545869044825158,313.0720520300399,4030.7439638113115,649.8474479699602,72747,11.9,14.3
47187,TN-Williamson,20406.0,73.80654709399197,0.5541416955797315,0.4458583044202685,171.90042581299616,4094.7760588336764,405.4101761893561,135594,4.6,62.7
48033,TX-Borden,88.2,75.74149659863946,0.5555530612244898,0.4444469387755102,214.28570631868135,4825.396829931973,582.7664532879818,65625,7.4,36.9
48095,TX-Concho,430.4,73.58085501858736,0.5102312732342007,0.4897687267657993,251.85873020446095,6112.453521096655,789.4981450743495,65795,11.4,14.1
48125,TX-Dickens,325.2,73.15559655596556,0.5393479704797047,0.4606520295202952,202.95203628536285,4394.21895307503,530.1352967404673,49335,18.0,18.0
48151,TX-Fisher,590.6,74.0,0.5248802912292584,0.47511970877074156,224.1787788012191,6971.215725973587,796.1395207924145,65533,13.7,17.1
48165,TX-Gaines,1218.8,72.37364620938628,0.5206826058418116,0.47931739415818847,196.5867964227109,5351.0009658680665,679.3567445191992,74132,6.8,11.7
48273,TX-Kleberg,1684.0,72.5438242280285,0.5188781710213777,0.4811218289786223,238.47980814726841,2772.3277968052257,697.8622374228029,61292,28.1,23.2
48289,TX-Leon,2701.6,73.18426117856086,0.5062965946106012,0.49370340538939883,218.01892783535683,4131.921813740006,546.4909758513473,61449,16.4,18.6
48409,TX-San Patricio,4111.2,71.56212298112473,0.5147487205682039,0.4852512794317961,211.5684123759486,1473.7302936612182,595.6898070101187,69704,14.8,17.5
49005,UT-Cache,5808.4,73.18555884580952,0.5438909682528751,0.4561090317471249,181.80565067832796,4926.657965425935,559.0179589732112,81665,12.0,42.2
49007,UT-Carbon,3085.8,71.17156004925789,0.5152642945103376,0.4847357054896624,187.4392275131246,4274.742378080238,561.2807244669131,58377,17.0,18.8
49039,UT-Sanpete,3137.4,73.54720469178301,0.5323910180404157,0.46760898195958434,182.95403175240642,3695.8628377127557,511.570088302416,70083,15.2,22.9
51043,VA-Clarke,2577.8,74.0,0.547145410815424,0.452854589184576,199.31723431608347,2452.401264046862,469.4700987431143,117111,7.0,39.8
51045,VA-Craig,793.4,71.74187043105621,0.5187730274766826,0.48122697252331736,209.73028842954378,3193.0930077136377,511.7217041593143,69057,13.7,19.2
51047,VA-Culpeper,6858.2,73.38499897932402,0.5479162112507655,0.45208378874923455,172.84416989589104,5543.232904353912,624.6828785162288,100049,7.9,27.3
51590,VA-Danville City,5431.6,72.71223948744385,0.5918172435378157,0.4081827564621842,223.9487358789307,2970.1377310184844,700.3093175307461,44423,24.7,19.6
51103,VA-Lancaster,3180.8,75.57463531187123,0.5438258236921529,0.45617417630784707,177.37674666121728,4636.255016442406,565.5809799987426,69713,10.3,41.3
51730,VA-Petersburg City,3313.6,71.54496619990343,0.5854235695316272,0.41457643046837284,301.90729212940613,3174.613730589087,885.4418222899566,50698,21.7,25.4
51760,VA-Richmond City,15387.8,72.11750867570413,0.5633713877227414,0.4366286122772586,248.1965925694381,4340.62050541078,652.2180074461587,64587,18.2,45.6
51820,VA-Waynesboro City,3514.6,73.5823137768167,0.5602865759972685,0.4397134240027315,181.0732413759745,6686.052467950834,578.159694235475,59994,11.2,25.7
50003,VT-Bennington,7325.2,72.18574236880904,0.5424831786162835,0.45751682138371647,188.69109883143122,8292.934004764375,642.9039421258123,73325,11.3,41.8
50025,VT-Windham,8732.4,71.57558059639962,0.5362453712610508,0.4637546287389491,171.56797009069672,8898.3555427351,591.9793013329669,72217,11.6,44.0
53011,WA-Clark,26149.0,71.57843894604,0.5356785383762286,0.46432146162377147,187.83891501778268,3552.7706615289303,538.5062495934835,97536,8.0,33.3
53043,WA-Lincoln,2879.6,72.763300458397,0.4984038755382692,0.5015961244617307,146.54812489234618,5662.800414800667,537.644128573413,71512,12.5,24.2
53047,WA-Okanogan,8488.8,72.38033644331354,0.5007755513146734,0.49922444868532656,131.67939775940062,5103.006321904156,565.1446545683724,63207,20.7,24.7
55057,WI-Juneau,4037.2,71.5742098484098,0.5137717972852471,0.4862282027147528,172.14902384821164,8024.076092697909,612.2560311156248,67270,13.0,16.9
55059,WI-Kenosha,14744.2,71.36941983966577,0.5482215325348272,0.45177846746517275,209.37045893707358,6078.674986906038,612.0236929260319,81239,10.5,31.2
55089,WI-Ozaukee,9580.6,74.0,0.5507601361083857,0.4492398638916143,219.42256608145627,6229.630730801829,565.8935775734296,96996,5.0,51.2
55109,WI-St. Croix,8021.2,71.58716900214432,0.5283298633620905,0.47167013663790947,179.22506232483917,5727.173005906847,525.008734538473,103046,6.6,39.5
55139,WI-Winnebago,10261.6,71.0,0.5361600335230373,0.4638399664769627,196.18776004131908,4507.074923793561,595.1313834606689,74925,11.3,31.1
54039,WV-Kanawha,19715.8,70.92622160906481,0.5358017589953236,0.46419824100467644,271.71102621856585,5373.335102189107,602.3899488176995,60943,15.7,29.7
54051,WV-Marshall,3090.6,71.17562932763865,0.5325914191419142,0.4674085808580858,236.52365573027893,8153.627142503074,708.341417763541,59169,16.8,20.5
54081,WV-Raleigh,10061.0,70.3515157539012,0.5289084544279893,0.47109154557201066,283.64975383162704,3413.1199545850313,610.4761207693073,52150,22.8,22.5
54083,WV-Randolph,3731.8,72.11474355538883,0.5151834932204299,0.48481650677957017,216.0887511120639,6886.381899335441,784.9831117208854,52757,15.9,19.8
56029,WY-Park,7454.6,73.19322297641725,0.5170034421699353,0.4829965578300647,159.65981434550477,6859.361992308104,560.2714978778205,73035,8.9,36.0
56033,WY-Sheridan,6988.6,73.20656497724866,0.5267620124202272,0.47323798757977276,153.07786378387658,4970.008290258421,480.38233438456916,71388,10.2,31.1
12093,FL-Okeechobee,3893.6,72.56713581261558,0.5214695500308197,0.4785304499691802,318.5227069550031,2560.8177414372303,782.5149035802342,57984,18.0,15.8
13053,GA-Chattahoochee,271.2,69.70501474926253,0.5088525073746313,0.4911474926253687,196.90267935103245,4523.5988179941,477.13865309734507,61042,13.9,29.6
13061,GA-Clay,316.0,71.9246835443038,0.48417493670886075,0.5158250632911392,245.5696164556962,2801.898745696203,589.87342,49147,21.0,23.4
13095,GA-Dougherty,6425.4,71.75067700065365,0.5455627042674387,0.4544372957325614,237.86847695085132,3516.886100214772,530.0214777165625,49044,25.0,22.8
13141,GA-Hancock,772.2,70.34602434602435,0.4835638694638694,0.5164361305361305,214.9702082880083,2588.7075812224816,605.2835891478892,40082,30.6,10.3
13155,GA-Irwin,829.6,72.24276759884282,0.5361466489874638,0.46385335101253616,252.892987391514,4945.756984836065,669.9614112102217,51384,22.4,15.2
13163,GA-Jefferson,1418.2,71.86137357213369,0.5220630094485967,0.4779369905514032,253.70183945846847,4285.291199210266,645.1840408969116,53014,16.9,13.5
13169,GA-Jones,2436.2,72.11977670142025,0.5351036860684673,0.46489631393153275,242.50884383876527,2294.7212844840324,652.3273826451031,75500,12.1,19.9
13259,GA-Stewart,335.4,71.52593917710196,0.5151921288014312,0.48480787119856883,213.4764564698867,3314.2516549791294,480.023851222421,33250,26.4,12.7
13273,GA-Terrell,776.0,71.34484536082475,0.5121119072164949,0.48788809278350515,217.2680342783505,2938.1443132989684,451.03093559278346,46171,33.3,13.1
13275,GA-Thomas,4585.2,72.31348687080171,0.5447188257873157,0.4552811742126843,215.91205934746577,4328.317201631336,546.3229770129983,60736,17.9,22.7
15005,HI-Kalawao,,,,,,,,73750,22.7,22.4
19007,IA-Appanoose,2100.0,73.17942857142857,0.5387755714285715,0.46122442857142854,167.90477136190478,7713.238090742856,641.2380901809523,54934,17.5,20.5
19033,IA-Cerro Gordo,8626.6,73.5746180418705,0.5600011197922704,0.43999888020772965,220.38811162219184,11118.493986601907,530.4059465328171,68189,10.6,24.0
19057,IA-Des Moines,7038.0,73.37360045467463,0.5474167235009947,0.4525832764990054,201.87551808468314,10647.797665132139,677.1525827450981,62928,12.8,23.8
19123,IA-Mahaska,3038.6,74.0,0.5460361087342855,0.45396389126571457,169.68341092608438,8965.049689271373,563.417346304219,70940,12.6,24.1
16019,ID-Bonneville,11492.4,72.14399081131879,0.534044787859803,0.465955212140197,181.37205151578436,6297.587967665589,561.5885143225088,79068,9.8,33.1
16037,ID-Custer,1309.2,72.20653834402688,0.476312312862817,0.523687687137183,140.69660892147877,4365.108446486403,361.7476455087076,67574,15.8,29.3
16047,ID-Gooding,1793.0,72.78583379810374,0.5001837590630228,0.49981624093697713,185.27607074177354,7386.726138293363,592.4149422197435,63559,13.0,16.2
17055,IL-Franklin,5864.0,71.76043656207366,0.5417155184174626,0.4582844815825375,271.07777657571626,5998.431102844475,729.774908813097,56740,17.5,15.8
17061,IL-Greene,1985.2,73.34263550272013,0.5204319867015917,0.47956801329840826,238.8676116260326,6253.274238112029,680.3344821378199,62192,14.3,19.0
17101,IL-Lawrence,2591.4,72.78119935170179,0.5539736590260091,0.4460263409739909,244.19232319209695,9005.016582071466,740.1404850968588,55324,14.5,14.9
17153,IL-Pulaski,951.8,71.49611262870351,0.5265610842613995,0.4734389157386006,218.32317175877284,4325.908789325489,612.3135219583947,42463,25.0,13.0
18001,IN-Adams,3504.6,73.0,0.5542950978713691,0.4457049021286309,188.8375331107687,7977.4582024367965,549.506361182446,65289,11.2,16.2
18023,IN-Clinton,3242.0,73.34805675508944,0.5550996977174584,0.4449003022825416,237.19926984577424,5427.452165077113,674.5835711474398,65019,9.8,16.5
18067,IN-Howard,10297.2,72.55842364914734,0.5635844967563998,0.4364155032436002,227.73183167463,5224.896105836538,644.932595503632,64027,13.4,20.8
18075,IN-Jay,2466.8,72.55869952975515,0.5483202124209502,0.4516797875790497,248.90547687692558,7246.473158553591,676.7471931084806,54969,14.4,13.3
18149,IN-Starke,3234.6,71.17591046806406,0.5226006492301984,0.4773993507698015,241.01898751004762,5577.876697563841,641.4394422988931,63960,13.4,12.5
18163,IN-Vanderburgh,20433.8,72.0,0.5532824467304173,0.4467175532695828,251.05464227211777,6627.264616121328,562.7538584091064,61648,14.3,27.8
18169,IN-Wabash,3692.2,72.36866908618168,0.5537247711391582,0.44627522886084176,223.98572158604625,6184.713718157196,625.534891441417,66806,11.1,23.1
20009,KS-Barton,5033.8,72.58639596328817,0.5428460963884143,0.45715390361158564,229.17080583257183,7472.327053931424,669.2757022011203,58851,15.4,21.7
20069,KS-Gray,974.0,74.79856262833675,0.5242245995893224,0.47577540041067756,179.87681726899382,5960.780278603696,423.2033147227926,79122,8.5,25.9
20125,KS-Montgomery,5028.2,72.54767113479973,0.5464893122787479,0.45351068772125214,185.67282464897977,6099.319832309773,609.6416356509287,55697,15.9,22.6
20159,KS-Rice,1840.4,73.0,0.5423787002825472,0.45762129971745275,216.69202620082586,5884.264292566834,527.9287303738319,63925,7.7,25.9
20177,KS-Shawnee,26927.8,72.5771804603421,0.5576080882953677,0.44239191170463243,233.4093450374706,4365.280505867542,558.0626657112723,67104,12.7,32.2
20193,KS-Thomas,1423.2,73.40163012928612,0.546931239460371,0.453068760539629,282.1810015177066,11683.530085862845,640.3878617762788,71325,6.5,34.6
20207,KS-Woodson,641.4,72.56875584658559,0.4948583411287808,0.5051416588712192,180.2307399750546,6420.018727782975,500.7795567820393,50326,12.4,23.1
21001,KY-Adair,2419.6,71.30732352454952,0.5135621094395767,0.48643789056042325,220.11902581418414,5438.832870548851,755.9100819143661,53553,18.4,21.8
21087,KY-Green,1458.8,72.10707430765012,0.5326281464217165,0.46737185357828354,214.0115026460104,6015.9035058678355,743.350702577461,46798,20.4,17.4
21105,KY-Hickman,673.8,72.7091124962897,0.5176356485604037,0.4823643514395963,282.2796108637578,4907.687748738498,652.4191145146928,60867,20.5,15.1
21119,KY-Knott,1494.2,68.71409449872841,0.4628821442912595,0.5371178557087405,249.89961236782224,5490.563517025833,545.0408248561102,41761,23.3,19.5
21137,KY-Lincoln,2818.4,70.70763553789384,0.5176658742548963,0.4823341257451036,205.57763206783991,4798.112417882487,627.093373644621,52440,16.3,15.9
21139,KY-Livingston,1487.8,71.95093426535824,0.5251987767173008,0.4748012232826993,264.82057261728727,5611.238081731415,636.5102814222341,58984,19.3,14.7
21197,KY-Powell,1216.2,68.58329222167407,0.49334810064134194,0.5066518993586581,214.27396079592177,3442.5258876171683,636.9018313764184,40309,22.5,13.8
21199,KY-Pulaski,7931.4,70.7118541493305,0.5303686436190331,0.46963135638096687,205.1844727437779,4141.967371071942,580.0489369846433,51898,19.7,18.1
22015,LA-Bossier,12906.6,72.76142438752267,0.5626350099948864,0.4373649900051137,264.128437652054,4241.008470610385,636.0466857638727,69617,15.9,28.4
22021,LA-Caldwell,1257.8,72.11591667991732,0.5361887581491493,0.46381124185085065,359.8346193989505,5096.358738750199,853.8718533630147,47028,29.8,11.2
22035,LA-East Carroll,686.4,71.32371794871794,0.5265241550116551,0.47347584498834494,337.99533578088574,6189.393943502331,836.2470835372961,33341,35.2,12.2
22039,LA-Evangeline,4425.6,70.90347071583514,0.5187580260303688,0.4812419739696312,305.31450975686914,5679.184759530911,748.5990706706434,41915,24.3,13.7
22057,LA-Lafourche,8155.2,71.90464979399647,0.5351569305473809,0.46484306945261916,202.00610629782227,6198.744357680988,622.3759080390425,63135,17.0,21.1
22065,LA-Madison,1148.8,71.86699164345404,0.5546677402506963,0.4453322597493037,281.68524933844014,5480.501404509053,795.2646250696378,35456,34.5,14.1
22073,LA-Ouachita,15007.4,72.14051734477658,0.5722289363913803,0.4277710636086197,270.1467361821501,4114.3302810973255,656.8759457560936,54688,23.2,28.6
22107,LA-Tensas,625.2,72.09085092770313,0.5355231925783749,0.4644768074216251,243.12219404990404,4068.777988675623,647.4727864363405,36615,34.4,14.6
24021,MD-Frederick,34134.8,73.20147181175808,0.5669609700364439,0.43303902996355625,196.21034987578656,1234.939118610919,464.0542735823852,122002,6.0,45.8
23013,ME-Knox,5628.6,73.77866609814163,0.5451935756671287,0.4548064243328714,158.15656329815587,10217.46082007604,650.8190489286856,74096,8.2,39.7
26001,MI-Alcona,2080.6,72.0,0.49062385850235507,0.5093761414976449,190.61807295011056,5421.416883523984,547.9188596462559,54993,12.3,21.4
26011,MI-Arenac,2158.4,70.55198295033358,0.5113989158636028,0.4886010841363973,241.38249340252034,6101.6493472479615,703.8547148350631,58811,11.7,16.0
26013,MI-Baraga,1139.8,71.76592384628883,0.5209599578873487,0.4790400421126514,184.76925651868748,7798.385691261625,614.8447217757501,55327,15.2,14.8
26017,MI-Bay,11513.6,70.54657101167315,0.5458237701500833,0.4541762298499167,293.20107256461927,6606.986531746804,669.0175477626459,61763,13.2,22.1
26031,MI-Cheboygan,3987.6,71.54604273247065,0.5130356254388604,0.4869643745611396,181.8637704784833,5816.73187424516,576.2363255642492,62875,12.4,24.4
26035,MI-Clare,4069.6,69.53897188912916,0.5048869225476705,0.4951130774523294,224.29721277766853,7438.519749813249,799.0465724198939,49384,21.6,12.9
26039,MI-Crawford,1853.6,70.72086750107898,0.4929959430297799,0.5070040569702201,188.06645742339234,6588.04489360164,727.2334884009493,60392,14.7,20.3
26065,MI-Ingham,17168.8,68.60401425842225,0.548173592796235,0.451826407203765,241.97378902311166,7295.256490028423,657.5415646521596,65526,16.7,41.2
26107,MI-Mecosta,3839.8,70.71800614615344,0.5146922756393563,0.48530772436064373,189.22860488567113,6353.976764654409,701.5990471899579,60951,19.9,22.5
26143,MI-Roscommon,4207.2,71.34897318881917,0.49494359193763077,0.5050564080623693,196.75793795398363,5795.493436351968,611.9984837183875,55246,15.5,20.2
27061,MN-Itasca,4559.0,70.18411932441325,0.49201580609782847,0.5079841939021715,179.6007727747313,8270.848881798638,660.1008947269138,68603,12.2,25.9
27089,MN-Marshall,1072.6,73.0,0.5144262912548946,0.48557370874510536,226.17939009882528,10874.32406225993,585.6796487973149,72543,8.3,18.7
27129,MN-Renville,1979.4,73.36970799232091,0.5206708295443063,0.4793291704556936,206.93138514701425,9095.988677932706,586.2382581792464,70625,11.0,18.1
27151,MN-Swift,1322.2,72.40341854484949,0.5268808198457117,0.4731191801542882,167.4482058538799,9263.348946120104,545.6058255180759,60412,12.0,24.2
27153,MN-Todd,2253.8,70.7686573786494,0.5078548584612654,0.4921451415387346,186.44068825982788,9673.174185455673,644.9551750377141,67662,11.5,16.1
29007,MO-Audrain,3460.0,73.18526011560694,0.5464536069364162,0.4535463930635838,220.7514430462428,4800.635856156069,524.1618540809249,59448,17.8,16.8
29043,MO-Christian,7243.0,71.78986607759215,0.5406920833908601,0.4593079166091399,198.42607368769848,5291.012030318929,431.89286409222694,83437,8.2,32.7
29123,MO-Madison,1839.2,71.1715963462375,0.5187201174423662,0.48127988255763376,228.1427070247934,7361.461521226621,685.5154303392778,54434,13.2,16.3
29119,MO-McDonald,1877.0,70.77187000532766,0.5177333830580714,0.48226661694192857,223.33511421417154,5408.311139499201,562.4933294086308,52375,16.8,12.3
29153,MO-Ozark,1391.0,71.76779295470884,0.49202005751258093,0.5079799424874191,190.6541987634795,4215.097076146657,474.33501821711,44163,21.5,15.3
29203,MO-Shannon,982.4,70.78074104234528,0.5120268118892508,0.4879731881107492,202.1579795806189,5360.952771885179,591.8159638640066,55222,18.0,12.8
29187,MO-St. Francois,7472.8,70.35352210684081,0.5234257547371802,0.4765742452628198,261.4281166283053,4197.489558406488,727.7593397575206,57477,15.9,17.2
29186,MO-Ste. Genevieve,2260.8,72.54803609341826,0.5212449840764332,0.4787550159235669,243.54209511677283,7350.9377186659585,611.9957478768578,66339,8.2,16.8
28045,MS-Hancock,5244.4,72.1142552055526,0.5336377164213256,0.4663622835786744,227.29005460300513,10347.074977705743,660.6285005033942,67708,13.8,26.8
28069,MS-Kemper,1246.0,72.0991974317817,0.5293644462279293,0.4706355537720706,257.14286717495986,6404.173366853934,771.2680638683788,46431,24.8,18.6
28071,MS-Lafayette,7018.2,71.98560884557294,0.5539600296372289,0.4460399703627711,240.66000728961842,3180.16016717392,555.6980548032259,67185,18.5,46.5
28133,MS-Sunflower,2868.0,69.79693165969317,0.5551462482566247,0.4448537517433752,304.2538419386332,7829.916319797767,706.4853581729428,39956,28.9,16.0
30041,MT-Hill,2830.4,72.0,0.5187194389485584,0.4812805610514415,179.05596558083664,5727.812331960147,628.8863618216507,52798,20.7,24.4
30061,MT-Mineral,1073.8,71.94673123486683,0.48816589681504935,0.5118341031849506,153.28738031290743,4986.217175544794,521.8848618364685,63450,13.5,26.1
30065,MT-Musselshell,1084.2,72.18649695628113,0.4967508946688802,0.5032491053311197,158.08889778638627,7504.335008301051,576.6463740638259,58920,17.0,22.4
30101,MT-Toole,830.4,72.38848747591523,0.518534802504817,0.481465197495183,156.5510547928709,5602.360326710019,440.02891575144514,57731,12.6,22.5
37009,NC-Ashe,4753.4,72.95931333361384,0.5452909875036815,0.45470901249631845,179.02973898683052,4855.682258177306,579.0802505448731,56866,13.5,25.9
37035,NC-Catawba,15625.6,72.77223274626255,0.5422671065431087,0.4577328934568912,195.26930650215033,3426.428432625947,539.2432913449724,67864,12.7,26.1
37081,NC-Guilford,29345.0,72.12627023342989,0.5492468291020618,0.45075317089793837,208.4375677716817,3212.1519962058273,553.3753695321179,68642,14.6,39.0
37111,NC-McDowell,5316.2,71.1072570633159,0.5298291937850345,0.4701708062149656,215.75561402881758,3483.616125345172,643.9185675294382,57168,14.8,18.1
37169,NC-Stokes,3327.4,70.1422131393881,0.5217153994109515,0.47828460058904854,237.90347215844204,6418.28455193244,561.4594090461021,62969,11.2,18.2
37183,NC-Wake,75165.0,72.58289895563095,0.557639757866028,0.442360242133972,193.74709230758998,2532.1838697819467,506.45111297997727,105768,8.1,57.2
37185,NC-Warren,2454.4,71.90620925684485,0.5236163950456324,0.4763836049543677,207.05671888037813,4102.754220616037,642.4380636897001,50638,21.1,18.9
37197,NC-Yadkin,2654.4,71.34425858951175,0.5205603375527427,0.4794396624472574,239.30078415461122,7296.564200911694,602.3206922619047,62932,14.0,17.5
38013,ND-Burke,451.8,74.19654714475432,0.5241095174856132,0.47589048251438687,182.82425759185477,7577.689241345729,472.7755497122621,91591,5.9,22.8
38021,ND-Dickey,758.4,74.10021097046413,0.5187143987341772,0.4812856012658228,197.52107481540082,5959.915603006329,493.93460065928275,68654,11.8,28.9
38067,ND-Pembina,1404.8,73.79513097949886,0.5016878274487472,0.4983121725512528,205.1537630979499,9254.982918550684,475.6548881121868,68393,9.2,24.6
38071,ND-Ramsey,2121.8,73.0,0.5261585823357527,0.4738414176642473,191.62976344613062,5970.968047195777,577.9055320765387,61006,15.2,25.7
38073,ND-Ransom,862.2,74.31570401299003,0.5144889584783112,0.4855110415216888,190.21109821387148,6464.1614502899565,505.915103572257,75736,10.4,22.9
31023,NE-Butler,1406.4,74.18842434584755,0.5423738339021615,0.4576261660978384,170.50624136803185,5921.217283603527,358.219556029579,79268,9.7,24.0
31037,NE-Colfax,1249.0,74.0,0.5303521537229784,0.46964784627702155,163.65092269015213,6016.333067670136,417.1337032185749,82530,6.9,14.8
31049,NE-Deuel,483.2,73.20405629139073,0.5128276490066226,0.48717235099337747,181.29136200331126,8124.586105463576,531.456952897351,70096,9.4,25.2
31179,NE-Wayne,1124.0,74.1864768683274,0.5313181850533808,0.4686818149466192,178.11389930604983,6840.21351836299,424.733103291815,66215,13.2,30.4
33001,NH-Belknap,11845.2,72.381673589302,0.5326484837740181,0.4673515162259818,185.17204233275928,8117.549735530004,589.2006744875562,92783,8.5,33.6
35003,NM-Catron,936.2,72.78102969450973,0.48173010040589626,0.5182698995941039,129.03225451826535,2937.8338017517626,420.6366082033753,49864,24.8,31.2
35009,NM-Curry,5154.2,71.774669201816,0.5417112063947849,0.45828879360521513,208.6841846843351,5393.969978821155,754.2586895347482,57309,20.5,23.3
36035,NY-Fulton,4756.8,68.72468886646485,0.5161501219307096,0.4838498780692903,252.6488240792129,8326.017484405482,853.8092687100572,66533,13.1,20.9
36059,NY-Nassau,168360.6,74.39557830038619,0.5602675503651092,0.43973244963489083,247.2312626341317,2428.6430545368694,468.4955864241396,146202,5.4,49.7
36087,NY-Rockland,35753.8,74.38625824387897,0.5612730848189563,0.4387269151810437,240.96460020305534,3058.0581714391196,496.54023168949874,109959,16.2,42.7
01003,AL-Baldwin,24673.4,73.38642424635438,0.5448052023636791,0.4551947976363209,220.01830509941882,3481.530694834923,577.8530655888528,78775,10.1,33.7
01031,AL-Coffee,5818.6,72.17196576496065,0.5453740109304643,0.4546259890695356,221.1184695528134,2617.4337472828515,643.0412716117279,68353,16.7,22.5
05023,AR-Cleburne,5417.6,73.36842882457177,0.5356397371529829,0.46436026284701715,202.968094503101,5475.598018897666,568.0744051646486,55798,13.9,18.4
05083,AR-Logan,3020.0,71.7276821192053,0.5346899867549668,0.46531001324503307,235.16556137748347,4477.086085695364,676.0264954304636,58555,13.9,16.7
05113,AR-Polk,3436.0,72.36001164144353,0.536682799767171,0.4633172002328288,182.36321659487777,3362.1652965890567,570.4307389639115,49191,15.9,17.8
05123,AR-St. Francis,2405.8,70.32945381993515,0.5336392385069415,0.4663607614930585,244.32625038656582,3313.4092514756007,742.0400817191786,42574,28.5,14.2
04009,AZ-Graham,2651.8,72.17716268195188,0.5178509088166529,0.48214909118334714,157.1762790632778,4634.8140904819375,573.6480757070668,67325,17.3,14.6
06039,CA-Madera,12374.0,71.57548084693713,0.5215334992726686,0.4784665007273315,184.72605119928883,1863.2778398739295,450.15354718603527,76627,19.2,17.9
06041,CA-Marin,28914.0,74.79456318738328,0.5550162606349865,0.44498373936501345,164.01051069793178,4063.747674000139,470.1943740838349,149091,8.3,61.1
06055,CA-Napa,14516.6,73.38537949657633,0.5145378173952577,0.4854621826047422,176.58404518826723,4675.764302317348,626.0143393081024,111471,8.5,39.8
06065,CA-Riverside,122403.0,72.0,0.5244410331446125,0.47555896685538745,213.14018717547773,5604.171456858083,545.3608026983,93074,10.6,25.6
06075,CA-San Francisco,63070.0,73.58129062945933,0.5291784778817187,0.4708215221182812,203.5864896508641,5501.0781677139685,574.5457278395435,140970,11.2,60.3
06099,CA-Stanislaus,34820.8,70.57302531820062,0.5362765668795663,0.46372343312043374,240.44248781992374,2478.9206382369157,651.989624171185,81468,13.5,19.6
06111,CA-Ventura,83553.4,73.59825692311743,0.5533358398341659,0.4466641601658341,210.16499949062518,2465.9224061543873,525.7260654467682,109797,9.3,36.1
08009,CO-Baca,848.4,74.0,0.5172161008958038,0.4827838991041961,256.48277845355966,10128.005659830269,775.3418341112683,46215,24.6,24.7
08014,CO-Broomfield,4190.0,73.20238663484487,0.5617086873508352,0.43829131264916477,160.38185303102625,4729.785207093079,491.9331656133652,123874,6.2,60.3
08021,CO-Conejos,998.8,71.55006007208651,0.49299333199839807,0.5070066680016019,173.80856922306768,5731.47777569083,653.7845415298358,50978,11.7,25.7
08025,CO-Crowley,444.0,71.08063063063064,0.5063006306306306,0.49369936936936937,204.05404590090092,2769.819814864865,545.9459547747748,48826,19.4,12.4
08077,CO-Mesa,19230.4,72.5856872451951,0.5317307991513437,0.4682692008486563,128.66088185373158,4614.464608184957,439.8348302011399,73658,10.7,32.3
08093,CO-Park,2167.8,70.75551250115325,0.4712683457883569,0.5287316542116431,136.91298926100194,2713.0731752375677,337.94630595073346,103670,5.0,41.6
08105,CO-Rio Grande,2176.2,72.11533866372577,0.494881463100818,0.505118536899182,201.1763681738811,7248.322757421193,624.4830145299145,64411,18.0,34.5
12003,FL-Baker,2788.0,71.58278335724533,0.5394012697274031,0.4605987302725968,290.387366276901,4617.575335093256,756.0975512840746,79836,11.8,17.8
39129,OH-Pickaway,4306.4,72.0,0.5273075515511796,0.4726924484488204,238.06426154560657,5852.545061396991,651.123903079138,74040,11.5,21.7
39149,OH-Shelby,6015.0,72.38876142975893,0.5320680831255195,0.4679319168744805,205.38655306068162,6118.005014224439,575.9601125419784,73978,11.6,21.4
39157,OH-Tuscarawas,8182.4,72.0,0.5352837847086429,0.46471621529135704,210.94056480983573,5784.855319808369,599.3595985872115,65044,13.4,19.8
40073,OK-Kingfisher,2074.6,73.19348308107587,0.538898910633375,0.4611010893666249,219.03017068350525,4943.796394977345,610.3345348308108,71975,12.8,24.3
40095,OK-Marshall,2743.8,72.35724178147095,0.5262857569793716,0.4737142430206283,284.3501685472702,3822.0715695896197,714.4835337925505,57245,16.1,18.2
41025,OR-Harney,1812.6,72.20203023281474,0.5139669204457685,0.48603307955423153,151.38477341939753,5390.930157243739,631.5789455588657,55208,13.7,18.3
41047,OR-Marion,20706.6,70.38001410178397,0.5204448156626389,0.47955518433736105,178.2909787497706,3836.94086116021,616.383197086919,77351,13.0,26.0
42009,PA-Bedford,4776.8,71.73605761179032,0.5347900728521185,0.46520992714788145,212.61095682883942,5550.242851607771,577.4576878202981,59992,11.6,16.1
42019,PA-Butler,13008.2,71.77032948447902,0.5257439184514383,0.47425608154856164,200.61191616980057,5404.4218249212045,508.955921020587,89843,8.1,39.4
42045,PA-Delaware,61804.6,72.9829236011559,0.5680430676681024,0.4319569323318977,228.53637992576603,4680.133852342059,512.4667109940037,89546,10.2,41.9
42065,PA-Jefferson,4946.6,72.3646545101686,0.5381220353374034,0.4618779646625965,214.8950705939433,9209.598502838313,627.2591310071565,58686,14.1,18.4
44007,RI-Providence,38020.4,72.1181260586422,0.5491781327918696,0.4508218672081304,237.27259189750765,4746.388785159546,542.5245393930627,78787,13.4,32.3
45009,SC-Bamberg,1512.4,72.061888389315,0.5451155514414177,0.4548844485585824,203.25310312086748,3073.3932794763286,781.8037657630257,44370,24.3,17.9
45013,SC-Beaufort,38044.6,74.3993681100603,0.5403195670344806,0.4596804329655194,165.94204293855108,3837.085950428182,471.2206215867692,86573,9.6,46.0
45057,SC-Lancaster,14548.8,73.76094248322886,0.562551946552293,0.43744805344770704,187.12198429286263,2674.433636717805,531.0815937066975,78869,11.4,33.6
46033,SD-Custer,2106.4,72.59266995822256,0.49972491454614515,0.5002750854538549,165.02087340486136,8489.650581247626,469.4264985187998,84112,9.0,31.6
46043,SD-Douglas,594.4,73.58849259757739,0.5134627187079408,0.48653728129205925,204.91252853297445,8870.457601413189,358.34454417900406,86442,11.0,24.9
46045,SD-Edmunds,743.6,74.0,0.5158763313609467,0.4841236686390532,194.45937875201722,9996.503506562665,436.7939789133943,81630,9.9,28.2
46061,SD-Hanson,811.2,73.15458579881657,0.5027375,0.4972625,159.51677581360948,4794.871790877713,399.16172798323475,81071,7.0,22.5
46101,SD-Moody,883.8,73.38017651052274,0.5168702873953382,0.48312971260466175,210.00226795655126,10369.766936705137,534.5100634306405,78427,11.6,30.4
46123,SD-Tripp,1140.8,73.0,0.5361110799438991,0.46388892005610094,241.4095669179523,9090.462839165497,515.0771144460028,58987,18.4,17.7
47001,TN-Anderson,8419.8,73.37521081260837,0.5409267892348987,0.45907321076510127,212.90293565405352,2714.530049162688,481.03280408085703,66183,13.4,27.5
47027,TN-Clay,1293.0,72.55978344934262,0.5372038979118329,0.462796102088167,260.01548638824437,3377.2621716937356,525.9087569837587,39972,24.2,11.5
47041,TN-DeKalb,1989.4,71.75510204081633,0.5243779632049864,0.4756220367950135,226.39991175228712,2694.7823382225797,536.0410208706143,53153,18.6,20.8
47047,TN-Fayette,6338.0,73.38589460397601,0.5458610476491006,0.4541389523508993,215.58852171347428,2531.6188201262225,446.7655409182708,88456,10.3,27.3
47063,TN-Hamblen,6035.6,72.1387765922195,0.5511943535025514,0.4488056464974485,217.04553769964875,2333.8524774106963,543.9724269931738,55454,18.4,20.0
47069,TN-Hardeman,2950.8,72.55530703538024,0.5462172631150873,0.45378273688491255,217.77144137183137,2573.946046943202,641.4531381930323,46069,19.0,12.2
47089,TN-Jefferson,5774.2,71.96823802431506,0.5375298534861972,0.46247014651380286,191.95733168923832,2573.3434841709673,510.6508178171868,66114,11.4,20.8
47113,TN-Madison,11876.4,72.57199151257957,0.5602776110605908,0.43972238893940924,194.11604290525747,2347.0411802078074,528.224048319356,60042,18.2,26.6
48001,TX-Anderson,5218.2,72.36798129623241,0.5424483538384883,0.4575516461615116,218.96441919435821,4062.39697517918,684.2589418266834,62068,17.4,15.4
48041,TX-Brazos,14372.8,73.20679338750973,0.5461125278303463,0.45388747216965375,223.04630963625738,6678.89347890738,572.233663457364,58553,24.3,43.0
48067,TX-Cass,4298.0,72.37045137273151,0.5283782550023267,0.4716217449976734,242.99676772452304,4028.152637398791,649.2787259934853,53813,17.5,18.9
48085,TX-Collin,69541.2,73.59787291562412,0.5606823224218161,0.4393176775781839,218.93783670687304,3178.449603334139,501.0152038578569,121600,6.2,56.2
48091,TX-Comal,21318.6,73.0,0.527734986349948,0.4722650136500521,164.1664925079508,2224.8177609261393,472.4231682080437,101889,6.5,43.3
48145,TX-Falls,1414.4,71.539592760181,0.5062245475113122,0.49377545248868776,213.2352805429864,6958.003403068439,604.2138097992082,57247,14.7,19.5
48153,TX-Floyd,624.8,74.18693982074264,0.5182542893725991,0.4817457106274007,228.233060659411,6594.7503056658115,585.7874654289373,58462,17.9,14.9
48157,TX-Fort Bend,44296.4,72.39319673833539,0.5455144968891378,0.4544855031108622,210.2202531718153,3939.778388577853,508.5469751036201,114041,7.6,50.2
48187,TX-Guadalupe,15693.8,72.1927640214607,0.5305562145560667,0.46944378544393334,181.63860121576676,2928.506795009494,522.3719127808433,92375,9.3,31.4
48221,TX-Hood,9620.6,74.0,0.5340271126540964,0.4659728873459036,184.18809445564727,3606.2823523376924,516.5582318836663,88160,7.7,32.9
48251,TX-Johnson,12366.2,72.19385098089955,0.5396206288107908,0.4603793711892093,261.82657280813834,2723.892535634229,711.8112360175317,84859,10.0,25.2
48255,TX-Karnes,1453.8,73.17925436786354,0.5187857064245425,0.4812142935754575,211.72102001650845,4888.843020869444,668.4550680148576,60214,19.1,14.3
48275,TX-Knox,548.4,74.0,0.5222396425966448,0.4777603574033552,259.66449106491615,6435.448595258935,803.792879576951,56667,15.7,13.5
48283,TX-La Salle,467.6,72.0,0.5303737382378102,0.4696262617621899,294.6963343883661,2127.0316806672367,703.1650902053036,57716,21.4,11.8
48295,TX-Lipscomb,424.4,74.38925541941565,0.5221301602262017,0.4778698397737983,193.21395796418471,4253.063170593779,651.7436499528746,72560,11.5,22.4
48331,TX-Milam,2527.0,71.75425405619312,0.506470233478433,0.49352976652156705,242.8967281361298,6483.2608066798575,566.1258484368817,66141,12.9,20.6
48353,TX-Nolan,1732.0,72.55046189376444,0.5266825404157043,0.47331745958429566,238.5681321247113,7127.8291073441105,721.7090177482679,50747,22.5,16.0
48355,TX-Nueces,20291.4,71.56977832973575,0.522691041524981,0.477308958475019,218.64437252333502,1663.5520473678507,565.0275816966794,66897,17.4,23.8
48437,TX-Swisher,898.2,75.0,0.5272914050322868,0.47270859496771317,213.0928470496549,4701.402800779337,592.518353796482,36165,30.1,15.5
48459,TX-Upshur,4474.6,72.17851875027935,0.5299733652170027,0.47002663478299744,237.5631351807983,4216.957944500067,618.289916032718,66208,12.4,18.2
48471,TX-Walker,4603.4,73.0,0.5444031715688404,0.45559682843115956,249.20709913542163,3330.798968558022,647.5648721683972,52324,18.4,21.6
48491,TX-Williamson,45133.6,73.19505645461474,0.5566995754825673,0.44330042451743273,188.55577838062996,5315.866656099225,503.500719999291,111340,6.4,48.4
49015,UT-Emery,1628.2,72.588011300823,0.5075617000368505,0.4924382999631495,159.4398671661958,3803.709613290751,401.30206969659747,74291,12.5,18.3
49043,UT-Summit,3820.8,73.0,0.4962427449748743,0.5037572550251257,126.36098548994977,6794.597962615159,383.63696034338363,138114,4.9,59.8
49045,UT-Tooele,4154.4,72.15386096668593,0.5362072549585981,0.46379274504140183,181.59061552089352,4475.110711679184,543.8571189196996,106587,5.2,22.9
51023,VA-Botetourt,5628.6,73.78680311267456,0.5476434246526668,0.45235657534733326,185.5878870909285,4225.597858273816,434.63737529048075,81213,6.2,28.5
51640,VA-Galax City,1268.6,72.77550055178938,0.5710149456093331,0.42898505439066686,227.49486238373007,5100.425700740975,739.082443071102,38675,31.1,19.1
51091,VA-Highland,660.0,73.7939393939394,0.49850393939393944,0.5014960606060607,140.60606260606062,3904.2424167272725,444.8484816666667,65625,9.5,30.8
51095,VA-James City,16533.8,75.20337732402714,0.5511254146052329,0.44887458539476704,169.16860185196384,7185.087528224607,516.7717160265638,109985,6.8,51.0
51125,VA-Nelson,3402.4,73.58053138960733,0.5341113272983776,0.4658886727016224,152.30426912179638,5483.658594433342,405.94872308370554,72589,12.5,36.3
51199,VA-York,9316.8,74.18899192855916,0.5532743452687618,0.44672565473123815,178.3015518418341,6138.0516948437225,520.3503329233213,109956,5.6,50.0
53009,WA-Clallam,22807.0,73.57483228833253,0.5334120217477091,0.46658797825229104,134.8971768062437,7735.440848511422,461.0777221888016,70370,10.6,31.6
53019,WA-Ferry,2057.0,71.51852211959164,0.4810778512396694,0.5189221487603306,115.6052528245017,4511.229932931454,518.6193570539621,55614,13.6,15.2
55017,WI-Chippewa,8028.2,71.18517226775616,0.5356466829426273,0.4643533170573728,192.44662975511326,7682.842953992178,598.4405222241598,74680,10.2,24.2
55031,WI-Douglas,3991.2,69.35518139907798,0.5026189416716776,0.4973810583283224,229.0037945880938,10014.932854875726,711.2647872218882,75099,10.8,28.4
55045,WI-Green,5457.4,72.79675303257962,0.5403752336277348,0.45962476637226524,170.74066104738517,10393.99712938762,592.5165735221899,82852,7.7,27.7
55053,WI-Jackson,2404.2,70.37035188420265,0.517347649945928,0.48265235005407203,175.44297670742867,6394.4763424756675,666.3339297479412,68110,12.4,15.9
55077,WI-Marquette,2276.6,72.0,0.5140958446806642,0.4859041553193359,171.74733109022225,5442.501997794957,530.0887429587982,65681,13.1,16.2
55091,WI-Pepin,1387.6,70.7788988181032,0.5064899394638225,0.4935100605361776,208.4174304410493,9759.729015739404,703.6609935139809,75256,10.2,23.0
55099,WI-Price,2338.0,71.0,0.49118713430282296,0.5088128656971771,175.96236080410608,7463.900763045337,620.9581031137725,60546,11.9,17.9
55101,WI-Racine,16579.2,71.36539760663965,0.5429087145338738,0.4570912854661262,238.03320302306503,7394.4460636990925,665.4362177909671,78096,10.3,28.4
55141,WI-Wood,6777.6,70.0,0.5360984419263455,0.4639015580736544,207.3300267115203,7943.165727145301,655.1876820083804,67989,10.8,21.4
54037,WV-Jefferson,6626.0,72.57669785692725,0.5472408270449743,0.45275917295502566,199.69814568065195,4296.8910357983705,646.3930048868096,98806,8.7,33.9
54055,WV-Mercer,7687.8,70.33866645854471,0.5266927391451389,0.47330726085486086,245.55786509274435,3793.022707848799,694.3989060797628,53210,16.5,22.9
54105,WV-Wirt,755.0,69.34198675496688,0.474720821192053,0.5252791788079471,246.35761406622518,6656.953660211921,604.7682200794702,49867,16.8,15.5
56017,WY-Hot Springs,1313.8,72.76693560663723,0.5149945197138073,0.4850054802861928,185.11190846399754,5882.93498698432,650.0228735728422,61250,14.7,26.7
12097,FL-Osceola,17046.6,71.3804746987669,0.5368584280736335,0.4631415719263665,329.0509626822944,3131.7212908591746,681.989367604097,72637,12.8,29.8
13035,GA-Butts,1862.0,71.37067669172933,0.5450080988184748,0.4549919011815252,226.10098270676693,2486.143924736842,540.8163469495166,69241,10.4,14.4
13079,GA-Crawford,1149.6,71.7214683368128,0.5283837682672233,0.4716162317327766,255.04524639874737,2223.556014631176,615.8664027661795,67116,11.6,14.5
13121,GA-Fulton,55753.6,73.38379943178558,0.5563625609826092,0.44363743901739083,221.82604012655685,3378.748638633918,506.5323322056334,95292,12.3,58.5
13213,GA-Murray,4363.8,70.724918648884,0.5409598285897612,0.4590401714102388,243.6866846693249,4085.5676332691687,736.0557235574499,69253,14.4,15.0
13217,GA-Newton,6744.0,71.12025504151839,0.5539823606168446,0.44601763938315536,246.17435496737843,3559.638210729537,657.7105555901543,77179,12.3,25.0
13243,GA-Randolph,598.4,72.50367647058823,0.5260712232620322,0.47392877673796796,244.9866465574866,3105.280742647059,543.1149852272728,28380,30.0,16.4
13249,GA-Schley,287.0,71.83554006968642,0.54009393728223,0.45990606271777,206.96863902439023,4229.268284738675,577.7003519860627,56875,13.9,22.2
13265,GA-Taliaferro,161.8,71.83065512978986,0.512946847960445,0.487053152039555,201.48332756489492,2661.310245488257,515.451170210136,52500,20.4,12.0
13277,GA-Tift,3335.6,72.54436982851661,0.5421115721309508,0.4578884278690491,270.05636489387217,5441.53975736899,591.0181265679338,53255,20.8,21.0
13291,GA-Union,5321.6,73.38815393866507,0.5301740378833434,0.4698259621166566,158.41099258493688,4313.401981362748,543.8589719821107,66176,10.9,26.9
19045,IA-Clinton,6775.0,73.36735055350553,0.5418856442804427,0.45811435571955716,194.83395698892988,6257.357930630258,621.6974270228782,66981,13.2,22.4
19053,IA-Decatur,1292.6,73.3677858579607,0.5393766981278044,0.4606233018721955,164.62940625096707,7005.724878523905,613.9563864149775,59044,14.6,23.5
19117,IA-Lucas,1412.2,74.0,0.5326498512958504,0.4673501487041496,166.8319004815182,7602.322595652175,564.5092648774961,61793,14.9,15.8
19125,IA-Marion,5129.2,74.18720268267955,0.5529613000077985,0.44703869999220147,164.8600098494892,10683.381445020666,561.958979876004,78680,8.2,32.1
19151,IA-Pocahontas,1496.0,74.0,0.5458449331550802,0.45415506684491974,168.04812356951874,8655.080219719252,636.8983954144385,61875,10.3,18.7
16001,ID-Ada,35172.0,72.5940520868873,0.5381067997270558,0.46189320027294434,149.1982371784374,7767.678858883772,478.4317093745025,91502,8.3,44.6
16025,ID-Camas,177.0,72.01581920903955,0.46665604519774007,0.5333439548022599,122.0339020338983,5548.022619887006,395.48022112994346,57955,5.9,34.4
16049,ID-Idaho,4725.2,72.38474561923304,0.4933691018369592,0.5066308981630407,129.5183192626767,7585.5413504528915,459.1974672140862,66325,11.1,22.6
16051,ID-Jefferson,2666.6,71.95709892747318,0.5127917122928074,0.48720828770719266,158.10394533863348,5272.556834238357,455.0363846021151,86679,9.7,27.4
17073,IL-Henry,6481.6,73.7720315971365,0.5362244785238213,0.46377552147617873,176.09851598987905,7038.539884179832,562.9782539650703,71911,8.9,24.7
17129,IL-Menard,1480.2,73.0,0.5320837589514931,0.46791624104850693,242.39969029860828,4650.857993298203,581.8132714768274,82176,10.1,28.3
17203,IL-Woodford,5254.4,73.78322929354445,0.5238599954323995,0.47614000456760047,199.52798850867845,5075.936368795677,454.97108047350787,91483,7.0,35.9
18041,IN-Fayette,3985.6,70.55213769570453,0.5301996336812524,0.46980036631874744,274.8896022581293,5065.786854777198,689.6828525441589,59321,17.9,16.0
18087,IN-LaGrange,2664.8,72.56086760732512,0.5411093140198139,0.45889068598018606,185.90513586760733,5049.234445346744,536.1002846067247,84487,5.9,11.5
18123,IN-Perry,2760.2,72.77342221578147,0.5386538149409463,0.4613461850590536,226.4328802840374,6415.259758191436,586.189415636548,61151,15.0,16.6
18137,IN-Ripley,3769.2,72.77507163323783,0.541764676854505,0.45823532314549503,208.85068595988537,7766.634800397963,692.7199530032899,70573,10.1,20.7
18167,IN-Vigo,12919.0,72.35755089403204,0.5623606331759424,0.4376393668240576,277.85431780168744,5528.972802401115,645.3131056552364,52976,19.2,26.3
18183,IN-Whitley,2544.8,71.77452059100912,0.5370990018861993,0.46291935712040233,199.70136431939642,6161.270052412763,592.8953460939956,78083,9.9,23.6
20003,KS-Anderson,1406.4,74.18643344709898,0.533412827076223,0.46658717292377705,224.11830300056886,9360.068256811717,664.1069359783845,70614,11.0,14.0
20029,KS-Cloud,1950.2,73.37452568967285,0.558712265408676,0.4412877345913239,209.10677787919187,7508.563232253103,554.097013537073,58770,10.0,20.8
20045,KS-Douglas,12704.2,73.19876891106878,0.5621221375608066,0.4378778624391933,185.5764187260906,6081.248718173518,450.7643002109538,69746,14.7,53.2
20111,KS-Lyon,4711.8,72.37964259943122,0.5373324674222165,0.4626675325777835,181.41686928137867,5610.042862455962,622.012823973853,59912,14.6,26.3
20121,KS-Miami,4103.8,72.57829328914664,0.5392397436522248,0.46076025634777523,237.09733139041862,5965.592843895902,605.3901227009112,89000,7.9,31.0
20141,KS-Osborne,876.4,74.59151072569603,0.5328510953902328,0.4671489046097672,302.14512156549523,8358.055659561844,528.7540157005933,63011,8.4,23.8
21009,KY-Barren,5357.2,71.35809751362652,0.5391123348017621,0.4608876651982379,225.26693123646683,6045.7328285708945,576.4578501418652,50628,19.4,18.3
21015,KY-Boone,9441.4,71.98082911432627,0.5504262185692801,0.44957378143071997,274.4508002393713,5744.8471564471365,590.0607831677506,99414,6.3,35.7
21063,KY-Elliott,427.0,68.3096018735363,0.42765100702576114,0.5723489929742389,281.0304617798595,6776.112409882904,684.3091261826697,45776,25.1,8.7
21099,KY-Hart,2116.6,70.54880468676178,0.5127953132382123,0.48720468676178774,209.48690136067276,4274.307836539734,554.096187092507,52285,19.3,12.2
21155,KY-Marion,2315.0,71.56241900647949,0.5376565788336933,0.4623434211663066,191.7062495896328,5177.624185425486,647.602580164147,59627,17.0,15.1
21167,KY-Mercer,2471.4,71.54543983167436,0.5346709071781176,0.4653290928218823,198.02542846969328,5335.841999546815,591.6484605486769,64824,10.7,24.9
21171,KY-Monroe,1439.0,71.4679638637943,0.5305107713690064,0.46948922863099374,343.8498808061154,4873.523261250869,585.9624831827658,51280,22.1,16.0
21187,KY-Owen,961.6,70.54658901830283,0.49626503743760403,0.5037349625623961,267.26286915557404,3736.6888539101496,617.9284642470881,61134,18.3,18.3
21189,KY-Owsley,453.4,68.91662990736657,0.4962556682840759,0.5037443317159241,298.632559505955,2593.736214336127,748.1252890163211,22188,36.1,7.1
21221,KY-Trigg,2250.6,71.7404247756154,0.4976260197280725,0.5023739802719275,216.74221265440326,5797.920541437838,619.5681025059984,59857,20.6,21.7
21229,KY-Washington,1515.2,72.18149419218585,0.5455395723336853,0.4544604276663146,204.85744355860612,4873.812003801479,608.3685574313621,61616,12.7,19.6
22001,LA-Acadia,7605.2,71.91642560353442,0.5354110871508968,0.4645889128491032,247.56746395098088,4356.861106840057,665.8076004970284,45562,25.0,13.9
22003,LA-Allen,2776.8,71.28161912993373,0.5313160544511668,0.4686839455488332,264.7652024272544,4365.0245020455195,733.00201531259,46469,23.1,11.9
22017,LA-Caddo,25061.0,72.12056980966442,0.5595591899764575,0.4404408100235426,280.4357164646263,4673.133563400503,652.18469754918,50705,22.4,26.0
22049,LA-Jackson,2135.4,73.13515032312448,0.5454734475976398,0.4545265524023602,258.21860955324524,3721.4573446754707,652.2431228715932,44925,22.3,14.7
22063,LA-Livingston,7198.8,70.54025670945157,0.5420393259987776,0.4579606740012225,227.70460108073567,5620.658982113686,606.0732377618492,80122,12.9,20.5
22069,LA-Natchitoches,4470.4,71.72163564781675,0.5418101198997852,0.4581898801002147,239.08375142716537,5748.031500098426,636.8110409538297,46292,25.4,25.8
25015,MA-Hampshire,23255.6,72.19233216945597,0.5583107122585528,0.4416892877414472,195.88401645023134,5938.7244560578965,549.0290645994943,87001,11.3,51.6
24003,MD-Anne Arundel,73004.0,73.39242507259875,0.5668499347980933,0.4331500652019068,203.35872356829762,1725.973915619418,472.88093592351095,124911,5.6,45.8
23003,ME-Aroostook,10720.8,71.76221923737035,0.5176256510708156,0.48237434892918446,183.8482198436684,9271.602857206552,782.3296845216774,56700,14.4,23.4
26041,MI-Delta,5421.4,72.35131146936216,0.5203692736193603,0.47963072638063975,153.02322504519128,5601.505149378389,486.81151298557575,57809,12.7,20.6
26085,MI-Lake,1599.8,69.65645705713214,0.47417917239654955,0.5258208276034505,212.6515779222403,5528.816090748844,757.3446531941494,50805,20.5,12.7
26115,MI-Monroe,14868.6,70.95137403656027,0.5394930228804325,0.46050697711956734,254.6440289630496,5215.084140987045,626.0979386694107,77335,10.5,23.3
27001,MN-Aitkin,1756.4,70.77544978364837,0.47722621270781146,0.5227737872921886,165.5659294010476,8337.394658506035,567.8660770667274,60833,13.1,20.3
27055,MN-Houston,2290.6,73.19566925696324,0.5247386623592072,0.4752613376407928,156.20360920282894,9705.841263040253,593.8182112197677,79825,6.6,30.1
27057,MN-Hubbard,3324.8,72.1837102983638,0.5135416325794032,0.4864583674205967,182.32676805221365,9254.210770614773,586.8021961982676,71995,10.8,30.7
27071,MN-Koochiching,1401.4,69.52276295133439,0.4809674611103183,0.5190325388896817,187.52672493221067,7711.431421421436,663.1939504495505,66940,10.9,22.0
27105,MN-Nobles,2415.4,73.79415417736193,0.5129569677900141,0.4870430322099859,204.2725741160884,8660.925699345864,574.7288221495404,66101,14.0,17.9
27123,MN-Ramsey,31396.4,70.17536405447758,0.546742724006574,0.45325727599342597,238.38402085589433,3084.5638517231278,615.5482993916501,81568,12.3,45.6
27135,MN-Roseau,1603.2,72.187624750499,0.5189942240518962,0.4810057759481038,155.5638666541916,10823.602779378743,689.3712594061876,74474,12.2,21.4
27139,MN-Scott,7248.0,72.0,0.5439618625827815,0.4560381374172186,232.56067946743931,3872.5441521771522,651.8763937472407,119314,4.6,44.1
29001,MO-Adair,3555.6,72.18916638542018,0.5477423838452019,0.45225761615479804,209.8098789346383,3626.1109382663963,634.9982953931826,61536,22.0,35.5
29107,MO-Lafayette,3810.4,73.0,0.5324769315557422,0.46752306844425784,278.3959582091119,5091.119050020995,626.6533822328364,80612,9.3,26.2
29197,MO-Schuyler,732.2,72.77711007921333,0.5280059819721388,0.4719940180278612,210.8713410816717,4803.605557197487,588.090710243103,61205,8.6,11.8
28047,MS-Harrison,23080.0,72.13646447140381,0.5447781308492201,0.4552218691507799,239.92200826863086,10131.54247134922,627.8076389402079,59479,17.1,27.5
30013,MT-Cascade,11639.2,72.0,0.5324015602446903,0.4675984397553097,207.26510373221527,8731.046825908998,506.7014936181181,67690,13.1,28.4
30033,MT-Garfield,274.6,74.39329934450109,0.49892432629278943,0.5010756737072106,193.73635098324837,5808.448687108521,498.17917115804806,69583,13.4,21.0
30043,MT-Jefferson,2371.0,71.59772247996627,0.5018135723323492,0.4981864276676507,141.45930167018136,5534.458039974695,350.4850053226487,95490,5.7,32.2
30045,MT-Judith Basin,396.4,73.16548940464178,0.4505664480322906,0.5494335519677094,119.57619878910191,6666.498509687184,372.35115438950555,59000,13.3,31.0
30051,MT-Liberty,393.4,75.20081342145399,0.5231128622267412,0.47688713777325875,154.55007905439757,9215.556672902898,505.3380745805796,57857,25.8,27.8
30073,MT-Pondera,1035.8,73.0,0.5226938984359915,0.4773061015640085,138.63679918903264,7750.917164993242,460.1274429812705,52338,21.9,20.1
30107,MT-Wheatland,395.8,73.80141485598787,0.49367306720565945,0.5063269327943406,149.0651959575543,6859.0197017685705,535.1187561394644,49489,23.0,23.2
37023,NC-Burke,9138.4,71.54501882167557,0.5259205878490765,0.4740794121509236,188.45747875995798,3446.9928934080367,538.1904743653156,58592,15.6,21.0
37039,NC-Cherokee,5533.6,72.18093103946798,0.5240214724591585,0.47597852754084136,167.59432328682956,3865.1149426232473,550.4192495446003,53628,12.4,24.2
37067,NC-Forsyth,24216.2,71.56753743361882,0.548762979327888,0.451237020672112,233.4139955864256,6711.226369546834,596.7327667627455,67165,14.5,38.5
37125,NC-Moore,14916.6,74.37217596503224,0.5454253127388278,0.4545746872611722,196.85451072496414,3202.231091563761,446.16065422817536,86080,10.1,41.0
37147,NC-Pitt,16636.6,70.87784763713739,0.5403235252395321,0.45967647476046786,258.14169100777804,2356.575259697294,602.6712170539654,58188,19.8,33.8
37177,NC-Tyrrell,524.0,72.55267175572519,0.5210017557251909,0.4789982442748092,198.85496904580148,3745.419855916031,710.6870388167939,41685,18.7,13.0
38005,ND-Benson,847.2,71.57247403210576,0.47901454202077437,0.5209854579792257,262.03966735127483,6142.35126848442,775.4957361661945,64033,25.6,21.9
38011,ND-Bowman,637.8,74.0,0.5283737221699593,0.4716262778300408,191.2825170272813,9662.276573878959,428.0338642521167,72109,13.4,27.0
38019,ND-Cavalier,836.2,75.38053097345133,0.5297852427648888,0.47021475723511125,206.88829057641712,8973.929696268835,511.1217549629276,69531,8.5,22.1
38025,ND-Dunn,581.6,72.79539202200826,0.5147840096286107,0.4852159903713893,146.83630281980743,3930.1925746561215,444.6354764786795,97689,7.4,25.2
38045,ND-LaMoure,636.8,75.22424623115577,0.5028259736180904,0.49717402638190955,184.04521853015075,5658.919598523869,515.0753879711056,80664,8.7,25.3
38061,ND-Mountrail,1221.8,72.36929120969062,0.5172750859387788,0.4827249140612212,192.9939266655754,7072.352253871337,552.9546524963168,80717,14.5,22.7
31031,NE-Cherry,1293.4,74.0,0.521708040822638,0.478291959177362,207.20580369568574,9545.384271377763,621.7720795422916,66270,8.3,25.3
31041,NE-Custer,2093.0,74.0,0.545802188246536,0.45419781175346396,212.13569062589585,6278.547533253703,486.00093985666507,67906,7.1,24.3
31053,NE-Dodge,5336.4,74.57469455063338,0.5586661119856082,0.4413338880143917,216.1757006596207,4677.760311539614,597.8187429615471,74329,11.0,22.0
31079,NE-Hall,6807.6,73.36030319055173,0.556937693166461,0.443062306833539,198.95410631646985,4317.8800169604565,482.3139007756037,69251,14.1,21.5
31109,NE-Lancaster,34622.8,73.58537148930762,0.5635488475802072,0.4364511524197927,197.32085240650667,2807.306161882921,462.17519474450364,74793,11.9,41.9
31139,NE-Pierce,1119.2,74.56433166547534,0.5216474088634739,0.4783525911365261,187.9914012866333,5248.74910568263,397.24803338098644,72357,7.6,23.7
31163,NE-Sherman,564.4,74.18639262934089,0.546064670446492,0.45393532955350824,196.66903490432318,6096.031159036145,422.0410824592488,63578,8.6,20.5
34007,NJ-Camden,49015.6,72.37610475032439,0.5645141428443189,0.43548585715568106,275.89987989374816,3503.945673520675,661.879093641208,88755,12.4,36.3
35005,NM-Chaves,7061.8,72.55238041292588,0.5356587385652384,0.4643412614347616,204.16888931717128,2828.9387952731595,703.64493358917,52938,24.3,17.9
32510,NV-Carson City,9014.6,73.77294610964435,0.544139666762807,0.455860333237193,197.457456572671,4141.636914247997,559.6476998580082,72355,10.3,23.7
32017,NV-Lincoln,957.0,73.0,0.4971937722048067,0.5028062277951934,183.90803233019852,4188.923722340648,637.4085537722049,72307,5.0,20.4
32029,NV-Storey,696.0,71.92758620689655,0.49481281609195404,0.505187183908046,172.12644206896553,3425.0000022413797,450.57473830459776,93409,7.1,31.2
36067,NY-Onondaga,35610.2,73.3688886891958,0.5549741854861808,0.44502581451381906,236.68499541760508,3036.231196226923,523.9678478699923,76945,13.8,39.2
02180,AK-Nome,757.4,70.0,0.4359603379984156,0.5640396620015844,278.32056778452596,9966.728300501716,626.6173891998944,78681,21.5,14.0
01091,AL-Marengo,2365.2,69.81092508033147,0.5322332656857771,0.4677667343142229,233.46862438694401,3629.7987500930158,596.9896865550481,43825,21.9,19.5
01097,AL-Mobile,24318.0,71.11732050333086,0.5395614318611728,0.4604385681388272,273.73140292787235,2567.012086239822,590.5830965803109,58880,16.2,26.0
01101,AL-Montgomery,15059.0,71.35694269207782,0.5522553808353808,0.44774461916461916,228.20903433826948,3740.6334967248818,527.3258657772761,59386,19.9,34.5
01115,AL-St. Clair,6279.6,71.73135231543411,0.5377225014332122,0.4622774985667877,262.43709111408367,2542.1364446334164,534.6200378240652,77463,11.4,21.4
05021,AR-Clay,2575.2,72.55622864243554,0.5536724448586517,0.44632755514134825,308.0149081702392,6739.282397359429,690.5871295278037,51481,17.2,15.3
05037,AR-Cross,2197.6,71.70576993083364,0.5414996177648342,0.45850038223516565,278.3946200855479,4780.032761803785,656.6254201947579,50863,19.7,18.4
05047,AR-Franklin,2268.4,71.7339975312996,0.5342871980250397,0.4657128019749603,221.5658447980956,3552.9007476988186,603.5972486157643,55886,18.0,14.5
05055,AR-Greene,5781.4,71.5650534472619,0.5525159753692878,0.44748402463071224,262.22024574670496,6357.110744311067,585.1869674265749,57839,17.4,16.9
05127,AR-Scott,1331.4,71.77091783085474,0.5102826498422712,0.4897173501577287,213.6097485503981,3689.950412918732,640.6790045816434,43270,18.7,13.0
05131,AR-Sebastian,13529.0,71.56954689925345,0.5518103984034296,0.44818960159657034,227.4669182349028,4207.14021732131,594.4859213836943,57790,16.0,23.3
06031,CA-Kings,11207.0,72.0,0.5353400285535825,0.4646599714464174,199.28614107611318,3191.2019343820825,595.6455962916035,70995,16.0,13.6
06073,CA-San Diego,207509.0,73.20273723067433,0.5348497836720335,0.4651502163279665,202.46157691676024,2696.1731885148115,486.4203835255338,106268,10.3,43.2
06101,CA-Sutter,14298.4,72.38242041067532,0.5412461967772618,0.45875380322273823,214.94713799306217,2861.1453020589715,556.0482401219716,79704,14.4,20.9
08003,CO-Alamosa,1660.8,71.35862235067438,0.5107230732177265,0.4892769267822736,181.11755313102122,7255.419070785164,627.4084840317919,55397,17.2,32.4
08049,CO-Grand,1857.4,71.7900290728976,0.4630207709701733,0.5369792290298268,121.2447354258641,5233.767626930116,432.4324321094003,88612,7.6,42.7
08107,CO-Routt,3668.6,72.39868069563322,0.48400308019407945,0.5159969198059204,100.31073122171945,5992.313149375784,355.0673216976503,106489,5.2,54.2
12007,FL-Bradford,3035.2,73.14404322614655,0.5472507973115445,0.4527492026884554,317.211387144175,2434.6336237282558,799.9472730495519,63050,16.8,15.2
12017,FL-Citrus,29338.6,74.37136741357801,0.5355550339825349,0.46444496601746504,245.91493657434233,1966.5014513766844,551.7713961947741,56546,15.6,20.6
12063,FL-Jackson,6192.4,72.36389768102836,0.5407927168787545,0.4592072831212454,253.56887723338284,5057.651312631612,714.9732013112848,49149,19.5,15.1
36117,NY-Wayne,5895.6,67.35575683560621,0.48475378926657164,0.5152462107334284,322.5795534873465,8022.423485680847,776.7487673994165,74506,11.4,25.6
36121,NY-Wyoming,2770.4,70.75295986139186,0.5181239965347965,0.48187600346520354,215.05921072769274,6938.853590658389,550.3898483468091,69110,11.1,18.2
39053,OH-Gallia,3713.6,70.76949590693667,0.5234155267126239,0.4765844732873761,222.47952393903492,8970.971562521543,714.6703945605343,56830,16.4,20.5
39059,OH-Guernsey,4857.0,71.35569281449455,0.5301916944616019,0.46980830553839814,226.72432371834466,6271.278558147004,602.223591669755,58478,15.3,15.6
39069,OH-Henry,3838.0,73.0,0.5327932204273059,0.4672067795726941,223.86659853569572,9147.993738738927,651.3809440802502,80099,8.7,19.5
39169,OH-Wayne,10565.6,73.0,0.5320131312940108,0.46798686870598927,191.45149645831754,5371.848278354281,526.7850515597789,73574,9.4,25.1
40021,OK-Cherokee,6131.2,71.73708246346555,0.5431101317849687,0.45688986821503136,263.83090424060543,6997.259937734864,523.9431288426409,53218,18.2,29.2
40035,OK-Craig,2328.2,70.55948801649343,0.5257232368353234,0.4742767631646766,265.87060572115803,5270.509406262348,765.6558723992785,51922,19.0,15.3
40053,OK-Grant,844.8,74.0,0.52909296875,0.47090703125,229.4034211647727,5388.020831912879,627.604168371212,60758,17.5,23.1
40099,OK-Murray,2407.8,72.37893512750229,0.5370030899576378,0.4629969100423623,252.76187005565245,5446.548735127502,732.7020785696486,66322,12.7,19.6
42007,PA-Beaver,10589.0,71.15551987911984,0.5335734063650959,0.46642659363490413,226.00812346963832,5082.670690061384,554.3677457984701,71089,9.9,28.7
42015,PA-Bradford,8487.6,71.53699514585985,0.5283681370469862,0.47163186295301374,227.90894110938308,4939.606033401668,627.9042291601867,63675,12.6,20.6
42057,PA-Fulton,2190.4,72.538623082542,0.5350455441928414,0.4649544558071585,206.446288531775,6991.2344628287065,768.8093568480643,65836,11.2,17.7
42095,PA-Northampton,39237.6,73.3886578180113,0.5567955083899117,0.44320449161008824,274.27775300222237,7341.126876197321,608.3399609705996,89184,8.8,34.7
42097,PA-Northumberland,10604.8,71.35280250452625,0.5485998604405553,0.45140013955944475,255.67665723257394,8531.174560127489,634.6371551769012,60583,12.6,19.4
42099,PA-Perry,4309.2,71.97117794486215,0.5278148333797457,0.47218516662025434,236.84209001206722,4650.932897322009,441.7061205467372,79444,8.0,20.2
42117,PA-Tioga,5551.2,71.94765095835135,0.5230784370946823,0.4769215629053178,205.8293924592881,4693.904009352933,482.742458751261,64899,11.7,22.3
45091,SC-York,27946.2,72.97934602915602,0.5575117969527164,0.4424882030472837,203.2763098761191,2288.2323930258854,513.8659392246531,89095,8.4,39.3
46007,SD-Bennett,416.2,72.58769822200865,0.5141736665064873,0.4858263334935128,247.47720153772224,8558.865917827969,776.5497409418549,53750,29.9,18.3
46049,SD-Faulk,444.6,75.0,0.5460964462438146,0.4539035537561853,304.0935793072425,11668.915872784526,470.53531183085914,57750,28.3,22.6
46111,SD-Sanborn,388.4,73.0,0.49897203913491245,0.5010279608650875,153.96498697219363,5858.90833645726,318.74354428424306,78750,8.5,21.3
46115,SD-Spink,1168.8,73.0,0.5105945242984257,0.4894054757015742,258.21356144763865,9970.910344575634,538.501042522245,70139,10.1,28.2
47043,TN-Dickson,5118.8,71.97284519809331,0.5494965382511526,0.45050346174884737,244.783927346253,2509.846060537626,635.1488664608893,75003,10.9,22.0
47049,TN-Fentress,3367.2,71.1467688287004,0.5245729092421003,0.47542709075789974,233.30958790686626,2223.746725582086,524.2932021798528,51149,21.0,14.6
47059,TN-Greene,7920.4,72.37109236907227,0.5473352532700368,0.45266474672996315,225.0138740593909,3684.1573786374424,538.6596511211555,56194,15.4,18.7
47067,TN-Hancock,661.2,70.35087719298245,0.5229818814277072,0.47701811857229287,211.4337390199637,3310.647316666667,711.1312618572293,34960,32.2,10.8
47085,TN-Humphreys,2689.8,73.15116365529036,0.5355523756413116,0.46444762435868836,256.6733711205294,3781.619429875827,652.1674627109822,60616,14.8,15.7
47127,TN-Moore,954.4,73.76089689857503,0.5429675817267393,0.45703241827326074,207.87930345766972,2954.526417812238,507.7535647317687,66469,8.0,24.1
47143,TN-Rhea,3882.4,72.74675458479291,0.5462048475169999,0.45379515248300023,192.92193142386154,3728.4669164279826,586.3383763805894,55033,15.9,18.6
47179,TN-Washington,11638.0,72.5787248668156,0.5499466351606804,0.45005336483931946,224.40283516068052,2361.797573694793,447.89481387695474,62809,15.5,34.3
48047,TX-Brooks,568.2,71.22632875747976,0.4952680042238648,0.5047319957761351,297.43048465329105,2066.5258718409013,794.0865795142556,47764,19.4,17.0
48059,TX-Callahan,1948.8,73.0,0.516300605500821,0.483699394499179,241.68719887110015,3895.320193308702,544.1297361145321,72436,9.6,24.0
48097,TX-Cooke,4978.8,73.58648670362336,0.5321660681288664,0.46783393187113365,259.4199199204628,3190.9295487466857,612.9589701655018,73932,13.5,23.7
48107,TX-Crosby,546.8,73.35625457205559,0.5124444769568398,0.4875555230431602,200.80465574250186,4126.188744659838,665.3255226408193,52188,20.1,15.4
48123,TX-DeWitt,2688.8,73.36023504909254,0.5234326167807201,0.47656738321927994,224.8586623177626,6913.790548400773,743.3799319473372,63730,17.6,16.9
48155,TX-Foard,227.2,73.36971830985915,0.5255205105633802,0.4744794894366198,248.23943565140846,5393.485917429577,656.6901407570422,61563,5.6,20.6
48199,TX-Hardin,5232.2,72.57524559458736,0.5441649516455793,0.4558350483544207,230.15176623600016,3688.238220549673,593.1348122739956,75808,12.1,21.0
48245,TX-Jefferson,17073.8,72.36182923543674,0.5366688130351767,0.4633311869648233,234.65192035282126,3859.925727710293,627.1597378380911,60026,19.5,19.7
48327,TX-Menard,418.4,73.57122370936902,0.5033339388145316,0.49666606118546847,195.50668083173994,3606.118549617591,583.1739833652008,53043,18.9,24.0
48339,TX-Montgomery,44681.4,72.60149861015994,0.5418957825851473,0.45810421741485274,235.89233297345206,3604.161903503471,544.9426317604193,97701,9.4,38.8
48341,TX-Moore,1555.0,73.0,0.5170218649517685,0.4829781350482315,210.41799831511256,5001.543404141478,578.0064250032153,61762,18.3,12.3
48349,TX-Navarro,5382.4,71.92285969084423,0.526920150862069,0.47307984913793105,232.60999962470274,3284.705721967895,671.4105141089477,63111,17.1,18.2
48357,TX-Ochiltree,955.4,73.3933431023655,0.5294102784174168,0.47058972158258316,199.2882818086665,5504.5007242830225,657.7349751308352,70183,11.8,20.7
48423,TX-Smith,24850.6,73.57283123948717,0.549382615309087,0.4506173846909129,230.3445580291824,7721.978526396143,722.3890011726075,74192,11.6,28.6
48473,TX-Waller,3619.6,72.0,0.5178786329981214,0.48212136700187863,239.86075051386894,3407.39307567687,574.8148936346557,80397,14.6,27.9
48479,TX-Webb,13823.0,72.32947985241988,0.544758453302467,0.45524154669753314,226.40525386963753,2648.0503631527163,577.6893643029733,63058,21.3,21.4
51065,VA-Fluvanna,4642.0,73.59009047824213,0.5545771994829815,0.4454228005170186,154.93322932787592,4990.56439595433,447.09178127531237,96768,7.7,37.3
51650,VA-Hampton City,13945.0,72.94951595553962,0.5602930354965938,0.4397069645034062,203.37040058085336,6085.493025177482,640.1721307292936,69621,12.7,28.5
51085,VA-Hanover,14529.4,74.0,0.5601476330750066,0.4398523669249934,214.392883301444,3823.901882774237,545.4182610913044,112805,5.7,42.7
51093,VA-Isle of Wight,5766.8,73.38659221752098,0.5351763473676909,0.46482365263230907,190.36556705972117,6249.393104699313,557.5709128840952,95241,6.8,30.8
51683,VA-Manassas City,2690.2,72.78009069957623,0.5632454910415582,0.4367545089584418,176.19508866998737,2335.662796267936,525.2397819344287,113590,7.7,32.7
51740,VA-Portsmouth City,9170.0,71.71725190839695,0.562858721919302,0.4371412780806979,239.4983581570338,5303.882228580153,799.3457037055616,60491,17.3,24.3
51750,VA-Radford City,1312.4,73.58137762877172,0.5576164888753429,0.4423835111246571,231.33192442852788,3824.4437813014324,650.4114624504724,57348,28.7,37.9
51175,VA-Southampton,2627.4,73.13663697952349,0.5363602268402222,0.4636397731597777,223.33865151099948,4790.591459054579,712.41529187029,70795,8.7,20.1
50005,VT-Caledonia,5598.0,71.7768131475527,0.5235765987852804,0.47642340121471954,167.16683223294032,6447.4455156341555,595.1768421900679,69970,11.7,33.2
53001,WA-Adams,1850.8,72.36946185433327,0.521588026799222,0.47841197320077805,144.58612374108492,4145.5586610979035,535.0118512210936,66136,19.5,15.7
53007,WA-Chelan,11664.4,73.38002811974899,0.5264037327252152,0.4735962672747848,166.4037333990604,8766.657525079729,661.1056069716403,82381,8.3,31.2
53041,WA-Lewis,10333.6,72.55639854455369,0.5122538708678486,0.4877461291321514,181.36950236122937,3489.6647739703494,582.2946603236045,74796,12.2,21.5
53057,WA-Skagit,18199.4,73.57987625965691,0.530909529984505,0.4690904700154951,160.65364786861107,6621.207296571316,530.094405733156,89263,11.6,30.2
55015,WI-Calumet,2493.2,70.35937750681855,0.5148329776993421,0.4851670223006578,168.77906270656186,5452.831712000642,477.4586922108134,88810,5.9,33.0
55071,WI-Manitowoc,8145.8,71.56672150065064,0.5424690245279776,0.45753097547202237,193.49850065064206,6596.282745935329,553.0703182916349,69148,9.6,22.6
55073,WI-Marathon,10649.2,71.17789129699884,0.5303276246102994,0.46967237538970064,205.1234028114788,6013.052620255042,563.4038167355294,77884,8.7,28.1
55113,WI-Sawyer,3115.0,71.36930979133227,0.5076455216693418,0.4923544783306581,188.8924677752809,7377.720722626003,679.0369079229534,60801,15.6,27.4
55121,WI-Trempealeau,3282.0,71.57745277269957,0.5240835466179159,0.4759164533820841,179.09811268738576,10618.220600262035,594.2108537050578,76313,9.9,20.9
55123,WI-Vernon,3014.8,70.18681172880457,0.49614381716863476,0.5038561828313652,168.50206295608334,9443.014472057846,721.0428556720179,71893,13.1,24.9
54003,WV-Berkeley,12937.4,71.16201091409403,0.540475964258661,0.45952403574133904,201.72524195433397,4201.215081662467,593.6896055745358,80815,11.1,25.1
54029,WV-Hancock,4262.6,73.37714071224136,0.5698991226012292,0.4301008773987707,328.62573193825364,5070.801871439965,696.8985872284521,61466,14.5,19.9
54075,WV-Pocahontas,1401.8,72.13083178770152,0.4986391924668283,0.5013608075331717,184.0490820088458,5824.225977471822,760.8788846055071,42119,22.5,19.7
56031,WY-Platte,2126.2,73.36318314363653,0.5112458752704355,0.48875412472956437,199.51086216724673,5701.156993772928,608.3152824287462,67718,7.7,20.7
56037,WY-Sweetwater,6134.6,71.18853714993642,0.5164079190167248,0.4835920809832752,144.65491011312884,3798.8132819874163,517.523544566883,75034,12.9,20.9
12115,FL-Sarasota,90162.0,75.38767108094319,0.5504799944544264,0.4495200055455735,225.54512193385239,3099.1969978305715,461.42277476719687,83416,8.6,40.8
13015,GA-Bartow,8673.8,71.5675482487491,0.5341498558878461,0.46585014411215386,261.01591430284304,3372.708635693699,606.4239350204062,82243,10.3,24.3
13043,GA-Candler,900.4,71.70057752110174,0.5173361394935585,0.48266386050644156,291.87028429586854,4226.343857219014,786.9835733896047,49581,16.3,16.0
13099,GA-Early,1029.6,72.10159285159286,0.5273815073815074,0.4726184926184926,254.8562581002331,4525.252525835275,647.241649048174,54083,23.6,14.7
13153,GA-Houston,15549.2,72.57999125356932,0.547352746121987,0.45264725387801297,235.74204072492475,3205.206692544954,550.0089939778252,80698,11.1,32.5
13181,GA-Lincoln,988.6,72.5658506979567,0.5027407849484119,0.4972592150515881,186.32411058061905,3142.6259502731136,448.91767070604897,56907,17.0,15.5
13235,GA-Pulaski,1037.4,73.1291690765375,0.537290919606709,0.46270908039329095,224.79275490649704,4951.417002101408,648.5444490649701,50406,16.5,14.5
13305,GA-Wayne,2801.6,71.76370645345517,0.5296181039406054,0.4703818960593946,247.00170119217591,3015.7053142418613,667.2615822601371,53427,21.3,16.2
13313,GA-Whitfield,10658.6,72.14350852832455,0.5453522301240313,0.4546477698759687,216.14469069859078,3719.4378332970555,577.3365845420599,67070,14.8,20.2
19069,IA-Franklin,1963.0,74.0,0.5370382577687214,0.4629617422312787,221.1920597554763,12697.80946760061,577.9928641976567,59894,13.6,19.4
19081,IA-Hancock,2235.2,74.37356836077309,0.5394662133142447,0.46053378668575523,208.4824650948461,12487.025781442379,556.9076728078024,70601,12.2,20.5
19103,IA-Johnson,14078.4,72.59493976588249,0.5526005824525514,0.44739941754744855,170.8148504716445,6944.382883800716,518.6100788086713,74935,17.1,55.2
19109,IA-Kossuth,3356.8,74.37613203050525,0.5383158245948523,0.4616841754051477,218.60105541587225,9587.047200560057,487.4880690359867,67697,8.2,22.8
19139,IA-Muscatine,5231.0,73.0,0.541248411393615,0.458751588606385,198.92943397820682,5356.528396738674,581.0361305333588,69396,13.7,23.1
19169,IA-Story,10152.6,74.39759273486595,0.5556011504442212,0.44439884955577885,182.37694604337807,3764.8287263439906,489.2934025392511,69685,18.2,54.8
16021,ID-Boundary,2066.8,71.78720727694987,0.49090868008515576,0.5090913199148442,109.73487233404298,4466.711824191988,445.71319178440103,67237,13.6,24.0
16045,ID-Gem,1939.2,71.96111798679868,0.5052601175742574,0.4947398824257426,130.363017935231,5556.930687922855,496.8028198019802,64605,12.0,20.7
16057,ID-Latah,4844.2,72.38132199331159,0.5190216795342883,0.4809783204657116,128.52484314437885,6631.063941682836,505.5117442425994,65424,17.6,43.0
16069,ID-Nez Perce,6879.6,72.37583580440723,0.5243130937845223,0.47568690621547766,154.0496584859585,6033.955453878132,655.7358017908018,72599,12.2,27.1
17089,IL-Kane,47725.6,73.58216554637343,0.5549956316945204,0.4450043683054796,241.90371514742608,4320.444366483397,565.7634611977638,103163,7.9,38.1
17135,IL-Montgomery,4590.8,72.95408207719787,0.5404819769974732,0.4595180230025268,216.73782444454122,5968.022977450553,676.7012311318288,63620,12.6,18.3
17147,IL-Piatt,1713.8,73.37203874431088,0.5278376006535185,0.4721623993464815,199.32313599019722,9158.594955222314,666.8222695063602,94811,6.1,32.9
18013,IN-Brown,2180.4,72.3589249678958,0.5199842872867364,0.4800157127132636,189.6899703265456,5892.8636715923685,464.41019505595307,78528,7.8,26.4
18145,IN-Shelby,4472.8,72.17237524593097,0.5466590502593454,0.45334094974065464,252.6828552047934,8185.253089514399,717.805421087462,72190,13.0,21.9
20007,KS-Barber,1058.8,73.19172648281072,0.5285246883264073,0.47147531167359275,272.0060470343785,8451.265567661503,519.6448682659613,61926,11.8,27.3
20033,KS-Comanche,460.4,73.60556038227628,0.543005212858384,0.45699478714161595,231.97219000868813,8949.174652476106,437.01128158123373,54545,9.2,20.1
20081,KS-Haskell,533.0,74.59399624765479,0.5478457410881802,0.4521542589118199,248.03002228893058,9500.187610806755,568.8555313320827,66162,11.2,19.9
20123,KS-Mitchell,1436.6,75.0,0.5363906306557148,0.4636093693442851,280.66267662536546,5973.82709651956,542.6701850062648,64246,12.2,26.2
20131,KS-Nemaha,2097.4,75.0,0.5461834652426814,0.4538165347573186,230.28513255459143,11798.226388767043,457.3281293696959,77348,9.3,29.9
20139,KS-Osage,2862.8,72.37753248567836,0.5264741232359927,0.47352587676400726,228.30795166270786,3713.357540086629,489.24129390806206,74467,9.7,21.6
20201,KS-Washington,1285.2,74.19218798630564,0.5289333333333334,0.4710666666666667,242.45251938997822,9902.583235776532,475.4123948646125,65482,9.3,25.8
21021,KY-Boyle,3425.2,72.12402195492234,0.546524383977578,0.45347561602242203,200.80577636926313,5753.007127116664,569.4849743489432,61159,15.6,26.2
21073,KY-Franklin,5862.8,66.18168793068159,0.498413911441632,0.5015860885583681,367.43533937708946,3124.036304298287,972.1634712355872,65298,13.6,31.9
21097,KY-Harrison,2190.0,71.36812785388128,0.547758803652968,0.45224119634703197,177.44292726027396,6024.84021230137,593.6986458812785,66442,17.1,22.5
21215,KY-Spencer,1838.8,71.38242331955624,0.5033731237763759,0.4966268762236241,211.8773028388079,3680.661307581031,509.680228583859,102618,9.8,23.6
22023,LA-Cameron,719.2,71.89377085650723,0.4921953559510567,0.5078046440489433,201.61292116240267,4013.9043637931036,577.586190294772,75278,7.4,16.8
22025,LA-Catahoula,1338.6,71.73240699238009,0.5138306439563723,0.4861693560436277,248.76736971462722,3939.937253204841,617.6602506051099,50275,24.3,16.0
22043,LA-Grant,2479.6,71.55912243910308,0.5168371995483142,0.4831628004516858,250.1209940232296,3553.4763863526373,547.346349822552,64016,17.0,15.4
22101,LA-St. Mary,4502.4,71.68665600568586,0.5181819029850747,0.4818180970149253,218.7278041488984,4452.647481485429,742.4040710287846,52576,20.8,13.6
24025,MD-Harford,36215.6,72.58478114403738,0.5654483449121372,0.43455165508786264,217.6796714426932,2370.680046746706,481.3561047007367,112265,7.1,40.3
24037,MD-St. Mary's,15037.8,72.38814188245621,0.5468138477702856,0.4531861522297144,212.69065942225592,2286.9435671959995,619.5720072311109,119446,8.0,36.5
24045,MD-Wicomico,16274.6,72.0,0.5616494586656507,0.43835054133434925,220.82264354392734,2243.655776638443,662.6891023877699,76210,13.9,29.5
23017,ME-Oxford,6732.2,70.55319212144619,0.5045719437925195,0.4954280562074805,167.43412911381125,7422.150241398056,704.5542181545408,60173,13.8,24.0
26029,MI-Charlevoix,3876.4,72.18501702610669,0.5265323186461666,0.47346768135383344,171.03500089258077,6438.190078309772,612.9398393715819,76531,8.7,35.2
26061,MI-Houghton,3665.6,72.57245744216499,0.5212400534701004,0.47875994652989956,175.41468484831955,7501.473161086861,582.3330170667831,58899,16.5,37.2
26087,MI-Lapeer,8098.6,71.36381596819203,0.5397941076235399,0.46020589237646015,235.07765885955598,4507.791449645617,558.0717826636703,77306,9.7,20.4
26121,MI-Muskegon,11981.2,69.5348212199112,0.5372004123126232,0.4627995876873769,235.36875402630787,6982.355681232263,753.3302243564918,65024,14.1,21.3
26135,MI-Oscoda,1430.2,70.50048944203608,0.48454806320794297,0.515451936792057,184.8692572367501,4790.518795063627,598.5176886169767,49515,17.2,15.6
27035,MN-Crow Wing,7850.2,72.1800718453033,0.5199083794043464,0.4800916205956536,190.7212368602074,9743.242220165092,642.0473438052534,72589,9.9,29.3
27039,MN-Dodge,1884.0,72.40976645435244,0.5442650530785563,0.4557349469214438,230.36095303609343,4268.789826571126,596.7091316029724,95739,7.0,30.2
27059,MN-Isanti,2959.0,71.0,0.5283538492734031,0.4716461507265968,220.27712565731665,4075.701254869888,683.6093390604934,87440,7.5,20.7
27081,MN-Lincoln,942.8,75.0,0.5507093338990242,0.44929066610097584,174.37420846414935,10530.123028680528,430.6321465210013,69694,11.9,25.7
27093,MN-Meeker,1313.6,70.0,0.49939643727162,0.50060356272838,177.22290202496956,7278.166844381852,543.2399669001219,75446,9.1,19.9
27125,MN-Red Lake,353.4,72.35936615732881,0.5121436332767403,0.48785636672325977,198.07583588002262,10105.263138087153,535.9366183361631,77188,7.2,18.6
29039,MO-Cedar,1810.8,72.13485752153744,0.5167680362270819,0.48323196377291805,188.0936586591562,9400.817312337087,553.2361492710404,48181,17.0,19.0
29059,MO-Dallas,1524.0,70.54488188976379,0.5090546062992125,0.4909453937007874,225.19686921259841,7137.270345209974,532.9396486745406,53464,20.5,16.4
29101,MO-Johnson,4991.0,72.37675816469645,0.528763153676618,0.4712368463233822,242.19596249248644,6879.663369072329,606.291333752755,67272,11.8,29.1
29129,MO-Mercer,582.8,73.36170212765957,0.5308762525737818,0.4691237474262183,250.17157271791353,6483.527812525737,603.2944504461221,62679,13.5,18.1
29157,MO-Perry,3217.2,72.37678726843218,0.5369985204525675,0.46300147954743254,237.22491261345266,9990.426469352233,590.0161821397488,62981,13.9,20.9
29161,MO-Phelps,5229.2,71.55671995716362,0.5406732693337413,0.45932673066625873,242.06379135623044,7041.841972718581,608.123611290446,58396,16.8,32.4
29227,MO-Worth,427.8,74.18840579710145,0.5315824216923796,0.4684175783076204,194.95092388966805,8105.189322440394,477.7933889668069,47847,20.6,21.1
28001,MS-Adams,4657.2,71.88074379455466,0.5740812376535258,0.4259187623464743,215.40840055398093,3195.868739822211,624.1089063772224,43644,27.0,20.6
28027,MS-Coahoma,2697.2,70.08037965297345,0.5380398561471156,0.4619601438528845,236.17085176479313,3361.708450934302,739.8783921919027,37461,35.5,19.5
28039,MS-George,2825.0,71.74265486725663,0.5253663858407079,0.47463361415929206,203.68140647787607,5973.87608501239,609.0619429026549,59758,18.3,17.5
28065,MS-Jefferson Davis,1682.2,71.01331589585067,0.5472576625847105,0.4527423374152895,248.12746405897036,3473.189877981215,790.9879733325406,38548,28.7,12.7
28073,MS-Lamar,6130.0,72.3625774877651,0.5592665644371941,0.4407334355628059,225.1223519836868,2195.725933725938,529.1680183230015,70909,14.7,34.5
28143,MS-Tunica,795.6,69.21015585721469,0.5447441679235797,0.4552558320764203,263.4489786576169,2216.691797410759,678.733034364002,39364,31.1,13.7
30029,MT-Flathead,17054.8,72.39415296573398,0.5216744189319136,0.4783255810680864,128.2688842402139,7760.794607384431,398.69127937354875,73925,9.3,37.2
30067,MT-Park,3721.0,73.18984144047299,0.5128860306369255,0.48711396936307444,157.43080053748992,7076.807323074442,537.8661384305294,70047,12.3,39.8
30079,MT-Prairie,359.8,73.03168426903835,0.5030508615897721,0.49694913841022786,113.95219749861036,6953.863294330184,468.59364630350194,51250,20.6,26.9
30097,MT-Sweet Grass,812.8,74.0,0.5177141486220473,0.48228585137795277,183.80904008366142,7607.037402632874,520.915364714567,77000,7.9,24.4
37029,NC-Camden,1432.6,72.79324305458607,0.5109568197682536,0.4890431802317464,207.03617334915538,3882.8702849364795,635.9067345246406,91078,6.1,28.6
37075,NC-Graham,1174.2,72.34593765968319,0.5419795094532447,0.45802049054675525,203.0318599046159,4297.734641781639,552.5464116675183,49684,6.7,17.6
37083,NC-Halifax,6404.4,70.83864218349885,0.5408471144837924,0.4591528855162076,255.1370743457623,3109.9244511960533,717.4130396258823,45590,22.8,16.1
37131,NC-Northampton,2874.0,72.06388308977036,0.5315996590118302,0.4684003409881698,266.040346868476,3394.0153150034794,712.4564956854558,50086,21.1,17.9
37141,NC-Pender,7705.8,71.95696747904177,0.528083560434997,0.47191643956500307,183.5500502790106,2836.538723846973,578.0840540891278,80396,9.7,30.6
37145,NC-Person,4190.2,71.3567371485848,0.5417772946398741,0.45822270536012605,210.4433908453057,3893.1315979714564,636.9624249486898,63300,17.5,19.3
37179,NC-Union,17715.4,72.78397326619778,0.5483067974756426,0.4516932025243573,204.75970881380044,3478.9956686532623,564.6951210110977,102900,7.7,40.5
38017,ND-Cass,16260.2,71.98177144192569,0.5528287966937675,0.4471712033062324,210.4894354288385,11136.529684433155,550.2884445763275,75555,11.0,42.6
38083,ND-Sheridan,287.0,74.3595818815331,0.49057191637630665,0.5094280836236933,183.97210947735192,4855.052278675958,372.1254477351916,62639,10.1,18.9
38089,ND-Stark,3743.4,72.58299941229897,0.5421709194849602,0.45782908051503984,156.2216234172143,4546.187946813058,531.4954328898862,84449,12.1,30.0
31057,NE-Dundy,445.0,74.0,0.5343564494382023,0.4656435505617978,252.5842742921348,11841.797766786518,493.4831435955056,58922,14.0,20.2
31083,NE-Harlan,739.6,74.0,0.5181036235803137,0.4818963764196863,187.93943217955652,11280.151409194159,459.16709440237963,70625,6.7,29.2
31103,NE-Keya Paha,193.2,75.19461697722568,0.47411656314699785,0.5258834368530021,188.40579461697723,8003.105601966873,416.14908405797104,64000,7.2,20.6
31107,NE-Knox,1563.4,74.18510937699885,0.5530010873736728,0.4469989126263272,188.94715971600363,5813.227564155047,419.34244636049635,64636,13.7,19.0
31165,NE-Sioux,250.4,74.57428115015975,0.5008147763578275,0.49918522364217255,174.1213821086262,5764.37700830671,412.1405646964856,53929,14.9,22.4
35001,NM-Bernalillo,44944.8,71.38266050800092,0.5365685347359427,0.4634314652640572,160.12532128166106,6198.354426431979,501.42395089265057,69473,15.2,38.2
35039,NM-Rio Arriba,4336.8,71.14609850581074,0.5214005118981737,0.4785994881018263,150.98691509869028,5530.298824940048,641.2562277900756,57155,18.2,19.0
35061,NM-Valencia,5352.6,69.96614729290438,0.4991410641557374,0.5008589358442626,153.94388166498527,4521.80249900609,406.1203938833464,58933,18.1,20.9
32005,NV-Douglas,11809.0,74.0,0.5108768447794055,0.48912315522059446,148.3444803116267,5918.418135887881,585.9598680870523,90754,9.0,31.6
32023,NV-Nye,6251.0,72.18089905615102,0.4847798688209886,0.5152201311790113,206.494933293873,915.3415427835548,258.83858262358024,60714,14.1,13.3
32031,NV-Washoe,47015.4,72.7642432054178,0.5202256303253828,0.47977436967461723,191.50746456012286,3679.020087493034,537.2707634119885,88096,10.7,34.2
36007,NY-Broome,17096.2,71.82301330120144,0.5435683438424913,0.4564316561575087,243.9957227290275,10779.284274971045,581.5678320831529,62616,18.5,31.0
36023,NY-Cortland,4763.8,73.14677358411352,0.5528259918552417,0.4471740081447584,237.37353834333936,5663.168069226248,679.4156003946429,70418,12.8,29.1
02110,AK-Juneau,5077.4,71.61464529089692,0.5047835506361524,0.4952164493638477,140.03229342183008,5027.967087824477,515.2637061882066,101661,8.9,41.2
01011,AL-Bullock,676.4,70.63394441159078,0.5254323477232407,0.47456765227675934,248.0780816676523,3221.170889089296,595.8012867829685,31310,33.3,8.1
01039,AL-Covington,5058.2,72.44300343995887,0.5519237673480686,0.4480762326519316,286.1887725633625,3894.072995338262,754.1417784626942,52456,19.2,17.2
01069,AL-Houston,10374.8,72.54375987970853,0.5601173940702472,0.43988260592975287,252.24583778964413,3169.5839692292866,570.0929088869184,58626,17.5,23.0
01075,AL-Lamar,2322.4,71.72519807096107,0.5294304598691009,0.47056954013089913,239.23527042714434,3962.538750551154,664.743366353772,50000,18.0,12.1
05049,AR-Fulton,2192.4,72.17442072614486,0.5171469074986317,0.4828530925013684,227.05710638569604,4768.108004798394,599.3431736361978,42241,18.0,16.0
05059,AR-Hot Spring,4334.0,72.34453161052146,0.5404541301338256,0.45954586986617446,233.31795008767878,3596.3082654868485,623.3963927411168,55405,15.1,17.5
05067,AR-Jackson,2271.2,71.71195843606904,0.5452825290595281,0.454717470940472,296.40718310144416,6076.61147989609,673.1243286632617,44218,21.7,14.7
05085,AR-Lonoke,8368.6,71.75482159500991,0.5562022584422723,0.4437977415577277,228.4492042516072,3672.5378103338676,505.38919068422433,72828,10.4,22.1
05091,AR-Miller,5374.8,70.9506586291583,0.5440473319937486,0.45595266800625145,227.95268389149365,3741.162464143782,619.9672622906899,48836,24.6,15.0
04013,AZ-Maricopa,329219.0,73.59051695072277,0.544165125888846,0.4558348741111539,195.21171011673079,2052.9203772495516,504.4569395463202,89300,11.0,36.7
04021,AZ-Pinal,38085.4,72.58718564069171,0.5265965908195792,0.47340340918042084,186.22360623441003,2237.7341654198194,531.6735392549376,80266,11.1,22.5
06011,CA-Colusa,3353.4,72.19776942804317,0.5118244945428521,0.48817550545714794,207.01376342816246,3138.009175857339,625.7529952525795,75672,11.4,16.4
08023,CO-Costilla,608.2,70.53239066096678,0.46992620848405126,0.5300737915159487,155.21209463992108,4600.789209832292,536.6655829003616,36861,21.0,24.9
08083,CO-Montezuma,4619.8,72.5660851119096,0.5161611498333262,0.48383885016667383,137.88475362136887,4809.428971332093,525.9967652842115,65244,13.3,31.3
08097,CO-Pitkin,2755.6,73.79844679924517,0.48259659602264476,0.5174034039773553,122.80445568297284,7700.8999915880395,418.2754928364058,102645,7.8,62.8
08115,CO-Sedgwick,664.2,73.59981933152665,0.5287587172538392,0.47124128274616084,211.38211198434203,9235.772347636255,669.9789211683228,52386,13.0,27.2
10005,DE-Sussex,58335.0,73.3984949001457,0.5470852675066427,0.45291473249335734,172.86362660426846,4878.062901150252,514.4630437195509,81497,10.9,33.0
36107,NY-Tioga,4475.8,72.0,0.5314913445641003,0.4685086554358997,235.08643808481162,7099.915126770634,546.8519650207784,72739,13.4,25.3
39025,OH-Clermont,16855.2,71.78795861217903,0.5312780589966302,0.46872194100336984,243.7823388687171,4798.317450430727,513.0642115287864,85510,9.1,31.6
39063,OH-Hancock,8932.6,72.57497257237534,0.5439136645545529,0.456086335445447,209.65898985513735,4604.057046624723,574.8158534693147,73141,9.9,30.3
39105,OH-Meigs,2659.0,70.92515983452425,0.5211194885295224,0.47888051147047767,222.5648654606995,7995.186167468974,747.5742806393381,46873,21.8,12.2
40015,OK-Caddo,4168.4,72.17743018904136,0.5419232223395068,0.4580767776604932,244.89011500815664,5467.949350839651,692.1120528356204,55353,18.3,15.8
40033,OK-Cotton,940.4,73.14610803913229,0.5338137388345384,0.4661862611654616,267.1203952148022,4974.4789507018295,645.2573407698852,58425,20.5,23.1
40037,OK-Creek,7438.8,70.93937194171103,0.5406011345916009,0.45939886540839914,273.45808931010373,3568.1292844491045,662.9026282787547,62338,14.5,18.7
40089,OK-McCurtain,5455.0,71.11365719523373,0.5350415215398716,0.46495847846012833,248.43263725756188,3810.522469785518,667.9009981631531,51929,21.2,16.3
40123,OK-Pontotoc,5636.8,71.56358217428328,0.5513016569684928,0.4486983430315072,283.03291632131703,5512.205505364745,672.6511315711041,63017,12.6,30.3
41009,OR-Columbia,4493.0,70.56754952147786,0.50777526819497,0.49222473180503,188.96061488092587,4001.6470059870912,511.86290387714223,87458,8.9,19.8
41055,OR-Sherman,399.4,73.0,0.5077406109163746,0.49225938908362543,151.72759824737105,5143.715562944418,481.72260836254384,60161,22.0,16.0
41067,OR-Washington,26626.8,71.5902098637463,0.5464611586822299,0.45353884131777006,172.93854076569474,4901.910868890742,537.8416014113599,107772,8.1,47.5
42003,PA-Allegheny,68357.4,72.18534642920883,0.5495490097633907,0.4504509902366093,245.56230005617533,4470.079308378903,559.9481746145991,78548,11.5,45.8
42021,PA-Cambria,8795.2,70.3499636165181,0.5147525718573768,0.4852474281426233,245.67944404675276,5140.144625891395,541.8637522739676,58418,14.2,23.9
42085,PA-Mercer,9991.4,72.35240306663731,0.547768224673219,0.45223177532678105,246.29181475869248,6715.93570061653,675.0205350541465,59976,13.2,25.6
42103,PA-Pike,10262.6,72.19453160017929,0.5210688850778555,0.47893111492214446,208.23184650283557,4458.032075702064,516.1265283105646,81323,9.8,29.7
42121,PA-Venango,5118.6,72.10026179033329,0.531628199116946,0.46837180088305397,266.9870633884265,6051.576575551909,652.2486424178487,61522,13.2,19.1
45043,SC-Georgetown,12640.4,73.37668111768615,0.5407001139204456,0.4592998860795544,190.75344080408848,4573.636909893674,513.369833921395,68713,15.0,32.8
45069,SC-Marlboro,2852.0,70.62166900420758,0.5543600140252455,0.4456399859747545,253.50629919354836,3964.6563623001402,708.2047721318373,34301,28.5,9.0
45075,SC-Orangeburg,9053.4,72.12488126007909,0.5520805774626106,0.4479194225373893,213.90858552587977,3438.8627546048997,582.123832462942,45675,22.4,19.4
45077,SC-Pickens,13244.8,72.97464665378111,0.547814949263107,0.452185050736893,204.2612961992631,3778.901900688572,557.0034938375816,61064,17.2,28.5
46009,SD-Bon Homme,1071.6,74.0,0.5278076334453154,0.47219236655468455,167.59983038447183,7587.90593585293,404.25532851810374,64435,10.6,19.6
46107,SD-Potter,555.8,75.0,0.5354672184238934,0.4645327815761065,228.8593022670025,11107.5926504498,430.0107981288233,72045,6.2,27.2
47021,TN-Cheatham,3290.4,71.57670799902748,0.5383999696085582,0.4616000303914417,233.28468938123027,3025.832722623389,466.3262948030635,89852,7.7,26.6
47025,TN-Claiborne,2848.0,70.35737359550562,0.523961875,0.47603812500000003,207.0224718188202,3625.421329417135,582.233165491573,49379,17.4,18.2
47061,TN-Grundy,1602.2,71.73299213581326,0.5184099613032082,0.4815900386967919,240.04493370365745,2835.4762283360383,646.6109203345399,47593,18.9,14.3
47099,TN-Lawrence,6142.2,73.18820618019602,0.5535480804923317,0.44645191950766827,242.81203853668066,3454.2997858584877,596.1056357526619,54706,15.0,15.2
47121,TN-Meigs,1619.6,72.35700172882193,0.5113711410224746,0.48862885897752534,194.61597437638923,2770.807608631761,525.8088502840208,61375,14.3,13.5
47133,TN-Overton,3344.6,72.56204030377324,0.5485406027626623,0.45145939723733775,240.68649272857738,3006.1591876995753,543.0843882975543,48959,16.3,15.0
47177,TN-Warren,5136.2,72.56898095868542,0.5511928312760407,0.4488071687239594,227.9895745492777,2554.184037222071,600.4438754643511,55487,15.7,14.1
48049,TX-Brown,5638.2,72.0,0.5177526231776098,0.48224737682239016,215.06862458940793,4259.515447469051,621.6168465148452,57470,15.3,20.2
48117,TX-Deaf Smith,1458.6,73.0,0.5174814068284657,0.48251859317153434,206.36225055532705,5385.438109008638,685.1775485122721,60799,17.7,11.4
48161,TX-Freestone,2475.0,72.37422222222222,0.5224933090909091,0.4775066909090909,216.72726662626263,4572.202013608081,698.2626098424242,59960,12.3,16.5
48169,TX-Garza,428.6,74.0,0.47643084461035934,0.5235691553896407,244.98364783014466,4810.079321558563,583.7610743817079,46314,8.4,10.2
48213,TX-Henderson,10253.2,72.56682791713807,0.531812552178832,0.468187447821168,240.86138603557916,5519.7011586216995,668.025595626731,65179,14.7,20.7
48215,TX-Hidalgo,27673.0,72.5171828135728,0.5237096548982763,0.4762903451017237,253.49618679723915,3181.433171787663,595.3673261316085,54338,26.7,20.6
48229,TX-Hudspeth,246.2,70.94394800974817,0.4622077173030057,0.5377922826969943,160.8448590576767,1767.6685502030869,471.16166701868406,48600,17.3,9.6
48239,TX-Jackson,1781.0,72.5979786636721,0.517571645143178,0.48242835485682195,253.56540144862433,6951.937117529477,660.190914317799,65414,14.1,16.6
48241,TX-Jasper,4426.0,72.56845910528695,0.507602132851333,0.492397867148667,230.32082758246725,3615.454141644826,681.5182876863985,56723,20.7,14.0
48415,TX-Scurry,1701.2,73.0,0.5429141782271338,0.45708582177286616,226.54596725840582,6480.719503773806,737.4794251116859,60039,11.6,13.0
48449,TX-Titus,2970.6,72.36612132229179,0.5322081599676833,0.46779184003231666,233.48819709149666,5124.486621450212,611.1896409344913,58425,17.1,16.3
48495,TX-Winkler,613.0,73.0,0.5504228384991844,0.44957716150081567,216.3131985970636,4108.97227954323,716.1500603915171,86900,16.2,10.6
48501,TX-Yoakum,736.2,73.0,0.5112868785656072,0.4887131214343928,153.49091309426788,5455.582710404781,670.1983271121978,84925,16.8,20.1
49003,UT-Box Elder,4002.4,72.95482710373776,0.5353399410353789,0.4646600589646212,151.80891075354785,4626.574056586049,553.7677429342395,84550,8.4,26.7
49021,UT-Iron,5447.8,72.38272330114908,0.5195631410844744,0.4804368589155256,128.3454146187452,5002.5698535151805,545.3944691435075,66247,13.8,31.6
49025,UT-Kane,1828.0,72.80459518599562,0.5157747702407003,0.4842252297592998,126.80523949671772,4072.1006883369805,552.5163994310723,77092,9.5,28.8
51089,VA-Henry,7491.2,73.54196924391286,0.555077010358821,0.44492298964117893,216.4406210513669,4153.9139024562155,591.3605203865869,50760,16.0,15.5
51678,VA-Lexington City,1044.8,75.0,0.5671894142419601,0.4328105857580398,185.4900151416539,4741.385925612558,538.093416424196,84517,14.0,50.7
51115,VA-Mathews,2117.6,75.0,0.5338153570079336,0.4661846429920666,171.32604772383831,7498.394391773707,561.5791281639592,75880,7.8,28.4
51131,VA-Northampton,2395.6,73.36951076974454,0.5279612623142428,0.4720387376857572,182.83517659041576,5502.755053180831,571.5478632325932,61632,17.7,32.0
51720,VA-Norton City,425.4,70.52045133991537,0.5627416078984485,0.43725839210155154,223.78937639868363,4391.161277291961,676.0695957216737,41495,26.3,13.7
51775,VA-Salem City,3906.4,74.19112226090517,0.5858211806266639,0.41417881937333606,241.24513994982593,3616.014761125333,567.7862060106492,66725,10.2,33.0
51169,VA-Scott,2150.2,70.10175797600223,0.5184717979722816,0.48152820202771834,236.72217567668125,2596.2236081945866,565.4357674355873,46349,20.2,15.6
51181,VA-Surry,1045.2,73.36548029085343,0.526623306544202,0.47337669345579797,201.68386113662456,5532.146968828932,599.6938266743207,78041,10.5,27.1
51810,VA-Virginia Beach City,51094.2,73.58383926159917,0.5634281836294531,0.436571816370547,211.33515566620085,5550.242485650426,610.7151124158908,92968,8.6,40.9
51195,VA-Wise,3599.6,69.68807645293921,0.5115035448383154,0.4884964551616846,214.13488626514058,4100.177788598733,697.6330595399489,52943,17.2,15.8
50021,VT-Rutland,12026.4,71.37148273797645,0.5293050804895896,0.4706949195104104,200.04324245493248,7428.7234883789,646.6440456795051,68616,11.8,35.3
53069,WA-Wahkiakum,972.0,72.53497942386831,0.4946543621399177,0.5053456378600824,151.44034497942388,5445.678999917695,505.3497998559671,62653,17.8,21.8
53077,WA-Yakima,25349.8,72.94343150636297,0.530948186573464,0.46905181342653596,166.25772049720314,5937.900880775391,581.779734732424,70656,15.5,19.2
55025,WI-Dane,52994.8,71.99627888019202,0.5539776770551073,0.4460223229448927,175.39836105240514,6094.90366881694,499.2603054126065,89975,10.6,55.3
55027,WI-Dodge,9233.6,72.38009010570092,0.5426636934673367,0.4573363065326633,183.20047259140532,6659.2444936839365,658.269819593658,75929,8.5,20.3
55033,WI-Dunn,5467.4,69.37165746058456,0.5178767714087135,0.48212322859128653,213.0445844715953,9881.040356641182,744.8512775652047,74824,10.7,29.6
55075,WI-Marinette,5007.8,71.76844123167858,0.5180656775430329,0.48193432245696705,195.49502381484885,4324.0145489875795,550.5810957945605,63809,9.8,19.8
55097,WI-Portage,6778.2,71.37959930364994,0.5376247263285239,0.4623752736714762,172.99577612345462,7185.772036720663,627.6002411436664,76070,10.1,34.0
55111,WI-Sauk,8296.6,71.40115227924692,0.5379545307716413,0.46204546922835865,166.95995878070536,6951.69106781091,624.7860676759154,79541,8.1,27.3
55135,WI-Waupaca,4311.0,71.1790767803294,0.507065984690327,0.4929340153096729,176.47878819299464,5721.735087998144,587.1955467084204,72830,10.4,20.5
54025,WV-Greenbrier,5338.4,72.11793795893901,0.5306701558519407,0.4693298441480594,217.21866506818523,2763.9367614191524,623.8947888955493,48218,21.8,22.2
54045,WV-Logan,3697.0,67.66816337571004,0.5050296348390587,0.49497036516094134,277.68461088991074,5397.511485902083,786.8541903327022,49723,21.8,14.7
54047,WV-McDowell,2344.2,66.49526490913745,0.456285095128402,0.543714904871598,237.26644787134205,3246.7366102124397,730.0571443221569,31559,34.2,6.8
54065,WV-Morgan,2861.6,72.365320100643,0.5292840858261112,0.47071591417388875,215.0545322616718,4629.018726481689,618.8845373217781,72179,11.2,18.0
54073,WV-Pleasants,972.4,70.73138626079803,0.5292048128342245,0.47079518716577534,287.5359967914439,8061.291628794735,686.5487251748252,60932,11.6,14.1
54095,WV-Tyler,1070.8,71.77306686589466,0.5194204519985058,0.4805795480014942,239.633897067613,8254.762801008592,800.1493926596938,63693,20.2,15.9
54101,WV-Webster,1077.6,69.6560876020787,0.4699267260579065,0.5300732739420935,201.74461763177433,7474.201931551595,848.1811416481069,43839,23.3,12.9
56003,WY-Big Horn,2636.8,73.0,0.5182089654126213,0.48179103458737865,193.56796309162618,7863.698414790655,663.7591224590414,62101,12.7,22.8
56011,WY-Crook,1512.6,73.0,0.5179285204284014,0.48207147957159857,159.19609775221474,6305.963258706863,465.2915723125743,79637,6.0,24.5
56015,WY-Goshen,2800.0,73.56792857142857,0.5222851642857143,0.47771483571428575,188.57141707142856,6706.857146657143,574.7857184214286,58929,14.7,23.0
56021,WY-Laramie,16573.8,72.36789390483776,0.5420558870023773,0.4579441129976227,194.02911903848243,3590.872334546091,535.7371424296178,80173,8.9,33.1
12079,FL-Madison,2292.4,72.73015180596755,0.5342940935264352,0.4657059064735648,223.87019057756063,2879.951133039609,683.6503104257547,48485,21.0,13.9
12105,FL-Polk,54268.4,73.37052502008535,0.5468650953409351,0.453134904659065,286.35818602427935,2273.068675310494,609.1390257118322,65978,14.5,23.5
12121,FL-Suwannee,5870.6,73.36786699826253,0.5379831499335672,0.4620168500664327,275.8832028174292,1639.9005176438525,743.7399905699588,56658,15.0,16.6
13019,GA-Berrien,1825.2,71.90116151654613,0.5318750383519614,0.4681445978522901,264.8476974906859,4938.527291014683,747.8632354920009,52876,20.6,15.7
13021,GA-Bibb,12415.2,72.12761775887621,0.5591713286938591,0.4408286713061408,249.03342093401633,2553.273379091758,803.5472670468458,51234,24.7,26.3
13025,GA-Brantley,1761.8,71.13440799182654,0.5131159268929504,0.4868840731070496,273.1297557952094,2737.2005797479846,618.6854177545691,58239,17.1,14.5
13047,GA-Catoosa,7150.0,72.9424055944056,0.5693243776223776,0.4306756223776224,221.7342899216783,2363.0489417622375,572.027972290909,74639,9.9,24.2
13063,GA-Clayton,10108.6,68.68852264408524,0.5370997526858319,0.4629002473141681,246.24578885701283,2492.254113436084,579.3482908375047,59806,17.9,22.5
13075,GA-Cook,1534.0,71.87640156453716,0.5382086179921772,0.4617913820078226,272.0990999217731,5122.8161585136895,554.4980362190352,53651,17.7,17.9
13177,GA-Lee,2559.2,71.56259768677712,0.5283717099093467,0.4716282900906533,219.83431555954985,3372.0694067677396,433.3385519693655,89168,5.7,34.1
13191,GA-McIntosh,1417.6,72.7566309255079,0.5115786681715575,0.48842133182844244,246.04965545993232,2552.2009244920996,496.33183630079003,50273,23.0,20.0
13207,GA-Monroe,2831.0,72.73020134228187,0.5327440056517132,0.46725599434828685,198.16319496997525,2305.6163934581423,605.8636364818085,83183,12.3,27.0
13229,GA-Pierce,2131.0,71.92566870014078,0.5249075551384326,0.4750924448615673,277.6161589957767,3023.463182261849,642.984483538245,60517,13.8,20.2
13317,GA-Wilkes,1138.4,72.9169009135629,0.5242530569219958,0.47574694307800425,208.889677073085,4706.957134469431,648.6296506148981,52043,17.8,16.9
19031,IA-Cedar,2645.8,74.0,0.5427628392168721,0.457237160783128,167.66194825761588,4553.63216760904,442.7394353314687,80602,7.3,23.7
19039,IA-Clarke,1362.6,73.75884338764128,0.5449739615441068,0.4550260384558931,194.92147653016292,6981.799485791868,595.772766314399,71641,9.7,16.0
19047,IA-Crawford,2615.8,73.38030430461045,0.5309065677804113,0.4690934322195886,183.5767222876367,8127.609143566022,477.9417506537197,67027,14.8,17.7
19077,IA-Guthrie,1901.4,74.0,0.5413660145156202,0.4586339854843799,172.5044483328074,6416.535182181551,469.6539455243505,77711,9.9,25.0
19085,IA-Harrison,2461.8,73.0,0.538888341863677,0.46111165813632304,197.01031481842554,6841.579333633927,546.1857160289219,79535,7.1,22.0
19095,IA-Iowa,2500.0,74.0,0.547212792,0.45278720800000005,189.67998388,5876.800010319999,535.120003008,71223,8.9,24.8
19141,IA-O'Brien,2870.2,74.0,0.5480637795275591,0.4519362204724409,181.72948346456693,8570.691934408751,549.9965267577172,68356,13.3,22.0
19179,IA-Wapello,4375.6,72.36456714507725,0.5418141603437243,0.45818583965627574,195.17323015357894,6281.789927182559,612.3960158652528,64766,15.8,19.6
16071,ID-Oneida,975.8,72.37999590079934,0.5078894240623079,0.4921105759376922,192.04755203935233,7463.209693933182,661.6109735396598,74954,10.8,26.7
16083,ID-Twin Falls,8143.6,72.72835109779459,0.5248996856427133,0.4751003143572867,177.85749024755637,8952.453439240631,482.53843419126673,67409,11.5,23.5
17033,IL-Crawford,3540.0,73.1925988700565,0.5360847966101695,0.4639152033898305,236.89263476271188,9231.864406175142,755.6497327175142,71674,12.1,20.6
17163,IL-St. Clair,22229.0,71.76329119618516,0.5464375788384542,0.45356242116154577,278.21317148139815,5286.89550370147,675.3070359350398,73854,13.6,31.8
17175,IL-Stark,839.8,73.98237675637057,0.5243952131459871,0.47560478685401286,211.7170745177423,5180.757319742796,563.9437966420577,62878,11.1,21.4
17195,IL-Whiteside,8870.4,73.13455988455989,0.5379153972763348,0.46208460272366514,207.29618508973667,10446.563856074135,622.7001929518399,67500,12.0,20.5
18071,IN-Jackson,4449.8,72.5494179513686,0.5459858735224055,0.45401412647759454,157.8498109398175,5026.787713928717,593.2850913299475,70262,12.3,20.3
18073,IN-Jasper,4711.6,72.78780032260804,0.5404946048051618,0.45950539519483824,232.74470623567365,5198.021930427031,537.8639768486289,77314,8.4,19.2
18085,IN-Kosciusko,6656.0,72.0,0.5289134615384615,0.4710865384615385,225.24037340444713,5330.078126201923,574.8197206670673,75317,9.8,25.1
18127,IN-Porter,20349.0,72.58911002997691,0.5613550257997936,0.4386449742002064,246.4298051756843,5753.334289593592,621.0526248051501,87972,9.6,31.1
20017,KS-Chase,559.6,74.0,0.510368227305218,0.48963177269478203,167.26234181558254,5124.7319847748395,493.5668356325947,56484,8.4,30.2
20049,KS-Elk,597.6,74.35475234270415,0.5361571954484604,0.4638428045515395,215.52879481258367,5299.866129919679,519.0762917001339,64609,10.4,21.5
20065,KS-Graham,638.2,74.20025070510812,0.5177050767784394,0.4822949232215606,305.23345625195867,12260.106539830773,577.8752841429019,50650,14.8,26.9
20079,KS-Harvey,5240.0,74.0,0.5551261984732825,0.4448738015267175,194.46563659160304,4704.427471435114,532.5954319618321,74368,8.2,30.1
20095,KS-Kingman,1570.6,73.78594167833948,0.5306099070418948,0.46939009295810513,239.14428447726982,6717.432830994524,587.4188108620909,59842,10.3,25.3
20153,KS-Rawlins,652.8,74.59252450980392,0.5116372855392157,0.48836271446078433,263.1740039215686,11096.507369148285,552.6960790441176,67742,6.8,20.0
20165,KS-Rush,786.6,73.40325451309432,0.533446224256293,0.46655377574370704,199.08466887871853,9826.849713043477,490.46531060259343,59970,11.1,21.2
21025,KY-Breathitt,1223.6,66.5913697286695,0.47582126511932,0.52417873488068,308.76102804838183,3692.873488149722,881.8241582543315,34808,33.1,15.3
21061,KY-Edmonson,1453.6,71.09920198128783,0.505077063841497,0.49492293615850297,238.16731170886072,2435.4705341909744,518.5745899009356,54937,15.3,10.7
21173,KY-Montgomery,2465.2,71.46008437449294,0.5457655768294661,0.45423442317053386,234.05810868083725,3945.9678713775756,696.4952007382768,56396,15.4,20.9
21183,KY-Ohio,2620.4,71.08945199206228,0.5082292016486033,0.49177079835139675,235.46026139520686,7533.124704228362,707.6018819493207,57798,12.5,13.9
21207,KY-Russell,2429.8,71.10502922051198,0.5094874063708947,0.49051259362910526,186.76436822783768,5081.241263132768,681.8668193678492,44738,23.1,15.4
21233,KY-Webster,1499.0,70.72488325550367,0.5162126484322882,0.48378735156771185,236.0240247898599,4370.3802453769185,586.1240999599734,59628,13.5,12.8
22033,LA-East Baton Rouge,26266.6,71.73631912771353,0.5546889936268874,0.44531100637311266,226.90410371422263,5274.508332012517,528.1003298165732,63071,19.6,38.5
22081,LA-Red River,954.2,71.5237895619367,0.55751102494236,0.4424889750576399,358.6250239782016,5663.802125382518,753.9299988052818,49167,25.8,14.0
22095,LA-St. John the Baptist,1955.4,68.46967372404623,0.5095777948245883,0.4904222051754117,232.79124454331594,7018.615133415158,816.8149590262861,66630,14.4,18.2
22109,LA-Terrebonne,9663.6,71.33848669232998,0.5246984850366323,0.47530151496336764,233.82592188004466,5268.906020131214,684.1549930729748,64836,16.0,18.7
24019,MD-Dorchester,6815.4,72.36485019221176,0.5551180708395692,0.4448819291604308,175.33821491328462,2150.3066672095547,632.6554441822931,61839,17.1,19.4
23019,ME-Penobscot,17097.8,70.11662319128777,0.5201814572635076,0.4798185427364924,205.46503630057668,7942.694401453988,640.8427123197135,66356,14.1,30.1
26009,MI-Antrim,3505.8,72.55428147641052,0.5152724285469793,0.4847275714530207,180.44382979063266,5085.5724850077,547.5497792401163,72054,9.9,34.3
26073,MI-Isabella,5202.6,69.71960173759274,0.5328446315303886,0.46715536846961137,211.00987267135665,6764.3870429862,753.8538281167109,55237,21.9,31.3
26089,MI-Leelanau,3308.6,73.79858550444297,0.5194376412984344,0.4805623587015656,162.002066692861,4805.174395744423,365.89492795744417,99422,6.5,51.8
26113,MI-Missaukee,1746.6,71.3351654643307,0.5173516775449444,0.48264832245505546,189.51106812092064,5111.530986041452,583.991765189511,66194,11.3,18.8
26123,MI-Newaygo,3531.4,68.51265786940024,0.4905148496347058,0.5094851503652942,198.44819725321403,6002.605205187744,717.4491856544147,63304,12.8,18.1
26161,MI-Washtenaw,28843.4,72.20472621119563,0.5585627380960635,0.4414372619039364,230.60387064631766,8591.442057660332,563.1929690612064,89180,14.2,58.7
26163,MI-Wayne,118070.6,70.5431784034298,0.5661407988102034,0.4338592011897966,313.0279596651495,5049.9497709885445,714.4589920679662,60539,20.8,27.6
27009,MN-Benton,3230.8,67.43964343196731,0.5245376748792869,0.4754623251207132,240.62152128265444,4013.123670818373,717.2217587161075,74410,9.9,26.2
27031,MN-Cook,577.6,72.36876731301939,0.49376790166204987,0.5062320983379501,142.3130235457064,6087.60387534626,484.4182450484765,72638,10.2,46.6
27033,MN-Cottonwood,1658.4,72.60648818137965,0.5310910154365653,0.46890898456343466,195.12783790400385,8242.402327098407,614.2064657260009,72941,15.0,24.1
27045,MN-Fillmore,2692.8,74.0,0.5299252005347593,0.47007479946524067,183.6749815210933,7334.521679233511,536.0219856283422,77512,8.4,24.1
27099,MN-Mower,4395.4,72.0,0.5370909951312737,0.4629090048687264,251.3991830186104,10205.942554315876,865.9507559403013,73074,10.4,23.9
29011,MO-Barton,1649.0,72.56179502728926,0.523335245603396,0.47666475439660405,220.37596978775017,8639.902974954519,662.0982600242571,51635,20.2,17.4
29019,MO-Boone,14435.0,71.36586075510911,0.5494732441981295,0.4505267558018704,201.73190142708694,7742.029775519224,528.6456434305508,72758,16.6,51.5
29045,MO-Clark,1215.2,73.37475312705728,0.5345744075049375,0.4654255924950625,228.2751908657011,3942.3963158327847,546.7413005924951,51781,11.2,14.9
29067,MO-Douglas,852.6,71.87661271405113,0.5012757682383298,0.4987242317616702,221.2057386113066,3379.0757551489564,443.3497446164673,45985,17.5,14.9
29113,MO-Lincoln,4397.8,70.55750602574014,0.5293576470053208,0.47064235299467916,284.2330117558779,6478.466512169721,769.9304311473919,89278,10.2,18.4
29143,MO-New Madrid,2598.4,70.70612684729063,0.5430977678571428,0.45690223214285713,242.9187210437192,6815.809712253695,590.5941992687807,51881,17.7,14.5
29175,MO-Randolph,3238.2,71.96016305354827,0.5437060156877277,0.4562939843122723,241.05982654561177,5425.483288925946,655.2405816873571,53033,13.9,18.4
29195,MO-Saline,2769.2,72.56572295247724,0.5386953055033945,0.4613046944966055,259.85843379315327,7616.712410689007,670.3018871587461,57931,16.4,22.7
29215,MO-Texas,3984.0,72.35406626506024,0.5279477710843373,0.4720522289156626,211.34539970381527,5152.309229769076,589.2068034538153,50036,19.8,16.5
28015,MS-Carroll,1855.4,72.32704538104991,0.5357356149617333,0.46426438503826667,212.46092728252665,5642.01788218174,650.6413827638245,59327,17.9,21.2
28035,MS-Forrest,7625.8,71.7511867607333,0.5519405544336332,0.44805944556636684,267.4342469852343,2554.223839395211,707.7290070235254,53640,21.0,30.6
28067,MS-Jones,8584.0,71.94443150046598,0.5505898415657036,0.4494101584342964,269.01212128844367,4691.9385049580615,680.0093073578751,52216,18.7,20.7
28081,MS-Lee,12649.0,72.12157482804965,0.5634023195509528,0.43659768044904734,230.9273551869713,3872.2112421566926,533.1804830579492,67863,14.6,28.6
28087,MS-Lowndes,8840.8,71.27694326305311,0.5641365102705638,0.4358634897294362,228.48612558139536,4128.811868093385,890.5302451610714,53812,17.3,28.1
28129,MS-Smith,2141.6,72.55976839745985,0.5467937896899514,0.45320621031004854,239.26037483190134,4366.0814472357115,583.4889736552111,60916,17.0,15.6
28149,MS-Warren,5945.6,71.91738428417653,0.5577995862486544,0.4422004137513455,229.27880639464476,2686.659058904064,546.0172334263993,59401,19.5,28.8
37045,NC-Cleveland,10791.8,71.53714857577049,0.537512098074464,0.462487901925536,242.57306417279784,3463.8707370058746,666.0612567634685,58534,16.6,22.0
37053,NC-Currituck,4234.0,71.59338686820973,0.5205926358053851,0.479407364194615,216.0132311809164,3916.5328073452997,573.6419576145489,93511,7.5,30.9
37107,NC-Lenoir,7775.4,70.6790647426499,0.528738825012218,0.471261174987782,256.03829812999976,2714.8699679759243,660.7505700594181,45143,22.0,16.3
37121,NC-Mitchell,2227.6,72.35733524869815,0.5405007811097146,0.4594992188902855,194.91828623630815,2961.9321295385166,449.9012395852038,57602,12.9,24.2
37123,NC-Montgomery,2863.0,72.33209919664688,0.5311898847362906,0.4688101152637094,230.1083140062871,4069.7170962277332,625.6374548655257,57766,15.4,19.2
37181,NC-Vance,4148.4,69.83424934914666,0.534377986693665,0.46543560408832313,238.64623006460323,4431.780936409218,742.4067026034134,50465,19.8,17.2
37191,NC-Wayne,12696.6,71.09599420317251,0.5365140825102783,0.4634859174897216,230.69168529685112,2911.1100494494594,576.8788563032623,59733,17.3,21.7
37195,NC-Wilson,9287.2,72.08540787320183,0.5413816737014384,0.4586183262985615,244.2932193039883,2756.2451432035487,619.7993248858644,56423,19.8,21.7
38003,ND-Barnes,1826.0,73.0,0.5314454874041621,0.46855451259583786,179.29901589266154,5470.536680974808,505.69551060240957,68038,12.1,30.7
38007,ND-Billings,129.2,74.16099071207431,0.46286919504643964,0.5371308049535604,132.70141090047395,3772.445816099071,444.2724496904025,86806,10.8,32.6
38009,ND-Bottineau,1545.4,74.0,0.5206618868901256,0.4793381131098744,170.82955629610458,8408.696758172642,549.113498343471,85000,7.6,30.4
38037,ND-Grant,442.8,74.94850948509485,0.4918948509485095,0.5081051490514905,232.1589980578139,6533.423673893406,565.9439927280939,57875,16.6,20.7
38055,ND-McLean,1755.6,73.37502848029163,0.5058284688995215,0.49417153110047846,181.932064354067,7168.261548541809,471.29184912280704,83583,8.9,26.1
38059,ND-Morton,3527.6,71.56792153305364,0.5348482821181539,0.465151717881846,208.58374586687833,8204.388244789658,499.43303093888204,79382,8.0,28.8
38063,ND-Nelson,751.8,74.81005586592178,0.5134369513168396,0.48656304868316036,176.11068225591913,8119.446650971003,470.8699104283054,67193,7.2,29.4
38075,ND-Renville,484.8,73.79661716171617,0.5115488861386138,0.4884511138613861,188.53135202145214,7171.2046308993395,443.0692910478548,74301,9.1,19.7
38097,ND-Traill,1313.8,74.3848378748668,0.5308616988887197,0.4691383011112803,164.4086152991323,10687.928151758259,385.59903907748514,87004,9.1,30.9
31003,NE-Antelope,1254.4,74.37228954081633,0.5424025829081632,0.4575974170918368,193.2397981345663,8467.633927774235,376.4349575892857,66105,9.2,20.5
31025,NE-Cass,3619.0,73.38325504282952,0.5282598397347333,0.4717401602652666,219.61869887261673,4853.108600541586,470.29565718154186,91836,5.2,32.2
31039,NE-Cuming,1656.0,75.78719806763284,0.5427482850241545,0.45725171497584544,186.11110833333336,9097.222202149756,418.11593743961356,71104,6.7,24.9
31073,NE-Gosper,412.0,74.39708737864078,0.5116653398058253,0.4883346601941747,182.52426150485437,6287.378653398057,409.7087338349515,77500,10.3,27.4
31123,NE-Morrill,1009.2,74.0,0.5217642687277051,0.47823573127229496,198.96946785572732,7829.36981246532,545.9769933016252,58500,13.9,19.4
31159,NE-Seward,2560.6,75.0,0.551445294071702,0.448554705928298,205.81112452550184,6440.677966070453,482.7774816136843,82444,7.4,33.2
34003,NJ-Bergen,100193.0,75.0,0.5745618230814528,0.42543817691854724,213.2923561614085,3757.8453544297504,466.24613059774634,124884,6.8,53.1
34027,NJ-Morris,57694.8,75.0,0.5711901339462135,0.42880986605378646,225.20920238461696,3936.223030012063,446.6641849476903,137326,4.9,57.8
34031,NJ-Passaic,37909.2,74.0,0.5716378620493178,0.4283621379506822,235.16720390512066,3214.5020299061966,499.4829650702205,87522,13.0,30.9
35023,NM-Hidalgo,549.6,72.94213973799127,0.4934336972343523,0.5065663027656476,154.65793569868993,2267.467248944687,459.60695749636096,48882,23.1,18.3
35028,NM-Los Alamos,2832.4,75.0,0.528260365767547,0.4717396342324531,118.20365025420138,5509.603161954527,483.54750478039824,147139,3.5,69.7
36005,NY-Bronx,52655.2,71.74471657120284,0.5673303426822043,0.4326696573177958,306.62878562117317,4482.1328086715075,623.1559294128596,48676,27.8,22.4
36057,NY-Montgomery,4025.0,70.76844720496895,0.5182753888198758,0.4817246111801242,253.86335154285712,8015.453415970186,837.4161579279502,64943,14.6,22.9
36073,NY-Orleans,2656.2,68.3575784955952,0.5112464046382049,0.488753595361795,238.3856403132294,6583.841572953844,711.8439731947894,65969,12.7,17.9
36075,NY-Oswego,10117.4,71.73611797497381,0.524034243975725,0.47596575602427504,239.3104816889715,5092.177841567992,516.0218959554826,69183,16.3,21.6
02016,AK-Aleutians West,146.2,70.9890560875513,0.4459730506155951,0.5540269493844049,124.36112606473594,2552.6675749658,109.4391195622435,135500,11.3,17.9
02050,AK-Bethel,1357.4,71.0,0.4895970237218211,0.5104029762781788,192.86872996905845,4945.1893350817745,63.06174221305437,73996,25.6,12.8
01025,AL-Clarke,2194.8,71.69391288500091,0.5323289411335884,0.4676710588664115,249.86328616730452,3501.6402297339164,724.7129438673227,49249,20.1,15.0
01043,AL-Cullman,8886.6,72.73382395966962,0.5492320437512659,0.45076795624873406,271.5099321787861,3001.3503226880925,580.1769066212049,62656,15.3,19.7
01129,AL-Washington,1893.4,71.2368226470899,0.5174963768881377,0.48250362311186235,260.48376692722087,4172.493935301574,670.5397648568712,61042,17.1,17.0
05003,AR-Ashley,3563.6,72.12335840161634,0.5433870580312044,0.45661294196879565,268.3241826635986,5911.60626367718,679.5936600291841,44266,22.1,12.8
05029,AR-Conway,3080.4,72.36397870406441,0.5421267497727569,0.4578732502272432,215.75120281781585,4219.322175236982,629.65849751331,54187,19.7,19.9
05073,AR-Lafayette,1066.2,71.85443631588821,0.5214703620333896,0.47852963796661036,228.66251885199776,3337.460158000376,544.7383151378729,41278,22.3,9.0
05111,AR-Poinsett,2813.8,71.87049541545241,0.5494578790248064,0.45054212097519364,316.72469665932186,4486.957115438197,651.1479155661383,46707,20.1,11.4
05137,AR-Stone,2736.8,72.56204326220403,0.5306690149079216,0.4693309850920784,222.01111875913475,5037.562103807367,599.8246090762935,40943,19.3,15.8
05139,AR-Union,5956.2,72.56112957926194,0.544138930861959,0.45586106913804103,212.350144692925,2596.2190820355263,572.8484499681006,55259,19.5,19.1
05145,AR-White,10540.8,72.56830601092896,0.5514951066332726,0.44850489336672744,281.1741031496661,7338.380397127353,570.1275102648756,55249,17.5,20.4
04012,AZ-La Paz,3340.4,73.56430367620644,0.49713146928511553,0.5028685307148844,205.06526263920486,4237.456599359359,624.8952423841457,49478,17.5,13.5
06013,CA-Contra Costa,78698.6,72.59389874788116,0.5493701743105975,0.4506298256894024,197.44697743441435,3583.9900412337706,573.6823858127083,127229,8.4,45.2
06015,CA-Del Norte,5951.4,70.80192895789226,0.5232198743152872,0.4767801256847128,170.4472862183688,4932.889742887387,761.7031296736903,67058,12.9,21.4
06027,CA-Inyo,3874.6,73.3940019614928,0.5220626180767046,0.4779373819232953,156.40324175914935,5950.601367888298,635.7817489650545,73991,10.9,31.5
06051,CA-Mono,1824.2,72.3961188466177,0.4798884661769543,0.5201115338230456,150.970281920842,5966.999232277162,532.9459563973248,99415,8.6,32.2
06091,CA-Sierra,771.6,72.57827890098497,0.5375727060653188,0.4624272939346812,201.91809136858475,5199.844485821669,567.1332374546397,63355,4.4,25.8
06103,CA-Tehama,12264.2,71.96528106195268,0.5254960095236543,0.4745039904763458,191.46785717780205,4157.596901832977,648.3912531579721,63784,15.6,19.3
06105,CA-Trinity,3228.8,71.79620911793856,0.4884249318632309,0.5115750681367691,156.7765205091675,3711.3478692145686,563.0574777006938,53002,20.7,22.4
06115,CA-Yuba,9553.2,70.38173596281874,0.5202331281664783,0.47976687183352174,230.03812142109447,2825.7338172696063,647.8666907549303,76373,14.2,17.7
08005,CO-Arapahoe,35550.8,72.38325438527403,0.5463419236697908,0.45365807633020916,206.78580064977442,4373.893143921938,547.2450587502954,101087,8.6,46.5
08011,CO-Bent,701.0,71.85078459343795,0.5104000000000001,0.4896,179.74322687589157,4144.365206134094,650.4992800285306,50179,28.4,15.7
08013,CO-Boulder,25371.0,73.0,0.5378902471325528,0.4621097528674471,157.65242828268495,4376.697801148555,464.40426569863234,103994,11.2,64.2
08035,CO-Douglas,22656.4,73.207800003531,0.5452528539397257,0.45474714606027444,182.8533981170883,4053.4241877014883,464.142595604774,149594,3.8,62.0
08067,CO-La Plata,8235.0,72.5903825136612,0.5110721238615665,0.48892787613843347,124.20157243958712,4818.384950418944,423.0965292531876,86056,11.7,49.3
08071,CO-Las Animas,2332.4,71.17587034813926,0.47864416052135145,0.5213558394786486,156.9199114474361,4481.907032207169,604.870530912365,52074,18.7,19.3
08099,CO-Prowers,2158.4,72.0,0.5156540492957746,0.4843459507042254,197.27574598776874,5760.007415279837,682.6353007876205,53508,18.2,19.3
08101,CO-Pueblo,14923.6,70.1298882307218,0.5143587994853789,0.4856412005146212,209.69472806025357,2900.654001251709,625.9213826301965,64010,14.6,25.6
08121,CO-Washington,873.2,73.36188731103985,0.5022868987631699,0.4977131012368301,173.15620790196976,6789.280822927165,516.4910589326614,67167,8.1,24.9
08125,CO-Yuma,1732.6,73.5999076532379,0.5297067644003232,0.4702932355996768,187.81020685674707,9661.31826284197,554.7731700334757,60545,17.9,25.3
12019,FL-Clay,26412.8,72.7935470680882,0.5349327470014538,0.4650672529985462,246.2745369464805,2668.0851919289134,592.0387194882785,87820,9.2,28.3
12041,FL-Gilchrist,2247.6,72.96609717031501,0.5439538263036128,0.4560461736963872,278.0744004627158,1776.5616807350061,564.0683374532836,63523,11.5,15.3
12051,FL-Hendry,2829.2,71.94853668881663,0.5214623215043122,0.47853767849568785,278.73605438286444,2663.0849635656728,712.851683125972,56393,22.5,12.2
